company,company_country,confidence,buyer,title,status,award_status,contract_status,tender_status,value,value_basis,currency,framework,suppliers_on_award,category,award_date,date_signed,start_date,end_date,end_date_source,max_end_date,last_updated,ocid,award_id,contract_id,notice_url,supplier_name
Axon Enterprise Inc,USA,name,East Of England NHS Collaborative Hub,Framework Agreement for Personal Video Devices & Accessories,Active,active,active,complete,1000000.0,contract,GBP,True,4,goods,,2022-11-01,,2026-10-11,estimated (start + duration),,2023-12-06,ocds-h6vhtk-02f66d,035902-2023-1-1,035902-2023-1-1,https://www.find-tender.service.gov.uk/Notice/035902-2023,Axon Public Saftey UK Ltd
Axon Enterprise Inc,USA,name,The Police and Crime Commissioner for Norfolk,Data Portal,Active,active,active,complete,,,GBP,False,1,,,2026-04-08,2026-04-08,2027-03-31,contract,,2026-04-16,ocds-h6vhtk-068465,1,1,https://www.find-tender.service.gov.uk/api/1.0/ocdsRecordPackages/ocds-h6vhtk-068465,AXON PUBLIC SAFETY UK LIMITED
Axon Enterprise Inc,USA,name,Crown Commercial Service,"Lot 5 - Enforcement, Security and Compliance",Active,active,active,complete,500000000.0,contract,GBP,True,43,services,2025-10-13,2025-10-23,2025-10-23,2027-10-22,contract,2028-10-22,2026-07-22,ocds-h6vhtk-04ec9e,5,5,https://www.find-tender.service.gov.uk/api/1.0/ocdsRecordPackages/ocds-h6vhtk-04ec9e,AXON PUBLIC SAFETY UK LIMITED
Axon Enterprise Inc,USA,name,"Meta Procurement, on behalf of Efficiency East Midlands Limited",Camera Framework,Active,active,active,complete,250000000.0,contract,GBP,True,4,goods,,2024-04-03,,2028-03-13,estimated (start + duration),,2024-04-17,ocds-h6vhtk-03dd18,012506-2024-EEM0078-1,012506-2024-EEM0078-1,https://www.find-tender.service.gov.uk/Notice/012506-2024,Axon Public Safety UK Limited
Axon Enterprise Inc,USA,name,BlueLight Commercial Ltd,Lot 1 -  Body Worn Video,Active,active,active,complete,64000000.0,contract,GBP,True,3,goods,,2025-04-22,,2029-04-01,estimated (start + duration),,2025-05-14,ocds-h6vhtk-04b0e8,021361-2025-BLC0125 Lot 1-1,021361-2025-BLC0125 Lot 1-1,https://www.find-tender.service.gov.uk/Notice/021361-2025,Axon Public Safety UK Ltd
Axon Enterprise Inc,USA,name,BlueLight Commercial Ltd,Lot 2 -  In Vehicle Video,Active,active,active,complete,120000.0,contract,GBP,True,2,goods,,2025-04-22,,2029-04-01,estimated (start + duration),,2025-05-14,ocds-h6vhtk-04b0e8,021361-2025-BLC0125 Lot 2-2,021361-2025-BLC0125 Lot 2-2,https://www.find-tender.service.gov.uk/Notice/021361-2025,Axon Public Safety UK Ltd
Axon Enterprise Inc,USA,name,BlueLight Commercial Ltd,Lot  - Combined solution Body Worn Video In Vehicle Video,Active,active,active,complete,9000000.0,contract,GBP,True,2,goods,,2025-04-22,,2029-04-01,estimated (start + duration),,2025-05-14,ocds-h6vhtk-04b0e8,021361-2025-BLC0125 Lot 3-3,021361-2025-BLC0125 Lot 3-3,https://www.find-tender.service.gov.uk/Notice/021361-2025,Axon Public Safety UK Ltd
Axon Enterprise Inc,USA,name,West Yorkshire Fire and Rescue Service,Body Worn Video Cameras and a Data Management System,Active,active,active,complete,1000000.0,contract,GBP,False,1,goods,,2025-05-08,2025-04-07,2031-04-06,lot,,2025-05-08,ocds-h6vhtk-04ccd0,019567-2025-WYFRS4050-1,019567-2025-WYFRS4050-1,https://www.find-tender.service.gov.uk/Notice/019567-2025,AXON Public Safety UK Ltd
BAE Systems PLC,UK,name,Ministry of Defence,714004450 The Supply of MIDS JTRS BU3 BC1 Declaration of Design Performance (DDP) and Optional MIDS JTRS Integration and Technical Support,Active,active,active,complete,1985500.0,contract,USN,False,1,services,,2026-05-20,,2026-10-17,estimated (start + duration),,2026-05-21,ocds-h6vhtk-059383,047313-2026-714004450-1,047313-2026-714004450-1,https://www.find-tender.service.gov.uk/Notice/047313-2026,Adaptive Communications and Sensing (AC&S) BAE Systems Electronic Systems / Data Link Solutions
BAE Systems PLC,UK,name,UK Research & Innovation (UKRI),NERC - Annual Continued Airworthiness services,Active,active,active,complete,25000.0,contract,GBP,False,1,,,2026-08-18,2026-08-24,2026-12-31,contract,,2026-08-20,ocds-h6vhtk-06e8b1,1,1,https://www.find-tender.service.gov.uk/api/1.0/ocdsRecordPackages/ocds-h6vhtk-06e8b1,BAE Systems (Operations) Ltd
BAE Systems PLC,UK,name,Ministry of Defence,Provision of Annual Flexible Hose Assemblies Surveys and Examinations,Active,active,active,complete,47182.72,contract,GBP,True,1,services,,2023-02-17,,2027-01-27,estimated (start + duration),,2023-02-17,ocds-h6vhtk-0371f8,004852-2023-703764451-1,004852-2023-703764451-1,https://www.find-tender.service.gov.uk/Notice/004852-2023,BAE Systems Surface Ships Limited
BAE Systems PLC,UK,name,HM Revenue & Customs,Stage 3 Pilot - HMRC's Competition to Identify Deliberate Evasion and Help Close the Tax Gap,Active,active,active,complete,279929.0,contract,GBP,False,1,goods,2025-11-21,2026-02-04,2026-02-06,2027-02-05,contract,2031-02-11,2026-02-16,ocds-h6vhtk-055ed0,1,1,https://www.find-tender.service.gov.uk/api/1.0/ocdsRecordPackages/ocds-h6vhtk-055ed0,BAE Systems Applied Intelligence Limited
BAE Systems PLC,UK,name,Ministry of Defence,Provision of Defence Aviation Confliction Awareness Planning Tool,Active,active,active,complete,3162045.0,contract,GBP,False,1,,,2026-03-20,2026-03-20,2027-02-17,contract,,2026-04-02,ocds-h6vhtk-05fa9a,2,2,https://www.find-tender.service.gov.uk/api/1.0/ocdsRecordPackages/ocds-h6vhtk-05fa9a,BAE SYSTEMS (OPERATIONS) LIMITED
BAE Systems PLC,UK,name,Defence Equipment and Support,Post Design Services (PDS) & Repairs for the Mobile Test Facility (MTF) Vehicle,Active,active,active,complete,939592.0,contract,GBP,False,1,,2026-04-21,2026-05-01,2026-05-01,2027-04-30,contract,2028-04-30,2026-06-02,ocds-h6vhtk-05630d,1,1,https://www.find-tender.service.gov.uk/api/1.0/ocdsRecordPackages/ocds-h6vhtk-05630d,BAE Systems (Operations) Limited
BAE Systems PLC,UK,name,DIGITAL CATAPULT,P2025-223 - Digital Twin Design Centre US DoD High Level Architecture Compliant Software,Active,active,active,complete,36925.0,contract,GBP,False,1,services,,2026-05-15,2026-05-15,2027-05-14,contract,,2026-07-17,ocds-h6vhtk-05f459,1,1,https://www.find-tender.service.gov.uk/api/1.0/ocdsRecordPackages/ocds-h6vhtk-05f459,BAE Systems (Operations) Limited
BAE Systems PLC,UK,name,Ministry of Defence,The Repair and Overhaul of Various Fire Suppression Repairable Assets and Associated Items,Active,active,active,,23600000.0,contract,GBP,True,1,services,,2025-06-17,,2027-06-17,estimated (start + duration),,2025-07-29,ocds-h6vhtk-0567bc,043726-2025-IRM20/7500-1,043726-2025-IRM20/7500-1,https://www.find-tender.service.gov.uk/Notice/043726-2025,Rheinmetall BAE Systems Land (RBSL)
BAE Systems PLC,UK,name,Ministry of Defence,IRM16/1297 - Repair of the Challenger 2 Commanders Sighting System,Active,active,active,,10412544.0,contract,GBP,True,1,services,,2024-06-18,,2027-06-18,estimated (start + duration),,2025-02-07,ocds-h6vhtk-04dcbd,004163-2025-IRM16/1297-1,004163-2025-IRM16/1297-1,https://www.find-tender.service.gov.uk/Notice/004163-2025,Rheinmetall BAE Systems Land (RBSL)
BAE Systems PLC,UK,name,Ministry of Defence,Typhoon Civilian Qualified Flying Instructor Support (CQFIs),Active,active,active,complete,2014000.0,contract,GBP,False,1,services,,2024-07-19,,2027-07-04,estimated (start + duration),,2024-07-24,ocds-h6vhtk-040d48,023045-2024-708280450-1,023045-2024-708280450-1,https://www.find-tender.service.gov.uk/Notice/023045-2024,BAE Systems (Operations) Ltd
BAE Systems PLC,UK,name,Crown Commercial Service,Lot 1 - Digital Outcomes,Active,active,active,complete,3240000000.0,contract,GBP,True,1624,services,2026-01-19,2026-01-30,2026-01-30,2027-07-29,contract,2029-01-29,2026-09-09,ocds-h6vhtk-04fb0d,1,1,https://www.find-tender.service.gov.uk/api/1.0/ocdsRecordPackages/ocds-h6vhtk-04fb0d,BAE SYSTEMS APPLIED INTELLIGENCE LIMITED; BAE Systems (Operations) Limited
BAE Systems PLC,UK,name,Crown Commercial Service,Lot 2. Digital Capability and Delivery Partner,Active,active,active,complete,6700000000.0,contract,GBP,True,242,services,2026-01-19,2026-01-30,2026-01-30,2027-07-29,contract,2029-01-29,2026-09-09,ocds-h6vhtk-04fb0d,2,2,https://www.find-tender.service.gov.uk/api/1.0/ocdsRecordPackages/ocds-h6vhtk-04fb0d,BAE SYSTEMS APPLIED INTELLIGENCE LIMITED; BAE Systems (Operations) Limited
BAE Systems PLC,UK,name,Crown Commercial Service,Lot 3. Digital Specialists,Active,active,active,complete,2000000000.0,contract,GBP,True,1272,services,2026-01-19,2026-01-30,2026-01-30,2027-07-29,contract,2029-01-29,2026-09-09,ocds-h6vhtk-04fb0d,3,3,https://www.find-tender.service.gov.uk/api/1.0/ocdsRecordPackages/ocds-h6vhtk-04fb0d,BAE SYSTEMS APPLIED INTELLIGENCE LIMITED; BAE Systems (Operations) Limited
BAE Systems PLC,UK,name,Ministry of Defence,Sonar 2117 In Service Support,Active,active,active,complete,2840139.0,contract,GBP,False,1,goods,,2024-09-23,,2027-09-23,estimated (start + duration),,2024-10-21,ocds-h6vhtk-042b4a,033920-2024-708753450-1,033920-2024-708753450-1,https://www.find-tender.service.gov.uk/Notice/033920-2024,BAE Systems Maritime Naval Ships
BAE Systems PLC,UK,name,Crown Commercial Service,Lot 1 - Transport Professional Services,Active,active,active,complete,350000000.0,contract,GBP,True,86,services,2025-10-13,2025-10-23,2025-10-23,2027-10-22,contract,2028-10-22,2026-07-22,ocds-h6vhtk-04ec9e,1,1,https://www.find-tender.service.gov.uk/api/1.0/ocdsRecordPackages/ocds-h6vhtk-04ec9e,BAE SYSTEMS APPLIED INTELLIGENCE LIMITED
BAE Systems PLC,UK,name,Crown Commercial Service,Lot 2 - Transport Data Services,Active,active,active,complete,400000000.0,contract,GBP,True,106,services,2025-10-13,2025-10-23,2025-10-23,2027-10-22,contract,2028-10-22,2026-07-22,ocds-h6vhtk-04ec9e,2,2,https://www.find-tender.service.gov.uk/api/1.0/ocdsRecordPackages/ocds-h6vhtk-04ec9e,BAE SYSTEMS APPLIED INTELLIGENCE LIMITED
BAE Systems PLC,UK,name,Crown Commercial Service,Lot 1 - Technology and Digital Consultancy Services,Active,active,active,complete,960000000.0,contract,GBP,True,263,services,2025-12-01,2025-12-12,2025-12-12,2028-06-11,contract,2028-12-11,2026-09-09,ocds-h6vhtk-04eac3,1,1,https://www.find-tender.service.gov.uk/api/1.0/ocdsRecordPackages/ocds-h6vhtk-04eac3,BAE Systems Applied Intelligence
BAE Systems PLC,UK,name,Crown Commercial Service,Lot 2. Transition & Service Integration and Management (SIAM),Active,active,active,complete,1600000000.0,contract,GBP,True,172,services,2025-12-01,2025-12-12,2025-12-12,2028-06-11,contract,2028-12-11,2026-09-09,ocds-h6vhtk-04eac3,2,2,https://www.find-tender.service.gov.uk/api/1.0/ocdsRecordPackages/ocds-h6vhtk-04eac3,BAE Systems Applied Intelligence
BAE Systems PLC,UK,name,Crown Commercial Service,Lot 3. End User Services,Active,active,active,complete,1600000000.0,contract,GBP,True,128,services,2025-12-01,2025-12-12,2025-12-12,2028-06-11,contract,2028-12-11,2026-09-09,ocds-h6vhtk-04eac3,3,3,https://www.find-tender.service.gov.uk/api/1.0/ocdsRecordPackages/ocds-h6vhtk-04eac3,BAE Systems Applied Intelligence
BAE Systems PLC,UK,name,Crown Commercial Service,Lot 3a. End User Services (lower value and complexity),Active,active,active,complete,480000000.0,contract,GBP,True,194,services,2025-12-01,2025-12-12,2025-12-12,2028-06-11,contract,2028-12-11,2026-09-09,ocds-h6vhtk-04eac3,4,4,https://www.find-tender.service.gov.uk/api/1.0/ocdsRecordPackages/ocds-h6vhtk-04eac3,BAE Systems Applied Intelligence
BAE Systems PLC,UK,name,Crown Commercial Service,Lot 4. Infrastructure Management,Active,active,active,complete,2080000000.0,contract,GBP,True,123,services,2025-12-01,2025-12-12,2025-12-12,2028-06-11,contract,2028-12-11,2026-09-09,ocds-h6vhtk-04eac3,5,5,https://www.find-tender.service.gov.uk/api/1.0/ocdsRecordPackages/ocds-h6vhtk-04eac3,BAE Systems Applied Intelligence
BAE Systems PLC,UK,name,Crown Commercial Service,Lot 4a. Infrastructure Management (lower value and complexity),Active,active,active,complete,480000000.0,contract,GBP,True,189,services,2025-12-01,2025-12-12,2025-12-12,2028-06-11,contract,2028-12-11,2026-09-09,ocds-h6vhtk-04eac3,6,6,https://www.find-tender.service.gov.uk/api/1.0/ocdsRecordPackages/ocds-h6vhtk-04eac3,BAE Systems Applied Intelligence
BAE Systems PLC,UK,name,Crown Commercial Service,Lot 5. Application and Data Management,Active,active,active,complete,3200000000.0,contract,GBP,True,140,services,2025-12-01,2025-12-12,2025-12-12,2028-06-11,contract,2028-12-11,2026-09-09,ocds-h6vhtk-04eac3,7,7,https://www.find-tender.service.gov.uk/api/1.0/ocdsRecordPackages/ocds-h6vhtk-04eac3,BAE Systems Applied Intelligence
BAE Systems PLC,UK,name,Crown Commercial Service,Lot 5a. Application and Data Management (lower value and complexity),Active,active,active,complete,1600000000.0,contract,GBP,True,220,services,2025-12-01,2025-12-12,2025-12-12,2028-06-11,contract,2028-12-11,2026-09-09,ocds-h6vhtk-04eac3,8,8,https://www.find-tender.service.gov.uk/api/1.0/ocdsRecordPackages/ocds-h6vhtk-04eac3,BAE Systems Applied Intelligence
BAE Systems PLC,UK,name,Crown Commercial Service,Lot 6. Major Technology Services Transformation Programmes,Active,active,active,complete,4000000000.0,contract,GBP,True,76,services,2025-12-01,2025-12-12,2025-12-12,2028-06-11,contract,2028-12-11,2026-09-09,ocds-h6vhtk-04eac3,9,9,https://www.find-tender.service.gov.uk/api/1.0/ocdsRecordPackages/ocds-h6vhtk-04eac3,BAE Systems Applied Intelligence
BAE Systems PLC,UK,name,Ministry of Defence,706125450 - Sting Ray Mid Life Upgrade (SRMLU) Assessment Phase (AP),Active,active,active,,240543614.4,contract,GBP,False,1,goods,,2024-06-28,,2028-06-27,estimated (start + duration),,2024-07-02,ocds-h6vhtk-0478ae,019920-2024-706125450-1,019920-2024-706125450-1,https://www.find-tender.service.gov.uk/Notice/019920-2024,BAE Systems Surface Ships
BAE Systems PLC,UK,name,"Leicestershire County Council, trading as ESPO",Lot 1. Executive and Managerial Interim Recruitment,Active,active,active,complete,291666667.0,contract,GBP,True,151,services,2026-06-02,2026-06-23,2026-07-07,2028-07-06,contract,2030-07-06,2026-07-16,ocds-h6vhtk-0505ab,1,1,https://www.find-tender.service.gov.uk/api/1.0/ocdsRecordPackages/ocds-h6vhtk-0505ab,BAE SYSTEMS STRATEGIC AEROSPACE SERVICES LIMITED (13206216)
BAE Systems PLC,UK,name,"Leicestershire County Council, trading as ESPO",Lot 2. Executive and Managerial Permanent Recruitment,Active,active,active,complete,291666667.0,contract,GBP,True,145,services,2026-06-02,2026-06-23,2026-07-07,2028-07-06,contract,2030-07-06,2026-07-16,ocds-h6vhtk-0505ab,2,2,https://www.find-tender.service.gov.uk/api/1.0/ocdsRecordPackages/ocds-h6vhtk-0505ab,BAE SYSTEMS STRATEGIC AEROSPACE SERVICES LIMITED (13206216)
BAE Systems PLC,UK,name,"Leicestershire County Council, trading as ESPO",Lot 7. HR Business Process Outsourcing,Active,active,active,complete,291666667.0,contract,GBP,True,80,services,2026-06-02,2026-06-23,2026-07-07,2028-07-06,contract,2030-07-06,2026-07-16,ocds-h6vhtk-0505ab,7,7,https://www.find-tender.service.gov.uk/api/1.0/ocdsRecordPackages/ocds-h6vhtk-0505ab,BAE SYSTEMS STRATEGIC AEROSPACE SERVICES LIMITED (13206216)
BAE Systems PLC,UK,name,KBS MARITIME LIMITED,"Professional Services, Compliance & Consultancy",Active,active,active,complete,60000000.0,contract,GBP,True,35,services,,2024-11-10,,2028-10-20,estimated (start + duration),,2024-12-28,ocds-h6vhtk-044566,041575-2024-3,041575-2024-3,https://www.find-tender.service.gov.uk/Notice/041575-2024,BAE SYSTEMS PLC
BAE Systems PLC,UK,name,KBS MARITIME LIMITED,Systems,Active,active,active,complete,87000000.0,contract,GBP,True,22,services,,2024-11-30,,2028-11-09,estimated (start + duration),,2024-12-28,ocds-h6vhtk-044566,041575-2024-4,041575-2024-4,https://www.find-tender.service.gov.uk/Notice/041575-2024,BAE SYSTEMS PLC
BAE Systems PLC,UK,name,Ministry of Defence,ADEWS/097 SPICCCS,Active,active,active,,17619000.0,contract,GBP,False,1,services,,2022-03-07,,2029-03-05,estimated (start + duration),,2022-04-05,ocds-h6vhtk-032a05,009066-2022-1,009066-2022-1,https://www.find-tender.service.gov.uk/Notice/009066-2022,BAE Systems
BAE Systems PLC,UK,name,Ministry of Defence,L118 Light Gun Design Organisation,Active,active,active,,30500000.0,contract,GBP,False,1,services,,2024-03-28,,2029-03-27,estimated (start + duration),,2024-05-16,ocds-h6vhtk-045a1c,015579-2024-706506451-1,015579-2024-706506451-1,https://www.find-tender.service.gov.uk/Notice/015579-2024,BAE Systems GCS International Limited
BAE Systems PLC,UK,name,Defence Equipment and Support,BBMF Lancaster Aircraft PDS,Active,active,active,complete,5000000.0,contract,GBP,False,1,,2026-03-18,2026-08-14,2026-08-14,2029-03-31,contract,2035-12-31,2026-08-27,ocds-h6vhtk-0614fc,1,1,https://www.find-tender.service.gov.uk/api/1.0/ocdsRecordPackages/ocds-h6vhtk-0614fc,BAE Systems (Operations) Ltd
BAE Systems PLC,UK,name,Met Office,Framework for Applied Science Technology Engineering Requirements (FASTER),Active,active,active,complete,9120000.0,contract,GBP,True,31,services,2026-04-01,2026-04-23,2026-04-24,2029-04-23,contract,2034-04-23,2026-05-18,ocds-h6vhtk-050b18,3,3,https://www.find-tender.service.gov.uk/api/1.0/ocdsRecordPackages/ocds-h6vhtk-050b18,BAE Systems Applied Intelligence
BAE Systems PLC,UK,name,Met Office,Framework for Applied Science Technology Engineering Requirements (FASTER),Active,active,active,complete,9120000.0,contract,GBP,True,22,services,2026-04-01,2026-04-23,2026-04-24,2029-04-23,contract,2034-04-23,2026-05-18,ocds-h6vhtk-050b18,4,4,https://www.find-tender.service.gov.uk/api/1.0/ocdsRecordPackages/ocds-h6vhtk-050b18,BAE Systems Applied Intelligence
BAE Systems PLC,UK,name,Met Office,Framework for Applied Science Technology Engineering Requirements (FASTER),Active,active,active,complete,9120000.0,contract,GBP,True,11,services,2026-04-01,2026-04-23,2026-04-24,2029-04-23,contract,2034-04-23,2026-05-18,ocds-h6vhtk-050b18,5,5,https://www.find-tender.service.gov.uk/api/1.0/ocdsRecordPackages/ocds-h6vhtk-050b18,BAE Systems Applied Intelligence
BAE Systems PLC,UK,name,Government Commercial Agency,"Services - Architecture design, system integration, field support, training, and system sustainment activities",Active,active,active,complete,2600000000.0,contract,GBP,True,69,services,2026-06-16,2026-06-26,2026-06-26,2029-06-25,contract,,2026-09-09,ocds-h6vhtk-04ff3b,1,1,https://www.find-tender.service.gov.uk/api/1.0/ocdsRecordPackages/ocds-h6vhtk-04ff3b,BAE Systems (Operations) Limited
BAE Systems PLC,UK,name,Government Commercial Agency,Systems,Active,active,active,complete,4700000000.0,contract,GBP,True,56,services,2026-06-16,2026-06-26,2026-06-26,2029-06-25,contract,,2026-09-09,ocds-h6vhtk-04ff3b,2,2,https://www.find-tender.service.gov.uk/api/1.0/ocdsRecordPackages/ocds-h6vhtk-04ff3b,BAE Systems (Operations) Limited
BAE Systems PLC,UK,name,Government Commercial Agency,Components,Active,active,active,complete,727000000.0,contract,GBP,True,75,services,2026-06-16,2026-06-26,2026-06-26,2029-06-25,contract,,2026-09-09,ocds-h6vhtk-04ff3b,3,3,https://www.find-tender.service.gov.uk/api/1.0/ocdsRecordPackages/ocds-h6vhtk-04ff3b,BAE Systems (Operations) Limited
BAE Systems PLC,UK,name,Ministry of Defence,TTHC/0017 Torpedoes Repair and Maintenance (TRAM),Active,active,active,,405762737.13,contract,GBP,False,1,services,,2026-07-01,,2029-06-30,estimated (start + duration),,2026-07-29,ocds-h6vhtk-06d68e,071742-2026-1,071742-2026-1,https://www.find-tender.service.gov.uk/Notice/071742-2026,BAE Systems Surface Ships Ltd
BAE Systems PLC,UK,name,Ministry of Defence,The Supply of Artillery & Howitzer Components & Armoured Vehicle Weapons Systems Components,Active,active,,complete,4000000.0,award,GBP,True,1,,2026-07-21,,2026-08-11,2030-08-10,award,,2026-08-26,ocds-h6vhtk-0696c1,1,,https://www.find-tender.service.gov.uk/api/1.0/ocdsRecordPackages/ocds-h6vhtk-0696c1,BAE Systems GCS International Limited
BAE Systems PLC,UK,name,Ministry of Defence,The Supply of Artillery & Howitzer Components & Armoured Vehicle Weapons Systems Components,Active,active,active,complete,4000000.0,contract,GBP,True,1,,,2026-08-12,2026-08-12,2030-08-11,contract,,2026-08-26,ocds-h6vhtk-0696c1,2,2,https://www.find-tender.service.gov.uk/api/1.0/ocdsRecordPackages/ocds-h6vhtk-0696c1,BAE Systems GCS International Limited
BAE Systems PLC,UK,name,Met Office,Lot 3. Secure Services,Active,active,active,complete,12000000.0,contract,GBP,True,3,services,2026-07-30,2026-09-14,2026-09-14,2030-09-13,contract,,2026-09-15,ocds-h6vhtk-0522a5,5,5,https://www.find-tender.service.gov.uk/api/1.0/ocdsRecordPackages/ocds-h6vhtk-0522a5,BAE SYSTEMS APPLIED INTELLIGENCE LIMITED
BAE Systems PLC,UK,name,Ministry of Defence,"MSS/109 Lot 1 - Life Jackets, Buoyancy Aids and Flotation Devices - Civilian",Active,active,active,active,40843832.87,contract,GBP,False,1,goods,,2025-01-30,,2032-01-29,estimated (start + duration),,2025-02-25,ocds-h6vhtk-0433d6,007162-2025-710022461-1-1,007162-2025-710022461-1-1,https://www.find-tender.service.gov.uk/Notice/007162-2025,BAE Systems Surface Ships Limited
BAE Systems PLC,UK,name,Ministry of Defence,"705563450 - In Service Support for Combat Management Systems (CMS), Shared Infrastructure (SI) and Networks",Active,active,active,complete,2282202216.0,contract,GBP,False,1,services,,2024-09-24,,2032-09-22,estimated (start + duration),,2024-09-27,ocds-h6vhtk-047255,030895-2024-705563450-1,030895-2024-705563450-1,https://www.find-tender.service.gov.uk/Notice/030895-2024,BAE Systems Surface Ships Ltd
BAE Systems PLC,UK,name,Ministry of Defence,"NJORD Framework - Call-Off Competition 1 ITT - NTD, STX, BUC, BRZ",Active,active,active,complete,95000000.0,contract,GBP,False,1,goods,,2026-02-26,,2033-01-20,estimated (start + duration),,2026-03-24,ocds-h6vhtk-04021a,027034-2026-713488450-1,027034-2026-713488450-1,https://www.find-tender.service.gov.uk/Notice/027034-2026,BAE Systems Surface Ships  Limited
BAE Systems PLC,UK,name,BLUELIGHT COMMERCIAL LIMITED,Lot 1 - Penetration Testing and Vulnerability Management Scanning Services,Active,active,active,complete,38000000.0,contract,GBP,True,8,services,2026-04-28,2026-06-08,2026-06-08,2034-06-07,contract,2033-12-18,2026-09-18,ocds-h6vhtk-0553a6,9,9,https://www.find-tender.service.gov.uk/api/1.0/ocdsRecordPackages/ocds-h6vhtk-0553a6,BAE SYSTEMS APPLIED INTELLIGENCE LIMITED
BAE Systems PLC,UK,name,BLUELIGHT COMMERCIAL LIMITED,Lot 2 - Cyber Security Incident Response and Planning Services,Active,active,active,complete,8000000.0,contract,GBP,True,8,services,2026-04-28,2026-06-08,2026-06-08,2034-06-07,contract,2033-12-18,2026-09-18,ocds-h6vhtk-0553a6,10,10,https://www.find-tender.service.gov.uk/api/1.0/ocdsRecordPackages/ocds-h6vhtk-0553a6,BAE SYSTEMS APPLIED INTELLIGENCE LIMITED
Boeing Co,USA,name,Crown Commercial Service,Lot 1 - Technology and Digital Consultancy Services,Active,active,active,complete,960000000.0,contract,GBP,True,263,services,2025-12-01,2025-12-12,2025-12-12,2028-06-11,contract,2028-12-11,2026-09-09,ocds-h6vhtk-04eac3,1,1,https://www.find-tender.service.gov.uk/api/1.0/ocdsRecordPackages/ocds-h6vhtk-04eac3,Boeing Defence UK
Boeing Co,USA,name,Crown Commercial Service,Lot 2. Transition & Service Integration and Management (SIAM),Active,active,active,complete,1600000000.0,contract,GBP,True,172,services,2025-12-01,2025-12-12,2025-12-12,2028-06-11,contract,2028-12-11,2026-09-09,ocds-h6vhtk-04eac3,2,2,https://www.find-tender.service.gov.uk/api/1.0/ocdsRecordPackages/ocds-h6vhtk-04eac3,Boeing Defence UK
Boeing Co,USA,name,Crown Commercial Service,Lot 3. End User Services,Active,active,active,complete,1600000000.0,contract,GBP,True,128,services,2025-12-01,2025-12-12,2025-12-12,2028-06-11,contract,2028-12-11,2026-09-09,ocds-h6vhtk-04eac3,3,3,https://www.find-tender.service.gov.uk/api/1.0/ocdsRecordPackages/ocds-h6vhtk-04eac3,Boeing Defence UK
Boeing Co,USA,name,Crown Commercial Service,Lot 3a. End User Services (lower value and complexity),Active,active,active,complete,480000000.0,contract,GBP,True,194,services,2025-12-01,2025-12-12,2025-12-12,2028-06-11,contract,2028-12-11,2026-09-09,ocds-h6vhtk-04eac3,4,4,https://www.find-tender.service.gov.uk/api/1.0/ocdsRecordPackages/ocds-h6vhtk-04eac3,Boeing Defence UK
Boeing Co,USA,name,Crown Commercial Service,Lot 4. Infrastructure Management,Active,active,active,complete,2080000000.0,contract,GBP,True,123,services,2025-12-01,2025-12-12,2025-12-12,2028-06-11,contract,2028-12-11,2026-09-09,ocds-h6vhtk-04eac3,5,5,https://www.find-tender.service.gov.uk/api/1.0/ocdsRecordPackages/ocds-h6vhtk-04eac3,Boeing Defence UK
Boeing Co,USA,name,Crown Commercial Service,Lot 4a. Infrastructure Management (lower value and complexity),Active,active,active,complete,480000000.0,contract,GBP,True,189,services,2025-12-01,2025-12-12,2025-12-12,2028-06-11,contract,2028-12-11,2026-09-09,ocds-h6vhtk-04eac3,6,6,https://www.find-tender.service.gov.uk/api/1.0/ocdsRecordPackages/ocds-h6vhtk-04eac3,Boeing Defence UK
Boeing Co,USA,name,Crown Commercial Service,Lot 5. Application and Data Management,Active,active,active,complete,3200000000.0,contract,GBP,True,140,services,2025-12-01,2025-12-12,2025-12-12,2028-06-11,contract,2028-12-11,2026-09-09,ocds-h6vhtk-04eac3,7,7,https://www.find-tender.service.gov.uk/api/1.0/ocdsRecordPackages/ocds-h6vhtk-04eac3,Boeing Defence UK
Boeing Co,USA,name,Crown Commercial Service,Lot 5a. Application and Data Management (lower value and complexity),Active,active,active,complete,1600000000.0,contract,GBP,True,220,services,2025-12-01,2025-12-12,2025-12-12,2028-06-11,contract,2028-12-11,2026-09-09,ocds-h6vhtk-04eac3,8,8,https://www.find-tender.service.gov.uk/api/1.0/ocdsRecordPackages/ocds-h6vhtk-04eac3,Boeing Defence UK
Boeing Co,USA,name,Crown Commercial Service,Lot 6. Major Technology Services Transformation Programmes,Active,active,active,complete,4000000000.0,contract,GBP,True,76,services,2025-12-01,2025-12-12,2025-12-12,2028-06-11,contract,2028-12-11,2026-09-09,ocds-h6vhtk-04eac3,9,9,https://www.find-tender.service.gov.uk/api/1.0/ocdsRecordPackages/ocds-h6vhtk-04eac3,Boeing Defence UK
Boeing Co,USA,name,Defence Equipment and Support,Rotary Wing Enterprise Transition Phase,Active,active,active,complete,890000000.0,contract,GBP,False,1,,2026-03-17,2026-03-28,2026-04-01,2029-03-31,contract,,2026-06-26,ocds-h6vhtk-066ccd,1,1,https://www.find-tender.service.gov.uk/api/1.0/ocdsRecordPackages/ocds-h6vhtk-066ccd,Boeing Defence UK Ltd
Cadre Holdings Inc,USA,name,Ministry of Justice,Framework for the Provision of General Patrol and Firearms Body Armour,Active,active,active,complete,35000000.0,contract,GBP,True,1,goods,,2023-01-20,,2026-12-30,estimated (start + duration),,2026-01-22,ocds-h6vhtk-03503c,007675-2023-3-3,007675-2023-3-3,https://www.find-tender.service.gov.uk/Notice/007675-2023,Safariland UK Ltd
Cadre Holdings Inc,USA,name,Ministry of Justice,Framework for the Provision of General Patrol and Firearms Body Armour,Active,active,active,complete,9000000.0,contract,GBP,True,1,goods,,2023-01-20,,2026-12-30,estimated (start + duration),,2026-01-22,ocds-h6vhtk-03503c,007675-2023-1-4,007675-2023-1-4,https://www.find-tender.service.gov.uk/Notice/007675-2023,Safariland UK Ltd
Cadre Holdings Inc,USA,name,West Yorkshire Combined Authority,Body armour for armed response officers,Active,active,active,complete,900000.0,contract,GBP,True,1,goods,,2023-12-01,,2027-11-10,estimated (start + duration),,2023-12-22,ocds-h6vhtk-03d6ca,037887-2023-1-1,037887-2023-1-1,https://www.find-tender.service.gov.uk/Notice/037887-2023,Safariland Uk Ltd
Cadre Holdings Inc,USA,name,Ministry of Defence,Provision of Body Armour for the Ministry of Defence Police Force,Active,active,active,complete,1702045.94,contract,GBP,False,2,,2026-02-24,2026-03-10,2026-03-10,2029-03-31,contract,,2026-03-17,ocds-h6vhtk-061300,1,1,https://www.find-tender.service.gov.uk/api/1.0/ocdsRecordPackages/ocds-h6vhtk-061300,SAFARILAND UK LTD; Safariland UK LTD
Cadre Holdings Inc,USA,name,Ministry of Justice,Supply of Protective Body Armour,Active,active,active,complete,3682770.0,contract,GBP,True,1,goods,,2026-01-08,,2029-12-18,estimated (start + duration),,2026-01-22,ocds-h6vhtk-03503c,005564-2026-1,005564-2026-1,https://www.find-tender.service.gov.uk/Notice/005564-2026,SAFARILAND UK LTD
Caterpillar Inc,USA,name,Ministry of Defence,The Repair of Land Rover Engines and Associated Assemblies,Active,active,active,,43200000.0,contract,GBP,False,1,services,,2025-09-02,,2028-09-01,estimated (start + duration),,2025-12-23,ocds-h6vhtk-05fc20,085648-2025-IRM25/7721-1,085648-2025-IRM25/7721-1,https://www.find-tender.service.gov.uk/Notice/085648-2025,Caterpillar Shrewsbury Limited
Caterpillar Inc,USA,name,Ministry of Defence,HAAIP Main Engine Radiators,Active,active,active,active,400091550.36,contract,GBP,False,1,goods,,2022-05-13,,2030-09-28,estimated (start + duration),,2022-05-17,ocds-h6vhtk-02b9ba,012772-2022-701551515-1,012772-2022-701551515-1,https://www.find-tender.service.gov.uk/Notice/012772-2022,Caterpillar Shrewsbury limited
Cellebrite DI Ltd,Israel,name,The Mayor and Commonalty and Citizens of the City of London,DFU Cellebrite 2025 Renewal,Active,active,active,complete,79327.4,contract,GBP,False,1,,,2025-06-27,2025-06-30,2026-10-26,contract,,2025-06-27,ocds-h6vhtk-05550e,1,1,https://www.find-tender.service.gov.uk/api/1.0/ocdsRecordPackages/ocds-h6vhtk-05550e,Cellebrite
Cellebrite DI Ltd,Israel,name,Serious Fraud Office,SFO-DFU-Cellebrite-CS,Active,active,active,complete,77302.82,contract,GBP,False,1,,2026-03-13,2026-03-23,2026-03-25,2027-03-24,contract,,2026-04-08,ocds-h6vhtk-066059,1,1,https://www.find-tender.service.gov.uk/api/1.0/ocdsRecordPackages/ocds-h6vhtk-066059,CELLEBRITE UK LIMITED
Cellebrite DI Ltd,Israel,name,"The Police, Fire and Crime Commissioner for Northamptonshire",The Provision of Extraction Licences 2026,Active,active,active,complete,30165.0,contract,GBP,False,1,,,2026-05-13,2026-05-13,2027-05-12,contract,,2026-05-14,ocds-h6vhtk-06989f,1,1,https://www.find-tender.service.gov.uk/api/1.0/ocdsRecordPackages/ocds-h6vhtk-06989f,Cellebrite UK Limited
Cellebrite DI Ltd,Israel,name,Police and Crime Commissioner for North Wales Police & North Wales Police,Digital Intelligence Solution,Active,active,active,complete,,,GBP,False,1,,,2026-04-15,2026-04-22,2027-10-02,contract,,2026-04-15,ocds-h6vhtk-059ebc,2,2,https://www.find-tender.service.gov.uk/api/1.0/ocdsRecordPackages/ocds-h6vhtk-059ebc,Cellebrite UK Limited
Cemex SAB de CV,Mexico,name,Derbyshire County Council,Lot 1 – Area 1 (North West),Active,active,active,complete,2000000.0,contract,GBP,True,1,goods,,2025-02-04,,2029-01-14,estimated (start + duration),,2025-02-11,ocds-h6vhtk-04bd2d,004465-2025-PLACE626H-4,004465-2025-PLACE626H-4,https://www.find-tender.service.gov.uk/Notice/004465-2025,CEMEX UK Operations Ltd
Cemex SAB de CV,Mexico,name,Derbyshire County Council,Lot 2 – Area 2 (North),Active,active,active,complete,2000000.0,contract,GBP,True,1,goods,,2025-02-04,,2029-01-14,estimated (start + duration),,2025-02-11,ocds-h6vhtk-04bd2d,004465-2025-PLACE626H-12,004465-2025-PLACE626H-12,https://www.find-tender.service.gov.uk/Notice/004465-2025,CEMEX UK Operations Ltd
Cemex SAB de CV,Mexico,name,Derbyshire County Council,Lot 3 – Area 3 (East),Active,active,active,complete,2000000.0,contract,GBP,True,1,goods,,2025-02-04,,2029-01-14,estimated (start + duration),,2025-02-11,ocds-h6vhtk-04bd2d,004465-2025-PLACE626H-20,004465-2025-PLACE626H-20,https://www.find-tender.service.gov.uk/Notice/004465-2025,CEMEX UK Operations Ltd
Cemex SAB de CV,Mexico,name,Derbyshire County Council,Lot 4 – Area 4 (West),Active,active,active,complete,2000000.0,contract,GBP,True,1,goods,,2025-02-04,,2029-01-14,estimated (start + duration),,2025-02-11,ocds-h6vhtk-04bd2d,004465-2025-PLACE626H-28,004465-2025-PLACE626H-28,https://www.find-tender.service.gov.uk/Notice/004465-2025,CEMEX UK Operations Ltd
Cemex SAB de CV,Mexico,name,Derbyshire County Council,Lot 5 – Area 5 (South East),Active,active,active,complete,2000000.0,contract,GBP,True,1,goods,,2025-02-04,,2029-01-14,estimated (start + duration),,2025-02-11,ocds-h6vhtk-04bd2d,004465-2025-PLACE626H-36,004465-2025-PLACE626H-36,https://www.find-tender.service.gov.uk/Notice/004465-2025,CEMEX UK Operations Ltd
Cemex SAB de CV,Mexico,name,Derbyshire County Council,Lot 6 – Area 6 (South),Active,active,active,complete,2000000.0,contract,GBP,True,1,goods,,2025-02-04,,2029-01-14,estimated (start + duration),,2025-02-11,ocds-h6vhtk-04bd2d,004465-2025-PLACE626H-44,004465-2025-PLACE626H-44,https://www.find-tender.service.gov.uk/Notice/004465-2025,CEMEX UK Operations Ltd
Cemex SAB de CV,Mexico,name,Derbyshire County Council,Lot 7 – Ex-Works,Active,active,active,complete,2000000.0,contract,GBP,True,1,goods,,2025-02-04,,2029-01-14,estimated (start + duration),,2025-02-11,ocds-h6vhtk-04bd2d,004465-2025-PLACE626H-51,004465-2025-PLACE626H-51,https://www.find-tender.service.gov.uk/Notice/004465-2025,CEMEX UK Operations Ltd
Cemex SAB de CV,Mexico,name,Nottingham City Council,CPU 8051 Construction Materials (Aggregates & Asphalts) Lot 1 Aggregates,Active,active,active,complete,750000.0,contract,GBP,True,3,goods,2026-02-20,2026-07-16,2026-08-03,2030-08-02,contract,,2026-09-14,ocds-h6vhtk-05e7a5,1,1,https://www.find-tender.service.gov.uk/api/1.0/ocdsRecordPackages/ocds-h6vhtk-05e7a5,CEMEX UK OPERATIONS LIMITED
Cemex SAB de CV,Mexico,name,Nottingham City Council,. CPU 8051 Construction Materials (Aggregates & Asphalts) Lot 2 - Asphalts,Active,active,active,complete,1250000.0,contract,GBP,True,3,goods,2026-02-20,2026-07-16,2026-08-03,2030-08-02,contract,,2026-09-14,ocds-h6vhtk-05e7a5,2,2,https://www.find-tender.service.gov.uk/api/1.0/ocdsRecordPackages/ocds-h6vhtk-05e7a5,CEMEX UK OPERATIONS LIMITED
Cemex SAB de CV,Mexico,name,East Riding of Yorkshire Council,Call Off #1 March 2022 - Supply of Highways Materials,Active,active,active,complete,4388000.0,contract,GBP,True,1,goods,,2022-03-01,2022-02-01,2032-01-31,lot,,2026-09-11,ocds-h6vhtk-02f40f,009438-2022-2-2,009438-2022-2-2,https://www.find-tender.service.gov.uk/Notice/009438-2022,Cemex UK Operations Ltd
Elbit Systems Ltd,Israel,name,Ministry of Defence,The Procurement of Ground Based Surveillance Radar,Active,active,active,complete,25000000.0,tender,GBP,False,1,goods,,2023-04-03,,2027-03-13,estimated (start + duration),,2023-05-22,ocds-h6vhtk-029917,014463-2023-701547527-1,014463-2023-701547527-1,https://www.find-tender.service.gov.uk/Notice/014463-2023,Elbit Systems UK
Elbit Systems Ltd,Israel,name,Ministry of Defence,Interim Combined Arms Virtual Simulation (Deployable),Active,active,active,,344452536.0,contract,GBP,False,1,services,,2021-10-11,,2027-10-10,estimated (start + duration),,2021-10-22,ocds-h6vhtk-02ef4d,026592-2021-TSSP/129-1,026592-2021-TSSP/129-1,https://www.find-tender.service.gov.uk/Notice/026592-2021,Elbit Systems UK Ltd
Elbit Systems Ltd,Israel,name,Government Commercial Agency,"Services - Architecture design, system integration, field support, training, and system sustainment activities",Active,active,active,complete,2600000000.0,contract,GBP,True,69,services,2026-06-16,2026-06-26,2026-06-26,2029-06-25,contract,,2026-09-09,ocds-h6vhtk-04ff3b,1,1,https://www.find-tender.service.gov.uk/api/1.0/ocdsRecordPackages/ocds-h6vhtk-04ff3b,Elbit Systems UK Limited
Elbit Systems Ltd,Israel,name,Government Commercial Agency,Systems,Active,active,active,complete,4700000000.0,contract,GBP,True,56,services,2026-06-16,2026-06-26,2026-06-26,2029-06-25,contract,,2026-09-09,ocds-h6vhtk-04ff3b,2,2,https://www.find-tender.service.gov.uk/api/1.0/ocdsRecordPackages/ocds-h6vhtk-04ff3b,Elbit Systems UK Limited
Elbit Systems Ltd,Israel,name,Government Commercial Agency,Components,Active,active,active,complete,727000000.0,contract,GBP,True,75,services,2026-06-16,2026-06-26,2026-06-26,2029-06-25,contract,,2026-09-09,ocds-h6vhtk-04ff3b,3,3,https://www.find-tender.service.gov.uk/api/1.0/ocdsRecordPackages/ocds-h6vhtk-04ff3b,Elbit Systems UK Limited
Elbit Systems Ltd,Israel,name,Ministry of Defence,PROCUREMENT OF ELECTRO-MAGNETIC COUNTER SMALL UNCREWED AIR SYSTEMS DEFEAT AND/OR DETECT (EMDAD) (AND ASSOCIATED SYSTEMS),Active,active,active,,7.0,contract,GBP,True,1,goods,,2024-11-08,,2031-11-07,estimated (start + duration),,2024-12-13,ocds-h6vhtk-04c804,040299-2024-711279452-5,040299-2024-711279452-5,https://www.find-tender.service.gov.uk/Notice/040299-2024,Elbit Systems UK Ltd
Elbit Systems Ltd,Israel,name,Ministry of Defence,Night Vision Devices Framework Agreement,Active,active,active,complete,1.0,contract,GBP,True,1,goods,,2025-04-29,,2032-03-23,estimated (start + duration),,2025-06-05,ocds-h6vhtk-0499a1,030150-2025-707783450-7,030150-2025-707783450-7,https://www.find-tender.service.gov.uk/Notice/030150-2025,Instro Precision Ltd
General Dynamics Corp,USA,name,Defence Equipment and Support,Connectivity Assurance Testing for the Ajax Programme,Active,active,active,complete,1853861.0,contract,GBP,False,1,,,2026-03-31,2026-04-01,2028-03-31,contract,2029-03-31,2026-05-06,ocds-h6vhtk-05d8df,2,2,https://www.find-tender.service.gov.uk/api/1.0/ocdsRecordPackages/ocds-h6vhtk-05d8df,General Dynamics UK Limited
General Dynamics Corp,USA,name,Defence Equipment and Support,DGM/1909 - Framework Agreement for the Repeat Procurement of Small & Medium Calibre Ammunition,Active,active,active,complete,98000000.0,contract,GBP,False,1,,2026-03-20,2026-03-31,2026-04-15,2028-03-31,contract,,2026-03-31,ocds-h6vhtk-066ba5,1,1,https://www.find-tender.service.gov.uk/api/1.0/ocdsRecordPackages/ocds-h6vhtk-066ba5,General Dynamics OTS Canada Inc.
General Dynamics Corp,USA,name,Babcock Land Defence Ltd,IRM21/7568 - THE SUPPLY OF LIGHT & HEAVY PROTECTED MOBILITY VEHICLE SPARES,Active,active,active,,310800000.0,contract,GBP,True,1,goods,,2022-01-19,,2029-01-17,estimated (start + duration),,2022-03-24,ocds-h6vhtk-0325e6,008012-2022-IRM21/7568A-1,008012-2022-IRM21/7568A-1,https://www.find-tender.service.gov.uk/Notice/008012-2022,General Dynamics Land Systems United Kingdom
General Dynamics Corp,USA,name,Babcock Land Defence Ltd,IRM19/7235 - THE SUPPLY OF LIGHT & HEAVY PROTECTED MOBILITY VEHICLE SPARES,Active,active,active,,379400000.0,contract,GBP,True,1,goods,,2022-01-19,,2029-01-17,estimated (start + duration),,2022-03-24,ocds-h6vhtk-0325c7,007981-2022-IRM19/7235E*-5,007981-2022-IRM19/7235E*-5,https://www.find-tender.service.gov.uk/Notice/007981-2022,General Dynamics Land Systems United Kingdom
General Dynamics Corp,USA,name,Government Commercial Agency,"Services - Architecture design, system integration, field support, training, and system sustainment activities",Active,active,active,complete,2600000000.0,contract,GBP,True,69,services,2026-06-16,2026-06-26,2026-06-26,2029-06-25,contract,,2026-09-09,ocds-h6vhtk-04ff3b,1,1,https://www.find-tender.service.gov.uk/api/1.0/ocdsRecordPackages/ocds-h6vhtk-04ff3b,General Dynamics United Kingdom Limited
General Dynamics Corp,USA,name,Government Commercial Agency,Systems,Active,active,active,complete,4700000000.0,contract,GBP,True,56,services,2026-06-16,2026-06-26,2026-06-26,2029-06-25,contract,,2026-09-09,ocds-h6vhtk-04ff3b,2,2,https://www.find-tender.service.gov.uk/api/1.0/ocdsRecordPackages/ocds-h6vhtk-04ff3b,General Dynamics United Kingdom Limited
General Dynamics Corp,USA,name,Government Commercial Agency,Components,Active,active,active,complete,727000000.0,contract,GBP,True,75,services,2026-06-16,2026-06-26,2026-06-26,2029-06-25,contract,,2026-09-09,ocds-h6vhtk-04ff3b,3,3,https://www.find-tender.service.gov.uk/api/1.0/ocdsRecordPackages/ocds-h6vhtk-04ff3b,General Dynamics United Kingdom Limited
General Dynamics Corp,USA,name,Ministry of Defence,DGM/2022 - Supply of Marker Round Training System Compatible Blank Ammunition,Active,active,active,complete,17500000.0,contract,CAD,False,1,goods,,2024-09-09,,2031-09-08,estimated (start + duration),,2024-10-21,ocds-h6vhtk-03b7ad,033909-2024-DGM/2022-1,033909-2024-DGM/2022-1,https://www.find-tender.service.gov.uk/Notice/033909-2024,GENERAL DYNAMICS ORDNANCE AND TACTICAL SYSTEMS - CANADA INC
Heidelberg Materials AG,Germany,name,Caerphilly County Borough Council,"Lot 10 – Surfacing projects up to the value of 10,000,000.00GBP per contract in the South East Wales Region",Active,active,active,complete,7000000.0,contract,GBP,True,5,works,,2023-01-04,,2026-12-14,estimated (start + duration),,2025-12-01,ocds-h6vhtk-029434,018304-2023-10,018304-2023-10,https://www.find-tender.service.gov.uk/Notice/018304-2023,Hanson Quarry Products Europe Ltd
Heidelberg Materials AG,Germany,name,Westmorland and Furness Council,Core Surfacing in Westmorland and Furness for 2024-2027 (with the option of 3 X 1 year extensions),Active,active,active,complete,60000000.0,contract,GBP,False,1,works,,2024-04-05,,2027-03-21,estimated (start + duration),,2024-08-08,ocds-h6vhtk-041e34,024957-2024-1,024957-2024-1,https://www.find-tender.service.gov.uk/Notice/024957-2024,Hanson Quarry Products Europe Ltd T/A Hanson Contracting
Heidelberg Materials AG,Germany,name,Cyngor Gwynedd Council,Lot 9 - Special Projects,Active,active,active,complete,1.0,contract,GBP,True,4,works,,2025-04-16,,2027-04-06,estimated (start + duration),,2025-04-22,ocds-h6vhtk-048317,016164-2025-1,016164-2025-1,https://www.find-tender.service.gov.uk/Notice/016164-2025,Hanson Quarry Products Europe Ltd
Heidelberg Materials AG,Germany,name,Cyngor Gwynedd Council,Lot 4c -  Flintshire Trunk Dual,Active,active,active,complete,1.0,contract,GBP,True,3,works,,2025-04-16,,2027-04-06,estimated (start + duration),,2025-04-22,ocds-h6vhtk-048317,016164-2025-3,016164-2025-3,https://www.find-tender.service.gov.uk/Notice/016164-2025,Hanson Quarry Products Europe Ltd
Heidelberg Materials AG,Germany,name,Cyngor Gwynedd Council,Lot 5b -  Gwynedd Trunk Single,Active,active,active,complete,1.0,contract,GBP,True,3,works,,2025-04-16,,2027-04-06,estimated (start + duration),,2025-04-22,ocds-h6vhtk-048317,016164-2025-5,016164-2025-5,https://www.find-tender.service.gov.uk/Notice/016164-2025,Hanson Quarry Products Europe Ltd
Heidelberg Materials AG,Germany,name,Cyngor Gwynedd Council,Lot 5c -  Gwynedd Trunk Dual,Active,active,active,complete,1.0,contract,GBP,True,3,works,,2025-04-16,,2027-04-06,estimated (start + duration),,2025-04-22,ocds-h6vhtk-048317,016164-2025-6,016164-2025-6,https://www.find-tender.service.gov.uk/Notice/016164-2025,Hanson Quarry Products Europe Ltd
Heidelberg Materials AG,Germany,name,Cyngor Gwynedd Council,Lot 7b -  Wrexham Trunk Single,Active,active,active,complete,1.0,contract,GBP,True,3,works,,2025-04-16,,2027-04-06,estimated (start + duration),,2025-04-22,ocds-h6vhtk-048317,016164-2025-10,016164-2025-10,https://www.find-tender.service.gov.uk/Notice/016164-2025,Hanson Quarry Products Europe Ltd
Heidelberg Materials AG,Germany,name,Cyngor Gwynedd Council,Lot 7c -  Wrexham Trunk Dual,Active,active,active,complete,1.0,contract,GBP,True,3,works,,2025-04-16,,2027-04-06,estimated (start + duration),,2025-04-22,ocds-h6vhtk-048317,016164-2025-11,016164-2025-11,https://www.find-tender.service.gov.uk/Notice/016164-2025,Hanson Quarry Products Europe Ltd
Heidelberg Materials AG,Germany,name,Cyngor Gwynedd Council,Lot 1b - Ceredigion Trunk Single,Active,active,active,complete,1.0,contract,GBP,True,3,works,,2025-04-16,,2027-04-06,estimated (start + duration),,2025-04-22,ocds-h6vhtk-048317,016164-2025-12,016164-2025-12,https://www.find-tender.service.gov.uk/Notice/016164-2025,Hanson Quarry Products Europe Ltd
Heidelberg Materials AG,Germany,name,Cyngor Gwynedd Council,Lot 2b -  Conwy Trunk Single,Active,active,active,complete,1.0,contract,GBP,True,3,works,,2025-04-16,,2027-04-06,estimated (start + duration),,2025-04-22,ocds-h6vhtk-048317,016164-2025-15,016164-2025-15,https://www.find-tender.service.gov.uk/Notice/016164-2025,Hanson Quarry Products Europe Ltd
Heidelberg Materials AG,Germany,name,Cyngor Gwynedd Council,Lot 2c -  Conwy Trunk Dual,Active,active,active,complete,1.0,contract,GBP,True,3,works,,2025-04-16,,2027-04-06,estimated (start + duration),,2025-04-22,ocds-h6vhtk-048317,016164-2025-16,016164-2025-16,https://www.find-tender.service.gov.uk/Notice/016164-2025,Hanson Quarry Products Europe Ltd
Heidelberg Materials AG,Germany,name,Cyngor Gwynedd Council,Lot 3b -  Denbighshire Trunk Single,Active,active,active,complete,1.0,contract,GBP,True,3,works,,2025-04-16,,2027-04-06,estimated (start + duration),,2025-04-22,ocds-h6vhtk-048317,016164-2025-18,016164-2025-18,https://www.find-tender.service.gov.uk/Notice/016164-2025,Hanson Quarry Products Europe Ltd
Heidelberg Materials AG,Germany,name,Cyngor Gwynedd Council,Lot 3c -  Denbighshire Trunk Dual,Active,active,active,complete,1.0,contract,GBP,True,3,works,,2025-04-16,,2027-04-06,estimated (start + duration),,2025-04-22,ocds-h6vhtk-048317,016164-2025-19,016164-2025-19,https://www.find-tender.service.gov.uk/Notice/016164-2025,Hanson Quarry Products Europe Ltd
Heidelberg Materials AG,Germany,name,Cyngor Gwynedd Council,Lot 4b -  Flintshire Trunk Single,Active,active,active,complete,1.0,contract,GBP,True,3,works,,2025-04-16,,2027-04-06,estimated (start + duration),,2025-04-22,ocds-h6vhtk-048317,016164-2025-21,016164-2025-21,https://www.find-tender.service.gov.uk/Notice/016164-2025,Hanson Quarry Products Europe Ltd
Heidelberg Materials AG,Germany,name,City & County of Swansea,Framework Agreement for Carriageway Resurfacing Contract,Active,active,active,complete,18000000.0,contract,GBP,True,2,works,,2022-10-05,,2027-04-12,estimated (start + duration),,2026-03-24,ocds-h6vhtk-037fad,026591-2026-CCS/21/483-1,026591-2026-CCS/21/483-1,https://www.find-tender.service.gov.uk/Notice/026591-2026,Hanson Quarry Products Europe Ltd; Hanson Quarry Products Europe Ltd T/A Hanson Contracting
Heidelberg Materials AG,Germany,name,Somerset Council,Highways New Assets Framework Agreement 2024,Active,active,active,complete,50000000.0,contract,GBP,True,1,works,,2023-11-28,,2027-11-07,estimated (start + duration),,2024-01-22,ocds-h6vhtk-030ef3,035457-2023-1,035457-2023-1,https://www.find-tender.service.gov.uk/Notice/035457-2023,Hanson Quarry Products  Europe Ltd T/A Hanson  Contracting
Heidelberg Materials AG,Germany,name,National Highways,Pavement Delivery Framework - Lot 2 - Central Super Region,Active,active,active,complete,129000000.0,contract,GBP,False,1,works,,2022-12-12,,2027-11-16,estimated (start + duration),,2023-01-06,ocds-h6vhtk-02fac0,000365-2023-5,000365-2023-5,https://www.find-tender.service.gov.uk/Notice/000365-2023,Hanson Quarry Products Europe Limited T/A Hanson Contracting
Heidelberg Materials AG,Germany,name,National Highways,Pavement Delivery Framework - Lot 3 - South Super Region,Active,active,active,complete,91800000.0,contract,GBP,False,1,works,,2022-12-12,,2027-11-16,estimated (start + duration),,2023-01-06,ocds-h6vhtk-02fac0,000365-2023-8,000365-2023-8,https://www.find-tender.service.gov.uk/Notice/000365-2023,Hanson Quarry Products Europe Limited T/A Hanson Contracting
Heidelberg Materials AG,Germany,name,The North Yorkshire Council,Lot 1 - Planing & Surfacing (£0 - £500k),Active,active,active,complete,300000000.0,tender,GBP,True,1,works,,2024-03-31,,2028-03-10,estimated (start + duration),,2024-04-22,ocds-h6vhtk-042257,012961-2024-5-5,012961-2024-5-5,https://www.find-tender.service.gov.uk/Notice/012961-2024,Hanson Quarry Products Europe Ltd
Heidelberg Materials AG,Germany,name,The North Yorkshire Council,Lot 2 - Planing & Surfacing (£500 - £2m),Active,active,active,complete,300000000.0,tender,GBP,True,1,works,,2024-03-31,,2028-03-10,estimated (start + duration),,2024-04-22,ocds-h6vhtk-042257,012961-2024-15-15,012961-2024-15-15,https://www.find-tender.service.gov.uk/Notice/012961-2024,Hanson Quarry Products Europe Ltd
Heidelberg Materials AG,Germany,name,The North Yorkshire Council,Lot 3 - Planing and Surfacing (£2m - £6m),Active,active,active,complete,300000000.0,tender,GBP,True,1,works,,2024-03-31,,2028-03-10,estimated (start + duration),,2024-04-22,ocds-h6vhtk-042257,012961-2024-24-24,012961-2024-24-24,https://www.find-tender.service.gov.uk/Notice/012961-2024,Hanson Quarry Products Europe Ltd
Heidelberg Materials AG,Germany,name,The North Yorkshire Council,Lot 4 - Recycling,Active,active,active,complete,300000000.0,tender,GBP,True,1,works,,2024-03-31,,2028-03-10,estimated (start + duration),,2024-04-22,ocds-h6vhtk-042257,012961-2024-33-33,012961-2024-33-33,https://www.find-tender.service.gov.uk/Notice/012961-2024,Hanson Quarry Products Europe Ltd
Heidelberg Materials AG,Germany,name,Bedford Borough Council,Carriageway Resurfacing and Associated Works 2025-2030,Active,active,active,complete,30000000.0,contract,GBP,False,1,works,,2025-05-28,,2028-05-12,estimated (start + duration),,2025-05-28,ocds-h6vhtk-04b6db,028224-2025-1-1,028224-2025-1-1,https://www.find-tender.service.gov.uk/Notice/028224-2025,Hanson Quarry Products Europe Ltd
Heidelberg Materials AG,Germany,name,Nottingham City Council,CPU 5940 Highways Planned Carriageway Maintenance Framework,Active,active,active,complete,15000000.0,lot,GBP,True,1,works,,2024-12-30,,2028-12-09,estimated (start + duration),,2024-12-30,ocds-h6vhtk-0305fb,041597-2024-3,041597-2024-3,https://www.find-tender.service.gov.uk/Notice/041597-2024,Heidelberg Materials UK t/a Hanson Quarry Products Europe Ltd
Heidelberg Materials AG,Germany,name,Lincolnshire County Council,Lot 3. Major Highway Resurfacing Works (PRN) £0-6m,Active,active,active,complete,,,GBP,True,5,,2025-12-04,2026-05-28,2026-05-28,2030-01-11,contract,,2026-05-29,ocds-h6vhtk-055417,3,3,https://www.find-tender.service.gov.uk/api/1.0/ocdsRecordPackages/ocds-h6vhtk-055417,HANSON QUARRY PRODUCTS EUROPE LIMITED
Heidelberg Materials AG,Germany,name,East Riding of Yorkshire Council,"Concrete, Dry Stone & Surface Dressing Chippings",Active,active,active,complete,7900000.0,contract,GBP,True,1,goods,,2024-04-08,2022-02-01,2032-01-31,lot,,2026-09-11,ocds-h6vhtk-02f40f,011971-2024-4-4,011971-2024-4-4,https://www.find-tender.service.gov.uk/Notice/011971-2024,Hanson Quarry Products Europe Ltd
Heidelberg Materials AG,Germany,name,East Riding of Yorkshire Council,Highways Materials,Active,active,active,complete,8740000.0,contract,GBP,True,1,goods,,2026-03-27,2022-02-01,2032-01-31,lot,,2026-09-11,ocds-h6vhtk-02f40f,034696-2026-4-4,034696-2026-4-4,https://www.find-tender.service.gov.uk/Notice/034696-2026,Hanson Quarry Products Europe Ltd
Heidelberg Materials AG,Germany,name,The Association of North East Councils Limited,"Aggregates, Concrete & Pre-cast Products",Active,active,active,complete,225000000.0,contract,GBP,True,5,goods,2025-10-08,2025-11-01,2025-11-01,2033-10-31,contract,,2026-02-02,ocds-h6vhtk-0505f2,1,1,https://www.find-tender.service.gov.uk/api/1.0/ocdsRecordPackages/ocds-h6vhtk-0505f2,HANSON QUARRY PRODUCTS EUROPE LIMITED
Heidelberg Materials AG,Germany,name,The Association of North East Councils Limited,"Aggregates, Concrete & Pre-cast Products",Active,active,active,complete,225000000.0,contract,GBP,True,5,goods,2025-10-08,2025-11-01,2025-11-01,2033-10-31,contract,,2026-02-02,ocds-h6vhtk-0505f2,2,2,https://www.find-tender.service.gov.uk/api/1.0/ocdsRecordPackages/ocds-h6vhtk-0505f2,HANSON QUARRY PRODUCTS EUROPE LIMITED
Heidelberg Materials AG,Germany,name,The Association of North East Councils Limited,"Aggregates, Concrete & Pre-cast Products",Active,active,active,complete,225000000.0,contract,GBP,True,6,goods,2025-10-08,2025-11-01,2025-11-01,2033-10-31,contract,,2026-02-02,ocds-h6vhtk-0505f2,4,4,https://www.find-tender.service.gov.uk/api/1.0/ocdsRecordPackages/ocds-h6vhtk-0505f2,HANSON QUARRY PRODUCTS EUROPE LIMITED
Heidelberg Materials AG,Germany,name,The Association of North East Councils Limited,"Aggregates, Concrete & Pre-cast Products",Active,active,active,complete,225000000.0,contract,GBP,True,7,goods,2025-10-08,2025-11-01,2025-11-01,2033-10-31,contract,,2026-02-02,ocds-h6vhtk-0505f2,9,9,https://www.find-tender.service.gov.uk/api/1.0/ocdsRecordPackages/ocds-h6vhtk-0505f2,HANSON QUARRY PRODUCTS EUROPE LIMITED
Heidelberg Materials AG,Germany,name,The Association of North East Councils Limited,"Aggregates, Concrete & Pre-cast Products",Active,active,active,complete,225000000.0,contract,GBP,True,6,goods,2025-10-08,2025-11-01,2025-11-01,2033-10-31,contract,,2026-02-02,ocds-h6vhtk-0505f2,10,10,https://www.find-tender.service.gov.uk/api/1.0/ocdsRecordPackages/ocds-h6vhtk-0505f2,HANSON QUARRY PRODUCTS EUROPE LIMITED
Heidelberg Materials AG,Germany,name,The Association of North East Councils Limited,"Aggregates, Concrete & Pre-cast Products",Active,active,active,complete,225000000.0,contract,GBP,True,7,goods,2025-10-08,2025-11-01,2025-11-01,2033-10-31,contract,,2026-02-02,ocds-h6vhtk-0505f2,12,12,https://www.find-tender.service.gov.uk/api/1.0/ocdsRecordPackages/ocds-h6vhtk-0505f2,HANSON QUARRY PRODUCTS EUROPE LIMITED
Heidelberg Materials AG,Germany,name,The Association of North East Councils Limited,"Aggregates, Concrete & Pre-cast Products",Active,active,active,complete,225000000.0,contract,GBP,True,7,goods,2025-10-08,2025-11-01,2025-11-01,2033-10-31,contract,,2026-02-02,ocds-h6vhtk-0505f2,13,13,https://www.find-tender.service.gov.uk/api/1.0/ocdsRecordPackages/ocds-h6vhtk-0505f2,HANSON QUARRY PRODUCTS EUROPE LIMITED
Heidelberg Materials AG,Germany,name,The Association of North East Councils Limited,"Aggregates, Concrete & Pre-cast Products",Active,active,active,complete,225000000.0,contract,GBP,True,5,goods,2025-10-08,2025-11-01,2025-11-01,2033-10-31,contract,,2026-02-02,ocds-h6vhtk-0505f2,28,28,https://www.find-tender.service.gov.uk/api/1.0/ocdsRecordPackages/ocds-h6vhtk-0505f2,HANSON QUARRY PRODUCTS EUROPE LIMITED
Heidelberg Materials AG,Germany,name,The Association of North East Councils Limited,"Aggregates, Concrete & Pre-cast Products",Active,active,active,complete,225000000.0,contract,GBP,True,5,goods,2025-10-08,2025-11-01,2025-11-01,2033-10-31,contract,,2026-02-02,ocds-h6vhtk-0505f2,29,29,https://www.find-tender.service.gov.uk/api/1.0/ocdsRecordPackages/ocds-h6vhtk-0505f2,HANSON QUARRY PRODUCTS EUROPE LIMITED
Heidelberg Materials AG,Germany,name,The Association of North East Councils Limited,"Aggregates, Concrete & Pre-cast Products",Active,active,active,complete,225000000.0,contract,GBP,True,6,goods,2025-10-08,2025-11-01,2025-11-01,2033-10-31,contract,,2026-02-02,ocds-h6vhtk-0505f2,31,31,https://www.find-tender.service.gov.uk/api/1.0/ocdsRecordPackages/ocds-h6vhtk-0505f2,HANSON QUARRY PRODUCTS EUROPE LIMITED
Heidelberg Materials AG,Germany,name,The Association of North East Councils Limited,"Aggregates, Concrete & Pre-cast Products",Active,active,active,complete,225000000.0,contract,GBP,True,6,goods,2025-10-08,2025-11-01,2025-11-01,2033-10-31,contract,,2026-02-02,ocds-h6vhtk-0505f2,36,36,https://www.find-tender.service.gov.uk/api/1.0/ocdsRecordPackages/ocds-h6vhtk-0505f2,HANSON QUARRY PRODUCTS EUROPE LIMITED
Heidelberg Materials AG,Germany,name,The Association of North East Councils Limited,"Aggregates, Concrete & Pre-cast Products",Active,active,active,complete,225000000.0,contract,GBP,True,4,goods,2025-10-08,2025-11-01,2025-11-01,2033-10-31,contract,,2026-02-02,ocds-h6vhtk-0505f2,37,37,https://www.find-tender.service.gov.uk/api/1.0/ocdsRecordPackages/ocds-h6vhtk-0505f2,HANSON QUARRY PRODUCTS EUROPE LIMITED
Heidelberg Materials AG,Germany,name,The Association of North East Councils Limited,"Aggregates, Concrete & Pre-cast Products",Active,active,active,complete,225000000.0,contract,GBP,True,5,goods,2025-10-08,2025-11-01,2025-11-01,2033-10-31,contract,,2026-02-02,ocds-h6vhtk-0505f2,62,62,https://www.find-tender.service.gov.uk/api/1.0/ocdsRecordPackages/ocds-h6vhtk-0505f2,HANSON QUARRY PRODUCTS EUROPE LIMITED
Heidelberg Materials AG,Germany,name,The Association of North East Councils Limited,"Aggregates, Concrete & Pre-cast Products",Active,active,active,complete,225000000.0,contract,GBP,True,5,goods,2025-10-08,2025-11-01,2025-11-01,2033-10-31,contract,,2026-02-02,ocds-h6vhtk-0505f2,63,63,https://www.find-tender.service.gov.uk/api/1.0/ocdsRecordPackages/ocds-h6vhtk-0505f2,HANSON QUARRY PRODUCTS EUROPE LIMITED
Heidelberg Materials AG,Germany,name,The Association of North East Councils Limited,"Aggregates, Concrete & Pre-cast Products",Active,active,active,complete,225000000.0,contract,GBP,True,6,goods,2025-10-08,2025-11-01,2025-11-01,2033-10-31,contract,,2026-02-02,ocds-h6vhtk-0505f2,65,65,https://www.find-tender.service.gov.uk/api/1.0/ocdsRecordPackages/ocds-h6vhtk-0505f2,HANSON QUARRY PRODUCTS EUROPE LIMITED
Heidelberg Materials AG,Germany,name,The Association of North East Councils Limited,"Aggregates, Concrete & Pre-cast Products",Active,active,active,complete,225000000.0,contract,GBP,True,4,goods,2025-10-08,2025-11-01,2025-11-01,2033-10-31,contract,,2026-02-02,ocds-h6vhtk-0505f2,79,79,https://www.find-tender.service.gov.uk/api/1.0/ocdsRecordPackages/ocds-h6vhtk-0505f2,HANSON QUARRY PRODUCTS EUROPE LIMITED
Heidelberg Materials AG,Germany,name,The Association of North East Councils Limited,"Aggregates, Concrete & Pre-cast Products",Active,active,active,complete,225000000.0,contract,GBP,True,4,goods,2025-10-08,2025-11-01,2025-11-01,2033-10-31,contract,,2026-02-02,ocds-h6vhtk-0505f2,80,80,https://www.find-tender.service.gov.uk/api/1.0/ocdsRecordPackages/ocds-h6vhtk-0505f2,HANSON QUARRY PRODUCTS EUROPE LIMITED
Heidelberg Materials AG,Germany,name,The Association of North East Councils Limited,"Aggregates, Concrete & Pre-cast Products",Active,active,active,complete,225000000.0,contract,GBP,True,6,goods,2025-10-08,2025-11-01,2025-11-01,2033-10-31,contract,,2026-02-02,ocds-h6vhtk-0505f2,82,82,https://www.find-tender.service.gov.uk/api/1.0/ocdsRecordPackages/ocds-h6vhtk-0505f2,HANSON QUARRY PRODUCTS EUROPE LIMITED
Heidelberg Materials AG,Germany,name,The Association of North East Councils Limited,"Aggregates, Concrete & Pre-cast Products",Active,active,active,complete,225000000.0,contract,GBP,True,5,goods,2025-10-08,2025-11-01,2025-11-01,2033-10-31,contract,,2026-02-02,ocds-h6vhtk-0505f2,87,87,https://www.find-tender.service.gov.uk/api/1.0/ocdsRecordPackages/ocds-h6vhtk-0505f2,HANSON QUARRY PRODUCTS EUROPE LIMITED
Heidelberg Materials AG,Germany,name,The Association of North East Councils Limited,"Aggregates, Concrete & Pre-cast Products",Active,active,active,complete,225000000.0,contract,GBP,True,7,goods,2025-10-08,2025-11-01,2025-11-01,2033-10-31,contract,,2026-02-02,ocds-h6vhtk-0505f2,102,102,https://www.find-tender.service.gov.uk/api/1.0/ocdsRecordPackages/ocds-h6vhtk-0505f2,HANSON QUARRY PRODUCTS EUROPE LIMITED
Heidelberg Materials AG,Germany,name,The Association of North East Councils Limited,"Aggregates, Concrete & Pre-cast Products",Active,active,active,complete,225000000.0,contract,GBP,True,6,goods,2025-10-08,2025-11-01,2025-11-01,2033-10-31,contract,,2026-02-02,ocds-h6vhtk-0505f2,103,103,https://www.find-tender.service.gov.uk/api/1.0/ocdsRecordPackages/ocds-h6vhtk-0505f2,HANSON QUARRY PRODUCTS EUROPE LIMITED
Heidelberg Materials AG,Germany,name,The Association of North East Councils Limited,"Aggregates, Concrete & Pre-cast Products",Active,active,active,complete,225000000.0,contract,GBP,True,3,goods,2025-10-08,2025-11-01,2025-11-01,2033-10-31,contract,,2026-02-02,ocds-h6vhtk-0505f2,111,111,https://www.find-tender.service.gov.uk/api/1.0/ocdsRecordPackages/ocds-h6vhtk-0505f2,HANSON QUARRY PRODUCTS EUROPE LIMITED
Heidelberg Materials AG,Germany,name,The Association of North East Councils Limited,"Aggregates, Concrete & Pre-cast Products",Active,active,active,complete,225000000.0,contract,GBP,True,4,goods,2025-10-08,2025-11-01,2025-11-01,2033-10-31,contract,,2026-02-02,ocds-h6vhtk-0505f2,116,116,https://www.find-tender.service.gov.uk/api/1.0/ocdsRecordPackages/ocds-h6vhtk-0505f2,HANSON QUARRY PRODUCTS EUROPE LIMITED
Heidelberg Materials AG,Germany,name,The Association of North East Councils Limited,"Aggregates, Concrete & Pre-cast Products",Active,active,active,complete,225000000.0,contract,GBP,True,3,goods,2025-10-08,2025-11-01,2025-11-01,2033-10-31,contract,,2026-02-02,ocds-h6vhtk-0505f2,117,117,https://www.find-tender.service.gov.uk/api/1.0/ocdsRecordPackages/ocds-h6vhtk-0505f2,HANSON QUARRY PRODUCTS EUROPE LIMITED
Heidelberg Materials AG,Germany,name,The Association of North East Councils Limited,"Aggregates, Concrete & Pre-cast Products",Active,active,active,complete,225000000.0,contract,GBP,True,2,goods,2025-10-08,2025-11-01,2025-11-01,2033-10-31,contract,,2026-02-02,ocds-h6vhtk-0505f2,120,120,https://www.find-tender.service.gov.uk/api/1.0/ocdsRecordPackages/ocds-h6vhtk-0505f2,HANSON QUARRY PRODUCTS EUROPE LIMITED
Heidelberg Materials AG,Germany,name,The Association of North East Councils Limited,"Aggregates, Concrete & Pre-cast Products",Active,active,active,complete,225000000.0,contract,GBP,True,6,goods,2025-10-08,2025-11-01,2025-11-01,2033-10-31,contract,,2026-02-02,ocds-h6vhtk-0505f2,122,122,https://www.find-tender.service.gov.uk/api/1.0/ocdsRecordPackages/ocds-h6vhtk-0505f2,HANSON QUARRY PRODUCTS EUROPE LIMITED
Heidelberg Materials AG,Germany,name,The Association of North East Councils Limited,"Aggregates, Concrete & Pre-cast Products",Active,active,active,complete,225000000.0,contract,GBP,True,9,goods,2025-10-08,2025-11-01,2025-11-01,2033-10-31,contract,,2026-02-02,ocds-h6vhtk-0505f2,126,126,https://www.find-tender.service.gov.uk/api/1.0/ocdsRecordPackages/ocds-h6vhtk-0505f2,HANSON QUARRY PRODUCTS EUROPE LIMITED
Heidelberg Materials AG,Germany,name,The Association of North East Councils Limited,"Aggregates, Concrete & Pre-cast Products",Active,active,active,complete,225000000.0,contract,GBP,True,5,goods,2025-10-08,2025-11-01,2025-11-01,2033-10-31,contract,,2026-02-02,ocds-h6vhtk-0505f2,128,128,https://www.find-tender.service.gov.uk/api/1.0/ocdsRecordPackages/ocds-h6vhtk-0505f2,HANSON QUARRY PRODUCTS EUROPE LIMITED
Heidelberg Materials AG,Germany,name,The Association of North East Councils Limited,"Aggregates, Concrete & Pre-cast Products",Active,active,active,complete,225000000.0,contract,GBP,True,6,goods,2025-10-08,2025-11-01,2025-11-01,2033-10-31,contract,,2026-02-02,ocds-h6vhtk-0505f2,133,133,https://www.find-tender.service.gov.uk/api/1.0/ocdsRecordPackages/ocds-h6vhtk-0505f2,HANSON QUARRY PRODUCTS EUROPE LIMITED
Heidelberg Materials AG,Germany,name,The Association of North East Councils Limited,"Aggregates, Concrete & Pre-cast Products",Active,active,active,complete,225000000.0,contract,GBP,True,3,goods,2025-10-08,2025-11-01,2025-11-01,2033-10-31,contract,,2026-02-02,ocds-h6vhtk-0505f2,134,134,https://www.find-tender.service.gov.uk/api/1.0/ocdsRecordPackages/ocds-h6vhtk-0505f2,HANSON QUARRY PRODUCTS EUROPE LIMITED
Heidelberg Materials AG,Germany,name,The Association of North East Councils Limited,"Aggregates, Concrete & Pre-cast Products",Active,active,active,complete,225000000.0,contract,GBP,True,2,goods,2025-10-08,2025-11-01,2025-11-01,2033-10-31,contract,,2026-02-02,ocds-h6vhtk-0505f2,135,135,https://www.find-tender.service.gov.uk/api/1.0/ocdsRecordPackages/ocds-h6vhtk-0505f2,HANSON QUARRY PRODUCTS EUROPE LIMITED
Heidelberg Materials AG,Germany,name,The Association of North East Councils Limited,"Aggregates, Concrete & Pre-cast Products",Active,active,active,complete,225000000.0,contract,GBP,True,1,goods,2025-10-08,2025-11-01,2025-11-01,2033-10-31,contract,,2026-02-02,ocds-h6vhtk-0505f2,136,136,https://www.find-tender.service.gov.uk/api/1.0/ocdsRecordPackages/ocds-h6vhtk-0505f2,HANSON QUARRY PRODUCTS EUROPE LIMITED
Heidelberg Materials AG,Germany,name,The Association of North East Councils Limited,"Aggregates, Concrete & Pre-cast Products",Active,active,active,complete,225000000.0,contract,GBP,True,5,goods,2025-10-08,2025-11-01,2025-11-01,2033-10-31,contract,,2026-02-02,ocds-h6vhtk-0505f2,139,139,https://www.find-tender.service.gov.uk/api/1.0/ocdsRecordPackages/ocds-h6vhtk-0505f2,HANSON QUARRY PRODUCTS EUROPE LIMITED
Heidelberg Materials AG,Germany,name,The Association of North East Councils Limited,"Aggregates, Concrete & Pre-cast Products",Active,active,active,complete,225000000.0,contract,GBP,True,4,goods,2025-10-08,2025-11-01,2025-11-01,2033-10-31,contract,,2026-02-02,ocds-h6vhtk-0505f2,140,140,https://www.find-tender.service.gov.uk/api/1.0/ocdsRecordPackages/ocds-h6vhtk-0505f2,HANSON QUARRY PRODUCTS EUROPE LIMITED
Heidelberg Materials AG,Germany,name,The Association of North East Councils Limited,"Aggregates, Concrete & Pre-cast Products",Active,active,active,complete,225000000.0,contract,GBP,True,2,goods,2025-10-08,2025-11-01,2025-11-01,2033-10-31,contract,,2026-02-02,ocds-h6vhtk-0505f2,141,141,https://www.find-tender.service.gov.uk/api/1.0/ocdsRecordPackages/ocds-h6vhtk-0505f2,HANSON QUARRY PRODUCTS EUROPE LIMITED
Heidelberg Materials AG,Germany,name,The Association of North East Councils Limited,"Aggregates, Concrete & Pre-cast Products",Active,active,active,complete,225000000.0,contract,GBP,True,1,goods,2025-10-08,2025-11-01,2025-11-01,2033-10-31,contract,,2026-02-02,ocds-h6vhtk-0505f2,142,142,https://www.find-tender.service.gov.uk/api/1.0/ocdsRecordPackages/ocds-h6vhtk-0505f2,HANSON QUARRY PRODUCTS EUROPE LIMITED
Heidelberg Materials AG,Germany,name,The Association of North East Councils Limited,"Aggregates, Concrete & Pre-cast Products",Active,active,active,complete,225000000.0,contract,GBP,True,4,goods,2025-10-08,2025-11-01,2025-11-01,2033-10-31,contract,,2026-02-02,ocds-h6vhtk-0505f2,143,143,https://www.find-tender.service.gov.uk/api/1.0/ocdsRecordPackages/ocds-h6vhtk-0505f2,HANSON QUARRY PRODUCTS EUROPE LIMITED
Heidelberg Materials AG,Germany,name,The Association of North East Councils Limited,"Aggregates, Concrete & Pre-cast Products",Active,active,active,complete,225000000.0,contract,GBP,True,3,goods,2025-10-08,2025-11-01,2025-11-01,2033-10-31,contract,,2026-02-02,ocds-h6vhtk-0505f2,144,144,https://www.find-tender.service.gov.uk/api/1.0/ocdsRecordPackages/ocds-h6vhtk-0505f2,HANSON QUARRY PRODUCTS EUROPE LIMITED
Heidelberg Materials AG,Germany,name,The Association of North East Councils Limited,"Aggregates, Concrete & Pre-cast Products",Active,active,active,complete,225000000.0,contract,GBP,True,2,goods,2025-10-08,2025-11-01,2025-11-01,2033-10-31,contract,,2026-02-02,ocds-h6vhtk-0505f2,147,147,https://www.find-tender.service.gov.uk/api/1.0/ocdsRecordPackages/ocds-h6vhtk-0505f2,HANSON QUARRY PRODUCTS EUROPE LIMITED
Heidelberg Materials AG,Germany,name,The Association of North East Councils Limited,"Aggregates, Concrete & Pre-cast Products",Active,active,active,complete,225000000.0,contract,GBP,True,2,goods,2025-10-08,2025-11-01,2025-11-01,2033-10-31,contract,,2026-02-02,ocds-h6vhtk-0505f2,151,151,https://www.find-tender.service.gov.uk/api/1.0/ocdsRecordPackages/ocds-h6vhtk-0505f2,HANSON QUARRY PRODUCTS EUROPE LIMITED
Heidelberg Materials AG,Germany,name,The Association of North East Councils Limited,"Aggregates, Concrete & Pre-cast Products",Active,active,active,complete,225000000.0,contract,GBP,True,3,goods,2025-10-08,2025-11-01,2025-11-01,2033-10-31,contract,,2026-02-02,ocds-h6vhtk-0505f2,157,157,https://www.find-tender.service.gov.uk/api/1.0/ocdsRecordPackages/ocds-h6vhtk-0505f2,HANSON QUARRY PRODUCTS EUROPE LIMITED
Heidelberg Materials AG,Germany,name,The Association of North East Councils Limited,"Aggregates, Concrete & Pre-cast Products",Active,active,active,complete,225000000.0,contract,GBP,True,6,goods,2025-10-08,2025-11-01,2025-11-01,2033-10-31,contract,,2026-02-02,ocds-h6vhtk-0505f2,159,159,https://www.find-tender.service.gov.uk/api/1.0/ocdsRecordPackages/ocds-h6vhtk-0505f2,HANSON QUARRY PRODUCTS EUROPE LIMITED
Heidelberg Materials AG,Germany,name,The Association of North East Councils Limited,"Aggregates, Concrete & Pre-cast Products",Active,active,active,complete,225000000.0,contract,GBP,True,7,goods,2025-10-08,2025-11-01,2025-11-01,2033-10-31,contract,,2026-02-02,ocds-h6vhtk-0505f2,166,166,https://www.find-tender.service.gov.uk/api/1.0/ocdsRecordPackages/ocds-h6vhtk-0505f2,HANSON QUARRY PRODUCTS EUROPE LIMITED
Heidelberg Materials AG,Germany,name,The Association of North East Councils Limited,"Aggregates, Concrete & Pre-cast Products",Active,active,active,complete,225000000.0,contract,GBP,True,6,goods,2025-10-08,2025-11-01,2025-11-01,2033-10-31,contract,,2026-02-02,ocds-h6vhtk-0505f2,167,167,https://www.find-tender.service.gov.uk/api/1.0/ocdsRecordPackages/ocds-h6vhtk-0505f2,HANSON QUARRY PRODUCTS EUROPE LIMITED
Heidelberg Materials AG,Germany,name,The Association of North East Councils Limited,"Aggregates, Concrete & Pre-cast Products",Active,active,active,complete,225000000.0,contract,GBP,True,4,goods,2025-10-08,2025-11-01,2025-11-01,2033-10-31,contract,,2026-02-02,ocds-h6vhtk-0505f2,170,170,https://www.find-tender.service.gov.uk/api/1.0/ocdsRecordPackages/ocds-h6vhtk-0505f2,HANSON QUARRY PRODUCTS EUROPE LIMITED
Heidelberg Materials AG,Germany,name,The Association of North East Councils Limited,"Aggregates, Concrete & Pre-cast Products",Active,active,active,complete,225000000.0,contract,GBP,True,3,goods,2025-10-08,2025-11-01,2025-11-01,2033-10-31,contract,,2026-02-02,ocds-h6vhtk-0505f2,171,171,https://www.find-tender.service.gov.uk/api/1.0/ocdsRecordPackages/ocds-h6vhtk-0505f2,HANSON QUARRY PRODUCTS EUROPE LIMITED
Heidelberg Materials AG,Germany,name,The Association of North East Councils Limited,"Aggregates, Concrete & Pre-cast Products",Active,active,active,complete,225000000.0,contract,GBP,True,3,goods,2025-10-08,2025-11-01,2025-11-01,2033-10-31,contract,,2026-02-02,ocds-h6vhtk-0505f2,175,175,https://www.find-tender.service.gov.uk/api/1.0/ocdsRecordPackages/ocds-h6vhtk-0505f2,HANSON QUARRY PRODUCTS EUROPE LIMITED
Heidelberg Materials AG,Germany,name,The Association of North East Councils Limited,Lot 143,Active,active,active,complete,225000000.0,contract,GBP,True,6,goods,2025-10-08,2025-11-01,2025-11-01,2033-10-31,contract,,2026-02-02,ocds-h6vhtk-0505f2,180,180,https://www.find-tender.service.gov.uk/api/1.0/ocdsRecordPackages/ocds-h6vhtk-0505f2,HANSON QUARRY PRODUCTS EUROPE LIMITED
Heidelberg Materials AG,Germany,name,The Association of North East Councils Limited,Lot 144,Active,active,active,complete,225000000.0,contract,GBP,True,3,goods,2025-10-08,2025-11-01,2025-11-01,2033-10-31,contract,,2026-02-02,ocds-h6vhtk-0505f2,181,181,https://www.find-tender.service.gov.uk/api/1.0/ocdsRecordPackages/ocds-h6vhtk-0505f2,HANSON QUARRY PRODUCTS EUROPE LIMITED
Heidelberg Materials AG,Germany,name,The Association of North East Councils Limited,Lot 145,Active,active,active,complete,225000000.0,contract,GBP,True,2,goods,2025-10-08,2025-11-01,2025-11-01,2033-10-31,contract,,2026-02-02,ocds-h6vhtk-0505f2,182,182,https://www.find-tender.service.gov.uk/api/1.0/ocdsRecordPackages/ocds-h6vhtk-0505f2,HANSON QUARRY PRODUCTS EUROPE LIMITED
Heidelberg Materials AG,Germany,name,The Association of North East Councils Limited,Lot 146,Active,active,active,complete,225000000.0,contract,GBP,True,1,goods,2025-10-08,2025-11-01,2025-11-01,2033-10-31,contract,,2026-02-02,ocds-h6vhtk-0505f2,183,183,https://www.find-tender.service.gov.uk/api/1.0/ocdsRecordPackages/ocds-h6vhtk-0505f2,HANSON QUARRY PRODUCTS EUROPE LIMITED
Heidelberg Materials AG,Germany,name,The Association of North East Councils Limited,NEPO210 Highways Surfacing Works,Active,active,active,complete,3333333.0,contract,GBP,True,12,works,2025-10-08,2025-11-01,2025-11-01,2033-10-31,contract,,2026-05-21,ocds-h6vhtk-05048c,1,1,https://www.find-tender.service.gov.uk/api/1.0/ocdsRecordPackages/ocds-h6vhtk-05048c,HANSON QUARRY PRODUCTS EUROPE LIMITED
Heidelberg Materials AG,Germany,name,The Association of North East Councils Limited,NEPO210 Highways Surfacing Works,Active,active,active,complete,3333333.0,contract,GBP,True,9,works,2025-10-08,2025-11-01,2025-11-01,2033-10-31,contract,,2026-05-21,ocds-h6vhtk-05048c,12,12,https://www.find-tender.service.gov.uk/api/1.0/ocdsRecordPackages/ocds-h6vhtk-05048c,HANSON QUARRY PRODUCTS EUROPE LIMITED
Honeywell Aerospace Inc,USA,check,WARRINGTON AND HALTON TEACHING HOSPITALS NHS FOUNDATION TRUST,Maintenance of Fire Alarm Panels and all Ancillary Equipment,Active,active,active,complete,20000.0,contract,GBP,False,1,,,2025-11-24,2025-11-24,2026-10-31,contract,,2025-11-26,ocds-h6vhtk-05e984,1,1,https://www.find-tender.service.gov.uk/api/1.0/ocdsRecordPackages/ocds-h6vhtk-05e984,Honeywell Building Solutions Ltd
Honeywell Aerospace Inc,USA,check,South Yorkshire Fire and Rescue Service,SYFR BEMS Replacement,Active,active,active,complete,333923.0,contract,GBP,False,1,services,,2022-01-19,,2026-12-24,estimated (start + duration),,2022-03-16,ocds-h6vhtk-02ecc1,007200-2022-1,007200-2022-1,https://www.find-tender.service.gov.uk/Notice/007200-2022,Honeywell Control Solutions Ltd
Honeywell Aerospace Inc,USA,check,Nuclear Restoration Services Limited,HNB - Gent Fire Detection Maintenance,Active,active,active,complete,82285.0,contract,GBP,False,1,,,2026-03-31,2026-04-01,2026-12-31,contract,,2026-04-23,ocds-h6vhtk-068926,1,1,https://www.find-tender.service.gov.uk/api/1.0/ocdsRecordPackages/ocds-h6vhtk-068926,Honeywell Control Systems Limited
Honeywell Aerospace Inc,USA,check,CAMBRIDGE UNIVERSITY HOSPITALS NHS FOUNDATION TRUST,Maintenance alarm testing,Active,active,active,complete,47953.45,contract,GBP,False,1,,,2026-01-19,2026-01-22,2027-01-21,contract,,2026-01-22,ocds-h6vhtk-060bf2,1,1,https://www.find-tender.service.gov.uk/api/1.0/ocdsRecordPackages/ocds-h6vhtk-060bf2,Honeywell Novar Systems Ltd
Honeywell Aerospace Inc,USA,check,QE Facilities Ltd,CSC Controls,Active,active,active,complete,19865.57,contract,GBP,False,1,,,2026-05-01,2026-05-01,2027-04-30,contract,,2026-07-14,ocds-h6vhtk-06ca51,1,1,https://www.find-tender.service.gov.uk/api/1.0/ocdsRecordPackages/ocds-h6vhtk-06ca51,HONEYWELL CONTROL SYSTEMS LIMITED
Honeywell Aerospace Inc,USA,check,CAMBRIDGE UNIVERSITY HOSPITALS NHS FOUNDATION TRUST,Maintenance of the Trusts fire alarm system,Active,active,active,complete,103352.35,contract,GBP,False,1,,,2026-05-08,2026-05-11,2027-05-10,contract,,2026-05-11,ocds-h6vhtk-069542,1,1,https://www.find-tender.service.gov.uk/api/1.0/ocdsRecordPackages/ocds-h6vhtk-069542,HONEYWELL CONTROL SYSTEMS LIMITED
Honeywell Aerospace Inc,USA,check,Centre for Process Innovation Limited,Acetonitrile/Sulfolane Mix Large Drums,Active,active,active,complete,2000000.0,contract,GBP,True,2,goods,,2023-11-28,,2027-11-07,estimated (start + duration),,2023-11-30,ocds-h6vhtk-03edd2,035313-2023-1,035313-2023-1,https://www.find-tender.service.gov.uk/Notice/035313-2023,Honeywell Speciality Chemicals Seelze GmbH
Honeywell Aerospace Inc,USA,check,Centre for Process Innovation Limited,Acetonitrile Bottles,Active,active,active,complete,2000000.0,contract,GBP,True,2,goods,,2023-11-28,,2027-11-07,estimated (start + duration),,2023-11-30,ocds-h6vhtk-03edd2,035313-2023-2,035313-2023-2,https://www.find-tender.service.gov.uk/Notice/035313-2023,Honeywell Speciality Chemicals Seelze GmbH
Honeywell Aerospace Inc,USA,check,Centre for Process Innovation Limited,Acetonitrile Small Drums,Active,active,active,complete,2000000.0,contract,GBP,True,2,goods,,2023-11-28,,2027-11-07,estimated (start + duration),,2023-11-30,ocds-h6vhtk-03edd2,035313-2023-4,035313-2023-4,https://www.find-tender.service.gov.uk/Notice/035313-2023,Honeywell Speciality Chemicals Seelze GmbH
Honeywell Aerospace Inc,USA,check,NORTH CUMBRIA INTEGRATED CARE NHS FOUNDATION TRUST,Honeywell closed protocol building energy management system,Active,active,active,complete,494218.56,contract,GBP,False,1,,2025-03-31,2025-05-06,2025-05-06,2028-03-31,contract,2031-03-31,2025-05-14,ocds-h6vhtk-04ffdf,1,1,https://www.find-tender.service.gov.uk/api/1.0/ocdsRecordPackages/ocds-h6vhtk-04ffdf,HONEYWELL CONTROL SYSTEMS LIMITED
Honeywell Aerospace Inc,USA,check,Betsi Cadwaladr University Health Board,Maintenance of Health Board Building Management System across Primary Care Sites,Active,active,active,complete,175188.29,contract,GBP,False,1,,,2025-10-08,2025-10-13,2028-03-31,contract,,2026-05-14,ocds-h6vhtk-06984d,1,1,https://www.find-tender.service.gov.uk/api/1.0/ocdsRecordPackages/ocds-h6vhtk-06984d,Honeywell UK Limited
Honeywell Aerospace Inc,USA,check,Centre for Process Innovation Limited,DCA in Toluene,Active,active,active,complete,2000000.0,contract,GBP,True,2,goods,,2024-08-13,,2028-07-23,estimated (start + duration),,2024-08-14,ocds-h6vhtk-0449f2,025753-2024-3207-1,025753-2024-3207-1,https://www.find-tender.service.gov.uk/Notice/025753-2024,Honeywell Speciality Chemicals Seelze GmbH
Honeywell Aerospace Inc,USA,check,WORCESTERSHIRE ACUTE HOSPITALS NHS TRUST,Honeywell closed protocol BMS support contract,Active,active,active,complete,150700.0,contract,GBP,False,1,,2025-10-15,2025-10-28,2025-10-28,2028-08-28,contract,2030-08-28,2025-10-30,ocds-h6vhtk-05cd76,1,1,https://www.find-tender.service.gov.uk/api/1.0/ocdsRecordPackages/ocds-h6vhtk-05cd76,HONEYWELL CONTROL SYSTEMS LIMITED
Honeywell Aerospace Inc,USA,check,Nottingham University Hospital NHS Trust,Provision of Servicing and Maintenance of the Fire Alarm System at the Queen’s Medical Centre,Active,active,active,active,1466000.0,contract,GBP,False,1,services,,2024-01-11,2026-09-01,2028-08-31,lot,2031-08-31,2026-06-01,ocds-h6vhtk-04e9a0,051243-2026-C233055-1,051243-2026-C233055-1,https://www.find-tender.service.gov.uk/Notice/051243-2026,Honeywell Control Systems Limited
Honeywell Aerospace Inc,USA,check,Aneurin Bevan University Health Board,Maintenance of Building Management Systems,Active,active,active,complete,181103.45,contract,GBP,False,1,,2026-08-14,2026-09-08,2026-09-08,2028-08-31,contract,,2026-09-08,ocds-h6vhtk-06e4fe,1,1,https://www.find-tender.service.gov.uk/api/1.0/ocdsRecordPackages/ocds-h6vhtk-06e4fe,Honeywell Building Solutions
Honeywell Aerospace Inc,USA,check,Centre for Process Innovation Limited,Activator Solution,Active,active,active,complete,1000000.0,contract,GBP,True,2,goods,,2025-01-08,,2028-12-18,estimated (start + duration),,2025-01-08,ocds-h6vhtk-047172,000516-2025-1,000516-2025-1,https://www.find-tender.service.gov.uk/Notice/000516-2025,Honeywell Speciality Chemicals Seelze GmbH
Honeywell Aerospace Inc,USA,check,Centre for Process Innovation Limited,Oxidiser Solution,Active,active,active,complete,1000000.0,contract,GBP,True,2,goods,,2025-01-08,,2028-12-18,estimated (start + duration),,2025-01-08,ocds-h6vhtk-047172,000516-2025-2,000516-2025-2,https://www.find-tender.service.gov.uk/Notice/000516-2025,Honeywell Speciality Chemicals Seelze GmbH
Honeywell Aerospace Inc,USA,check,Centre for Process Innovation Limited,Capping A Solution,Active,active,active,complete,1000000.0,contract,GBP,True,2,goods,,2025-01-08,,2028-12-18,estimated (start + duration),,2025-01-08,ocds-h6vhtk-047172,000516-2025-3,000516-2025-3,https://www.find-tender.service.gov.uk/Notice/000516-2025,Honeywell Speciality Chemicals Seelze GmbH
Honeywell Aerospace Inc,USA,check,Centre for Process Innovation Limited,Toluene,Active,active,active,complete,1000000.0,contract,GBP,True,2,goods,,2025-01-08,,2028-12-18,estimated (start + duration),,2025-01-08,ocds-h6vhtk-047172,000516-2025-6,000516-2025-6,https://www.find-tender.service.gov.uk/Notice/000516-2025,Honeywell Speciality Chemicals Seelze GmbH
Honeywell Aerospace Inc,USA,check,Centre for Process Innovation Limited,Diethylamine (DEA) in Acetonitrile,Active,active,active,complete,1000000.0,contract,GBP,True,2,goods,,2025-01-08,,2028-12-18,estimated (start + duration),,2025-01-08,ocds-h6vhtk-047172,000516-2025-7,000516-2025-7,https://www.find-tender.service.gov.uk/Notice/000516-2025,Honeywell Speciality Chemicals Seelze GmbH
Honeywell Aerospace Inc,USA,check,Centre for Process Innovation Limited,Concentrated Aqueous Ammonium Hydroxide,Active,active,active,complete,1000000.0,contract,GBP,True,2,goods,,2025-01-08,,2028-12-18,estimated (start + duration),,2025-01-08,ocds-h6vhtk-047172,000516-2025-8,000516-2025-8,https://www.find-tender.service.gov.uk/Notice/000516-2025,Honeywell Speciality Chemicals Seelze GmbH
Honeywell Aerospace Inc,USA,check,Oil and Pipelines Agency,OPA/T903 Service Level Agreement for Industrial Measurement and Controls Systems.,Active,active,,complete,603624.0,award,GBP,False,1,,2026-09-16,,2026-10-02,2029-10-01,award,,2026-09-17,ocds-h6vhtk-077406,1,,https://www.find-tender.service.gov.uk/api/1.0/ocdsRecordPackages/ocds-h6vhtk-077406,Honeywell Control Systems Limited
Honeywell Aerospace Inc,USA,check,Greater London Authority (GLA),GLA 82615 RE:FIT 5 - National Carbon and Energy Performance Contracting Framework,Active,active,active,complete,1000000000.0,contract,GBP,True,1,services,,2026-04-23,,2030-04-02,estimated (start + duration),,2026-07-10,ocds-h6vhtk-04e753,065043-2026-4,065043-2026-4,https://www.find-tender.service.gov.uk/Notice/065043-2026,Honeywell Limited
Honeywell Aerospace Inc,USA,check,Oxfordshire County Council,Framework - Start Well (Children’s) Supported Services,Active,active,active,complete,70000000.0,contract,GBP,True,1,services,,2024-06-17,,2030-05-17,estimated (start + duration),,2024-07-02,ocds-h6vhtk-03e494,020149-2024-Lot 1 - Honeywell Healthcare-3,020149-2024-Lot 1 - Honeywell Healthcare-3,https://www.find-tender.service.gov.uk/Notice/020149-2024,Honeywell Healthcare
Honeywell Aerospace Inc,USA,check,Scottish Water,Meter Data Management System,Active,active,active,complete,5000000.0,lot,GBP,True,1,services,,2026-04-14,,2034-03-03,estimated (start + duration),,2026-08-24,ocds-h6vhtk-04b35a,044206-2026-1,044206-2026-1,https://www.find-tender.service.gov.uk/Notice/044206-2026,Elster Water Metering T/A Honeywell
Honeywell Aerospace Inc,USA,check,Scottish Water,Meter Data Management System,Active,active,active,complete,5000000.0,lot,GBP,True,1,services,,2026-08-19,,2034-07-08,estimated (start + duration),,2026-08-24,ocds-h6vhtk-04b35a,080510-2026-1,080510-2026-1,https://www.find-tender.service.gov.uk/Notice/080510-2026,Elster Water Metering T/A Honeywell
International Business Machines Corp,USA,name,GUY'S AND ST THOMAS' NHS FOUNDATION TRUST,"Lot 2 - Services for Integration, Deployment and Interoperability",Active,active,active,complete,1000000000.0,contract,GBP,True,8,goods,2025-10-10,2025-11-17,2025-11-17,2026-11-18,contract,2033-11-01,2025-12-08,ocds-h6vhtk-04eae7,2,2,https://www.find-tender.service.gov.uk/api/1.0/ocdsRecordPackages/ocds-h6vhtk-04eae7,IBM LIMITED; IBM United Kingdom Limited
International Business Machines Corp,USA,name,GUY'S AND ST THOMAS' NHS FOUNDATION TRUST,"Overlay, User Experience and Support",Active,active,active,complete,1000000000.0,contract,GBP,True,8,goods,2025-10-10,2025-11-17,2025-11-17,2026-11-18,contract,2033-11-01,2025-12-08,ocds-h6vhtk-04eae7,4,4,https://www.find-tender.service.gov.uk/api/1.0/ocdsRecordPackages/ocds-h6vhtk-04eae7,IBM LIMITED; IBM United Kingdom Limited
International Business Machines Corp,USA,name,BANK OF ENGLAND,Laboratory Services Assets 2026-2028,Active,active,active,complete,146817.75,contract,GBP,False,1,,,2025-11-20,2026-01-01,2026-12-31,contract,2028-12-31,2025-12-02,ocds-h6vhtk-05ece6,1,1,https://www.find-tender.service.gov.uk/api/1.0/ocdsRecordPackages/ocds-h6vhtk-05ece6,IBM UNITED KINGDOM LIMITED
International Business Machines Corp,USA,name,GENOMICS ENGLAND LIMITED,Spectrum LSF 2026-2027,Active,active,active,complete,114583.0,contract,GBP,False,1,,,2026-03-31,2026-04-01,2027-03-31,contract,,2026-04-01,ocds-h6vhtk-067aa3,1,1,https://www.find-tender.service.gov.uk/api/1.0/ocdsRecordPackages/ocds-h6vhtk-067aa3,IBM UNITED KINGDOM LIMITED
International Business Machines Corp,USA,name,HM Treasury,IBM Planning Analytics Subscription and Support,Active,active,active,complete,495488.0,contract,GBP,False,1,,2026-03-11,2026-03-24,2026-04-01,2027-03-31,contract,,2026-04-23,ocds-h6vhtk-0667b4,1,1,https://www.find-tender.service.gov.uk/api/1.0/ocdsRecordPackages/ocds-h6vhtk-0667b4,IBM United Kingdom Limited
International Business Machines Corp,USA,name,East Of England NHS Collaborative Hub c/o West Suffolk NHS Foundation Trust,"Sustainable Services Modelling, Design & Improvement",Active,active,active,complete,40000000.0,tender,GBP,True,1,services,,2024-04-01,2024-04-24,2027-04-23,lot,,2024-05-01,ocds-h6vhtk-04083c,013975-2024-18,013975-2024-18,https://www.find-tender.service.gov.uk/Notice/013975-2024,IBM United Kingdom Limited
International Business Machines Corp,USA,name,East Of England NHS Collaborative Hub c/o West Suffolk NHS Foundation Trust,"Strategy, System Leadership, Governance, & Integrated Assurance",Active,active,active,complete,40000000.0,tender,GBP,True,1,services,,2024-04-01,2024-04-24,2027-04-23,lot,,2024-05-01,ocds-h6vhtk-04083c,013975-2024-53,013975-2024-53,https://www.find-tender.service.gov.uk/Notice/013975-2024,IBM United Kingdom Limited
International Business Machines Corp,USA,name,East Of England NHS Collaborative Hub c/o West Suffolk NHS Foundation Trust,"Training, Quality Assurance and Consultation Services",Active,active,active,complete,40000000.0,tender,GBP,True,1,services,,2024-04-01,2024-04-24,2027-04-23,lot,,2024-05-01,ocds-h6vhtk-04083c,013975-2024-75,013975-2024-75,https://www.find-tender.service.gov.uk/Notice/013975-2024,IBM United Kingdom Limited
International Business Machines Corp,USA,name,East Of England NHS Collaborative Hub c/o West Suffolk NHS Foundation Trust,Multi-Disciplinary Consultancy Services,Active,active,active,complete,40000000.0,tender,GBP,True,1,services,,2024-04-24,2024-04-24,2027-04-23,lot,,2024-05-01,ocds-h6vhtk-04083c,013975-2024-184,013975-2024-184,https://www.find-tender.service.gov.uk/Notice/013975-2024,IBM United Kingdom Limited
International Business Machines Corp,USA,name,UK Research & Innovation (UKRI),UKRI-5862 IBM Quantum Flex Plan Resource,Active,active,active,complete,2022116.4,contract,GBP,False,1,,2026-04-01,2026-04-24,2026-05-01,2027-04-30,contract,,2026-04-29,ocds-h6vhtk-067c38,1,1,https://www.find-tender.service.gov.uk/api/1.0/ocdsRecordPackages/ocds-h6vhtk-067c38,"IBM United Kingdom Limited,"
International Business Machines Corp,USA,name,Office for National Statistics,IBM Deployment Accelerator (IDA),Active,active,active,complete,20775.0,contract,GBP,False,1,,,2026-05-13,2026-05-13,2027-04-30,contract,,2026-05-13,ocds-h6vhtk-0697a4,1,1,https://www.find-tender.service.gov.uk/api/1.0/ocdsRecordPackages/ocds-h6vhtk-0697a4,IBM LIMITED
International Business Machines Corp,USA,name,NHS England,CSOC 24x7 Monitoring,Active,active,active,complete,7080000.0,contract,GBP,True,1,services,,2025-06-10,,2027-05-31,estimated (start + duration),,2025-06-27,ocds-h6vhtk-04b691,035928-2025-1,035928-2025-1,https://www.find-tender.service.gov.uk/Notice/035928-2025,IBM UNITED KINGDOM LIMITED
International Business Machines Corp,USA,name,Met Office,IBM Z Workload Scheduler Renewal (2026),Active,active,active,complete,71342.61,contract,GBP,False,1,,,2026-06-24,2026-07-01,2027-06-30,contract,,2026-08-07,ocds-h6vhtk-06deb9,1,1,https://www.find-tender.service.gov.uk/api/1.0/ocdsRecordPackages/ocds-h6vhtk-06deb9,IBM LIMITED
International Business Machines Corp,USA,name,Crown Commercial Service,Lot 1 - Digital Outcomes,Active,active,active,complete,3240000000.0,contract,GBP,True,1624,services,2026-01-19,2026-01-30,2026-01-30,2027-07-29,contract,2029-01-29,2026-09-09,ocds-h6vhtk-04fb0d,1,1,https://www.find-tender.service.gov.uk/api/1.0/ocdsRecordPackages/ocds-h6vhtk-04fb0d,IBM UNITED KINGDOM LIMITED
International Business Machines Corp,USA,name,Crown Commercial Service,Lot 2. Digital Capability and Delivery Partner,Active,active,active,complete,6700000000.0,contract,GBP,True,242,services,2026-01-19,2026-01-30,2026-01-30,2027-07-29,contract,2029-01-29,2026-09-09,ocds-h6vhtk-04fb0d,2,2,https://www.find-tender.service.gov.uk/api/1.0/ocdsRecordPackages/ocds-h6vhtk-04fb0d,IBM UNITED KINGDOM LIMITED
International Business Machines Corp,USA,name,Crown Commercial Service,Lot 3. Digital Specialists,Active,active,active,complete,2000000000.0,contract,GBP,True,1272,services,2026-01-19,2026-01-30,2026-01-30,2027-07-29,contract,2029-01-29,2026-09-09,ocds-h6vhtk-04fb0d,3,3,https://www.find-tender.service.gov.uk/api/1.0/ocdsRecordPackages/ocds-h6vhtk-04fb0d,IBM UNITED KINGDOM LIMITED
International Business Machines Corp,USA,name,Met Office,DS8882F Storage Systems Support (2026-27),Active,active,active,complete,97176.02,contract,GBP,False,1,,,2026-08-21,2026-09-01,2027-08-31,contract,,2026-09-07,ocds-h6vhtk-06f35a,1,1,https://www.find-tender.service.gov.uk/api/1.0/ocdsRecordPackages/ocds-h6vhtk-06f35a,IBM LIMITED
International Business Machines Corp,USA,name,Met Office,IBM Supportline Renewal (2026),Active,active,active,complete,47116.58,contract,GBP,False,1,,,2026-07-28,2026-09-01,2027-08-31,contract,,2026-08-07,ocds-h6vhtk-06deb3,1,1,https://www.find-tender.service.gov.uk/api/1.0/ocdsRecordPackages/ocds-h6vhtk-06deb3,IBM LIMITED
International Business Machines Corp,USA,name,JISC,FinOps solution,Active,active,active,complete,20000000.0,contract,GBP,False,1,services,2025-11-07,2026-01-16,2026-02-26,2028-02-25,contract,2030-02-25,2026-01-29,ocds-h6vhtk-059ff6,1,1,https://www.find-tender.service.gov.uk/api/1.0/ocdsRecordPackages/ocds-h6vhtk-059ff6,IBM UNITED KINGDOM LIMITED
International Business Machines Corp,USA,name,FCDO Services,Managed Service for Software Maintenance and Support - Biometric System,Active,active,active,complete,5838731.5,contract,GBP,False,1,,2025-04-08,2025-04-22,2025-04-22,2028-03-31,contract,,2025-05-19,ocds-h6vhtk-04fe6c,1,1,https://www.find-tender.service.gov.uk/api/1.0/ocdsRecordPackages/ocds-h6vhtk-04fe6c,IBM UNITED KINGDOM LIMITED
International Business Machines Corp,USA,name,Met Office,zVM LIcencing and support (2026-28),Active,active,active,complete,95410.49,contract,GBP,False,1,,,2026-03-31,2026-04-01,2028-03-31,contract,,2026-04-01,ocds-h6vhtk-067ae2,1,1,https://www.find-tender.service.gov.uk/api/1.0/ocdsRecordPackages/ocds-h6vhtk-067ae2,IBM LIMITED
International Business Machines Corp,USA,name,Sussex Community NHS Foundation Trust,"Infrastructure as a Service (IaaS), Platform as a Service (PaaS) and Software as a Service (SaaS)",Active,active,active,complete,500000000.0,contract,GBP,True,1,services,,2024-05-17,,2028-04-26,estimated (start + duration),,2025-03-17,ocds-h6vhtk-0399bc,018176-2024-SBS10256-34,018176-2024-SBS10256-34,https://www.find-tender.service.gov.uk/Notice/018176-2024,IBM United Kingdom Limited
International Business Machines Corp,USA,name,Sussex Community NHS Foundation Trust,Cloud Support Services,Active,active,active,complete,500000000.0,contract,GBP,True,1,services,,2024-05-17,,2028-04-26,estimated (start + duration),,2025-03-17,ocds-h6vhtk-0399bc,018176-2024-SBS10256-56,018176-2024-SBS10256-56,https://www.find-tender.service.gov.uk/Notice/018176-2024,IBM United Kingdom Limited
International Business Machines Corp,USA,name,National Savings and Investments,Digital Integration and Service Operations,Active,active,active,complete,34216262.0,contract,GBP,False,1,services,,2022-05-31,,2028-04-29,estimated (start + duration),,2022-06-30,ocds-h6vhtk-029ad2,017882-2022-21-CPN-01-1,017882-2022-21-CPN-01-1,https://www.find-tender.service.gov.uk/Notice/017882-2022,IBM United Kingdom Ltd
International Business Machines Corp,USA,name,Home Office,IBM Enterprise Licensing Agreement - Home Office Biometrics,Active,active,active,complete,4869972.17,contract,GBP,False,1,,,2026-04-30,2026-05-01,2028-04-30,contract,,2026-06-10,ocds-h6vhtk-068a7a,1,1,https://www.find-tender.service.gov.uk/api/1.0/ocdsRecordPackages/ocds-h6vhtk-068a7a,IBM United Kingdom Limited
International Business Machines Corp,USA,name,Home Office,BIOMETRIC MATCHER AND ASSOCIATED SERVICES,Active,active,active,complete,65659748.15,contract,GBP,False,1,services,,2023-06-28,,2028-06-01,estimated (start + duration),,2023-07-25,ocds-h6vhtk-02db88,021195-2023-C21640-1,021195-2023-C21640-1,https://www.find-tender.service.gov.uk/Notice/021195-2023,IBM UNITED KINGDOM LIMITED
International Business Machines Corp,USA,name,Crown Commercial Service,Lot 1 - Technology and Digital Consultancy Services,Active,active,active,complete,960000000.0,contract,GBP,True,263,services,2025-12-01,2025-12-12,2025-12-12,2028-06-11,contract,2028-12-11,2026-09-09,ocds-h6vhtk-04eac3,1,1,https://www.find-tender.service.gov.uk/api/1.0/ocdsRecordPackages/ocds-h6vhtk-04eac3,IBM UK Limited
International Business Machines Corp,USA,name,Crown Commercial Service,Lot 2. Transition & Service Integration and Management (SIAM),Active,active,active,complete,1600000000.0,contract,GBP,True,172,services,2025-12-01,2025-12-12,2025-12-12,2028-06-11,contract,2028-12-11,2026-09-09,ocds-h6vhtk-04eac3,2,2,https://www.find-tender.service.gov.uk/api/1.0/ocdsRecordPackages/ocds-h6vhtk-04eac3,IBM UK Limited
International Business Machines Corp,USA,name,Crown Commercial Service,Lot 3. End User Services,Active,active,active,complete,1600000000.0,contract,GBP,True,128,services,2025-12-01,2025-12-12,2025-12-12,2028-06-11,contract,2028-12-11,2026-09-09,ocds-h6vhtk-04eac3,3,3,https://www.find-tender.service.gov.uk/api/1.0/ocdsRecordPackages/ocds-h6vhtk-04eac3,IBM UK Limited
International Business Machines Corp,USA,name,Crown Commercial Service,Lot 3a. End User Services (lower value and complexity),Active,active,active,complete,480000000.0,contract,GBP,True,194,services,2025-12-01,2025-12-12,2025-12-12,2028-06-11,contract,2028-12-11,2026-09-09,ocds-h6vhtk-04eac3,4,4,https://www.find-tender.service.gov.uk/api/1.0/ocdsRecordPackages/ocds-h6vhtk-04eac3,IBM UK Limited
International Business Machines Corp,USA,name,Crown Commercial Service,Lot 4. Infrastructure Management,Active,active,active,complete,2080000000.0,contract,GBP,True,123,services,2025-12-01,2025-12-12,2025-12-12,2028-06-11,contract,2028-12-11,2026-09-09,ocds-h6vhtk-04eac3,5,5,https://www.find-tender.service.gov.uk/api/1.0/ocdsRecordPackages/ocds-h6vhtk-04eac3,IBM UK Limited
International Business Machines Corp,USA,name,Crown Commercial Service,Lot 4a. Infrastructure Management (lower value and complexity),Active,active,active,complete,480000000.0,contract,GBP,True,189,services,2025-12-01,2025-12-12,2025-12-12,2028-06-11,contract,2028-12-11,2026-09-09,ocds-h6vhtk-04eac3,6,6,https://www.find-tender.service.gov.uk/api/1.0/ocdsRecordPackages/ocds-h6vhtk-04eac3,IBM UK Limited
International Business Machines Corp,USA,name,Crown Commercial Service,Lot 5. Application and Data Management,Active,active,active,complete,3200000000.0,contract,GBP,True,140,services,2025-12-01,2025-12-12,2025-12-12,2028-06-11,contract,2028-12-11,2026-09-09,ocds-h6vhtk-04eac3,7,7,https://www.find-tender.service.gov.uk/api/1.0/ocdsRecordPackages/ocds-h6vhtk-04eac3,IBM UK Limited
International Business Machines Corp,USA,name,Crown Commercial Service,Lot 5a. Application and Data Management (lower value and complexity),Active,active,active,complete,1600000000.0,contract,GBP,True,220,services,2025-12-01,2025-12-12,2025-12-12,2028-06-11,contract,2028-12-11,2026-09-09,ocds-h6vhtk-04eac3,8,8,https://www.find-tender.service.gov.uk/api/1.0/ocdsRecordPackages/ocds-h6vhtk-04eac3,IBM UK Limited
International Business Machines Corp,USA,name,Crown Commercial Service,Lot 6. Major Technology Services Transformation Programmes,Active,active,active,complete,4000000000.0,contract,GBP,True,76,services,2025-12-01,2025-12-12,2025-12-12,2028-06-11,contract,2028-12-11,2026-09-09,ocds-h6vhtk-04eac3,9,9,https://www.find-tender.service.gov.uk/api/1.0/ocdsRecordPackages/ocds-h6vhtk-04eac3,IBM UK Limited
International Business Machines Corp,USA,name,Ministry of Defence,Operational Services - Operational Management,Active,active,active,,1076591209.2,contract,GBP,False,1,services,,2024-04-04,,2029-03-09,estimated (start + duration),,2024-08-01,ocds-h6vhtk-0486d8,024171-2024-709190450-1,024171-2024-709190450-1,https://www.find-tender.service.gov.uk/Notice/024171-2024,IBM UK Ltd
International Business Machines Corp,USA,name,BBC (British Broadcasting Corporation),Domain Name Service (DNS) Solution,Active,active,,complete,1100000.0,award,GBP,False,1,,2026-05-29,,2026-06-12,2029-05-28,award,,2026-08-05,ocds-h6vhtk-06ac8d,1,,https://www.find-tender.service.gov.uk/api/1.0/ocdsRecordPackages/ocds-h6vhtk-06ac8d,IBM United Kingdom Limited
International Business Machines Corp,USA,name,BBC (British Broadcasting Corporation),Domain Name Service (DNS) Solution,Active,active,active,complete,1100000.0,contract,GBP,False,1,,,2026-05-29,2026-06-01,2029-05-31,contract,2030-05-31,2026-08-05,ocds-h6vhtk-06ac8d,2,2,https://www.find-tender.service.gov.uk/api/1.0/ocdsRecordPackages/ocds-h6vhtk-06ac8d,IBM United Kingdom Limited
International Business Machines Corp,USA,name,YORKSHIRE WATER SERVICES LIMITED,Customer Interaction Management (CIM) - Professional Services,Active,active,active,complete,9021846.0,contract,GBP,True,1,services,,2022-09-05,,2029-07-30,estimated (start + duration),,2022-10-19,ocds-h6vhtk-02fba2,029478-2022-1,029478-2022-1,https://www.find-tender.service.gov.uk/Notice/029478-2022,IBM United Kingdom Limited
International Business Machines Corp,USA,name,Financial Conduct Authority,Consultancy & Skilled Persons Framework 3,Active,active,active,complete,170000000.0,contract,GBP,True,89,services,2026-02-19,2026-04-01,2026-04-01,2030-03-31,contract,,2026-04-15,ocds-h6vhtk-0523e0,1,1,https://www.find-tender.service.gov.uk/api/1.0/ocdsRecordPackages/ocds-h6vhtk-0523e0,IBM United Kingdom Limited
International Business Machines Corp,USA,name,BANK OF ENGLAND,IBM Cloudpak for Integration Support and Maintenance Renewal,Active,active,active,complete,7027293.02,contract,GBP,False,1,services,2025-11-05,2025-12-22,2026-01-01,2030-12-31,contract,,2026-02-11,ocds-h6vhtk-051f82,1,1,https://www.find-tender.service.gov.uk/api/1.0/ocdsRecordPackages/ocds-h6vhtk-051f82,IBM LIMITED
International Business Machines Corp,USA,name,Ministry of Defence,"Defence Equipment Engineering Asset Management Service 
(DEEAMS)",Active,active,active,active,12440843925.84,contract,GBP,False,1,services,,2025-09-30,,2031-03-03,estimated (start + duration),,2025-11-03,ocds-h6vhtk-03b08a,070560-2025-711315450-1,070560-2025-711315450-1,https://www.find-tender.service.gov.uk/Notice/070560-2025,IBM United Kingdom Limited
International Business Machines Corp,USA,name,Northern Ireland Electricity Networks Ltd,Lot 1 - Business Applications Support & Development Resources,Active,active,active,complete,9000000.0,contract,GBP,True,8,services,,2025-05-01,,2032-03-25,estimated (start + duration),,2025-05-27,ocds-h6vhtk-0445e1,027704-2025-CA295 (2024)-1,027704-2025-CA295 (2024)-1,https://www.find-tender.service.gov.uk/Notice/027704-2025,IBM UK LTD
International Business Machines Corp,USA,name,Northern Ireland Electricity Networks Ltd,Lot 3 - Maximo Support & Development Services,Active,active,active,complete,3000000.0,contract,GBP,True,5,services,,2025-05-01,,2032-03-25,estimated (start + duration),,2025-05-27,ocds-h6vhtk-0445e1,027704-2025-CA295 (2024)-3,027704-2025-CA295 (2024)-3,https://www.find-tender.service.gov.uk/Notice/027704-2025,IBM UK LTD
International Business Machines Corp,USA,name,Northern Ireland Electricity Networks Ltd,Lot 2 - Maximo Development Partners,Active,active,active,complete,3000000.0,contract,GBP,True,4,services,,2026-06-25,,2033-05-19,estimated (start + duration),,2026-06-30,ocds-h6vhtk-048b55,061395-2026-CA297-2,061395-2026-CA297-2,https://www.find-tender.service.gov.uk/Notice/061395-2026,IBM UNITED KINGDOM LIMITED
International Business Machines Corp,USA,name,Northern Ireland Electricity Networks Ltd,Change Project Partners,Active,active,active,complete,22000000.0,contract,GBP,True,5,services,,2026-06-25,,2033-05-19,estimated (start + duration),,2026-06-30,ocds-h6vhtk-048b55,061395-2026-CA297-4,061395-2026-CA297-4,https://www.find-tender.service.gov.uk/Notice/061395-2026,IBM UNITED KINGDOM LIMITED
International Business Machines Corp,USA,name,UK Biobank Ltd,Laboratory IT Systems,Active,active,active,complete,5938026.0,contract,GBP,False,1,goods,,2025-11-04,,2033-05-26,estimated (start + duration),,2025-11-05,ocds-h6vhtk-04da9d,071135-2025-1,071135-2025-1,https://www.find-tender.service.gov.uk/Notice/071135-2025,IBM UNITED KINGDOM LIMITED
International Business Machines Corp,USA,name,Secretary of State for the Home Department,User Services for Emergency Services Network (ESN),Active,active,active,complete,1362000000.0,contract,GBP,False,1,services,,2024-12-16,,2034-06-27,estimated (start + duration),,2025-01-14,ocds-h6vhtk-037300,001272-2025-C18116-1,001272-2025-C18116-1,https://www.find-tender.service.gov.uk/Notice/001272-2025,IBM United Kingdom Limited
International Business Machines Corp,USA,name,Department for Work and Pensions,Synergy Technology (including ERP) and Systems Integration Services,Active,active,active,complete,710885044.45,contract,GBP,False,1,services,,2024-08-30,,2036-06-28,estimated (start + duration),,2024-09-25,ocds-h6vhtk-03bcfb,030687-2024-ecm_12155-1,030687-2024-ecm_12155-1,https://www.find-tender.service.gov.uk/Notice/030687-2024,IBM UNITED KINGDOM LIMITED
Kongsberg Gruppen ASA,Norway,name,UK Research & Innovation (UKRI),UKRI-6124 RRS SDA - Capacitor Bank Replacement,Active,active,active,complete,49894.0,contract,EUR,False,1,,,2026-06-03,2026-06-04,2026-10-30,contract,,2026-06-04,ocds-h6vhtk-06ad2f,1,1,https://www.find-tender.service.gov.uk/api/1.0/ocdsRecordPackages/ocds-h6vhtk-06ad2f,Kongsberg Maritime AS
Kongsberg Gruppen ASA,Norway,name,UK Research and Innovation,CSP26407 - Deck Machinery,Active,active,active,complete,178000.0,contract,NOK,False,1,,,2026-04-07,2026-04-08,2026-10-30,contract,,2026-04-13,ocds-h6vhtk-0680bf,1,1,https://www.find-tender.service.gov.uk/api/1.0/ocdsRecordPackages/ocds-h6vhtk-0680bf,Kongsberg Maritime Netherlands BV c/o Global Distribution Center-Europe
Kongsberg Gruppen ASA,Norway,name,UK Research and Innovation,CSP26764 - MP Breaker Modification,Active,active,active,complete,19873.0,contract,EUR,False,1,,,2026-07-06,2026-07-07,2026-10-31,contract,,2026-08-12,ocds-h6vhtk-06e2e0,1,1,https://www.find-tender.service.gov.uk/api/1.0/ocdsRecordPackages/ocds-h6vhtk-06e2e0,Kongsberg Maritime AS
Kongsberg Gruppen ASA,Norway,name,UK Research and Innovation,CSP26665 - Maintenance Inspection of Winches,Active,active,active,complete,17933.5,contract,GBP,False,1,,,2026-07-08,2026-07-09,2026-10-31,contract,,2026-07-10,ocds-h6vhtk-06c899,1,1,https://www.find-tender.service.gov.uk/api/1.0/ocdsRecordPackages/ocds-h6vhtk-06c899,Kongsberg Maritime AS
Kongsberg Gruppen ASA,Norway,name,National Oceanography Centre,Provision of a Seapath and MGC Navigation System & System Upgrade for RRS Discovery,Active,active,active,complete,197332.0,contract,USD,False,1,,,2025-11-11,2025-11-11,2026-11-10,contract,,2025-11-13,ocds-h6vhtk-05e02e,1,1,https://www.find-tender.service.gov.uk/api/1.0/ocdsRecordPackages/ocds-h6vhtk-05e02e,Kongsberg Discovery AS
Kongsberg Gruppen ASA,Norway,name,UK Research and Innovation,CSP26856 - ETO - Marine Controller for Stock,Active,active,active,complete,10955.91,contract,GBP,False,1,,,2026-09-16,2026-09-16,2026-12-16,contract,,2026-09-22,ocds-h6vhtk-077788,1,1,https://www.find-tender.service.gov.uk/api/1.0/ocdsRecordPackages/ocds-h6vhtk-077788,Kongsberg Maritime Netherlands BV
Kongsberg Gruppen ASA,Norway,name,UK Research and Innovation,CSP26568 - ConConnect remote system,Active,active,active,complete,21200.0,contract,GBP,False,1,,,2026-06-03,2026-06-04,2027-01-29,contract,,2026-06-04,ocds-h6vhtk-06addc,1,1,https://www.find-tender.service.gov.uk/api/1.0/ocdsRecordPackages/ocds-h6vhtk-06addc,Kongsberg Maritime AS
Kongsberg Gruppen ASA,Norway,name,National Oceanography Centre,Provision of a Kongsberg EK-80 Echo Sounder System,Active,active,active,complete,106456.56,contract,GBP,False,1,,,2026-01-30,2026-01-30,2027-04-01,contract,,2026-02-19,ocds-h6vhtk-065853,1,1,https://www.find-tender.service.gov.uk/api/1.0/ocdsRecordPackages/ocds-h6vhtk-065853,Kongsberg Discovery AS
Kongsberg Gruppen ASA,Norway,name,UK Research and Innovation,CSP26586,Active,active,active,complete,12000.0,contract,GBP,False,1,,,2026-06-08,2026-07-19,2027-07-19,contract,,2026-06-23,ocds-h6vhtk-06baaf,1,1,https://www.find-tender.service.gov.uk/api/1.0/ocdsRecordPackages/ocds-h6vhtk-06baaf,KONGSBERG MARITIME
Kongsberg Gruppen ASA,Norway,name,Tyne Coast College,"Ships Bridge Simulator Relocation, Upgrade and Installation",Active,active,active,complete,2305289.0,contract,GBP,False,2,,2026-04-02,2026-05-14,2026-05-14,2027-09-30,contract,,2026-06-12,ocds-h6vhtk-067a5f,1,1,https://www.find-tender.service.gov.uk/api/1.0/ocdsRecordPackages/ocds-h6vhtk-067a5f,KONGSBERG MARITIME
Kongsberg Gruppen ASA,Norway,name,Tyne Coast College,"Ships Engine Room Control Room Simulator Relocation, Upgrade and Installation",Active,active,active,complete,95764.0,contract,GBP,False,2,,2026-04-02,2026-05-14,2026-05-14,2027-09-30,contract,,2026-06-12,ocds-h6vhtk-067a5f,2,2,https://www.find-tender.service.gov.uk/api/1.0/ocdsRecordPackages/ocds-h6vhtk-067a5f,KONGSBERG MARITIME
Kongsberg Gruppen ASA,Norway,name,Maritime and Coastguard Agency,UK Long Range Identification and Tracking Collaborative Data Centre,Active,active,active,complete,1434784.0,contract,GBP,False,1,services,2026-05-22,2026-06-08,2026-07-01,2029-06-30,contract,2031-06-30,2026-06-23,ocds-h6vhtk-05e8ab,1,1,https://www.find-tender.service.gov.uk/api/1.0/ocdsRecordPackages/ocds-h6vhtk-05e8ab,KONGSBERG NORCONTROL LIMITED
Kongsberg Gruppen ASA,Norway,name,Home Office,Kongsberg Propulsion System maintenance UK,Active,active,,complete,200000.0,award,GBP,False,1,,2025-05-13,,2025-06-05,2030-03-31,award,,2025-06-03,ocds-h6vhtk-050b09,1,,https://www.find-tender.service.gov.uk/api/1.0/ocdsRecordPackages/ocds-h6vhtk-050b09,Kongsberg Maritime Limited
Kongsberg Gruppen ASA,Norway,name,Home Office,Kongsberg Propulsion System maintenance - Europe,Active,active,,complete,620000.0,award,EUR,False,1,,2025-05-13,,2025-06-05,2030-03-31,award,,2025-06-03,ocds-h6vhtk-0511ea,1,,https://www.find-tender.service.gov.uk/api/1.0/ocdsRecordPackages/ocds-h6vhtk-0511ea,Kongsberg Maritime Netherlands BV
Kongsberg Gruppen ASA,Norway,name,Agri-Food and Biosciences Institute,ID 6202678 - AFBI – The Supply and Delivery of a Multibeam Echosounder 70923,Active,active,active,complete,215885.0,contract,GBP,False,1,goods,2026-06-25,2026-07-08,2026-07-09,2036-07-24,contract,,2026-07-28,ocds-h6vhtk-069dff,1,1,https://www.find-tender.service.gov.uk/api/1.0/ocdsRecordPackages/ocds-h6vhtk-069dff,Kongsberg Discovery AS
L3Harris Technologies Inc,USA,name,Government Commercial Agency,"Services - Architecture design, system integration, field support, training, and system sustainment activities",Active,active,active,complete,2600000000.0,contract,GBP,True,69,services,2026-06-16,2026-06-26,2026-06-26,2029-06-25,contract,,2026-09-09,ocds-h6vhtk-04ff3b,1,1,https://www.find-tender.service.gov.uk/api/1.0/ocdsRecordPackages/ocds-h6vhtk-04ff3b,L3Harris Communications Systems UK Limited
L3Harris Technologies Inc,USA,name,Government Commercial Agency,Systems,Active,active,active,complete,4700000000.0,contract,GBP,True,56,services,2026-06-16,2026-06-26,2026-06-26,2029-06-25,contract,,2026-09-09,ocds-h6vhtk-04ff3b,2,2,https://www.find-tender.service.gov.uk/api/1.0/ocdsRecordPackages/ocds-h6vhtk-04ff3b,L3Harris Communications Systems UK Limited
L3Harris Technologies Inc,USA,name,Government Commercial Agency,Components,Active,active,active,complete,727000000.0,contract,GBP,True,75,services,2026-06-16,2026-06-26,2026-06-26,2029-06-25,contract,,2026-09-09,ocds-h6vhtk-04ff3b,3,3,https://www.find-tender.service.gov.uk/api/1.0/ocdsRecordPackages/ocds-h6vhtk-04ff3b,L3Harris Communications Systems UK Limited
L3Harris Technologies Inc,USA,name,Ministry of Defence,,Active,active,active,,11393875.0,contract,GBP,False,1,goods,,2025-08-26,,2030-08-25,estimated (start + duration),,2025-08-28,ocds-h6vhtk-058f7f,052053-2025-711875455-2-1,052053-2025-711875455-2-1,https://www.find-tender.service.gov.uk/Notice/052053-2025,L3Harris Communications Systems UK Limited
L3Harris Technologies Inc,USA,name,Ministry of Defence,Provision and Support of Medium Size Explosive Ordinance Disposal (EOD) Remote Control Vehicle (RCV),Active,active,active,complete,21021169.4,contract,GBP,False,1,services,,2024-04-23,2024-03-25,2034-10-23,tender,,2024-05-13,ocds-h6vhtk-036597,015157-2024-704839450-1,015157-2024-704839450-1,https://www.find-tender.service.gov.uk/Notice/015157-2024,L3 Harris TRL Technology Ltd
Leonardo SpA,Italy,name,Defence Equipment and Support,703918454 - PA23 EOST Support Extension,Active,active,active,complete,7801148.0,contract,GBP,False,1,,,2026-03-31,2026-04-01,2027-03-31,contract,,2026-05-27,ocds-h6vhtk-066f78,2,2,https://www.find-tender.service.gov.uk/api/1.0/ocdsRecordPackages/ocds-h6vhtk-066f78,Leonardo UK LTD
Leonardo SpA,Italy,name,Ministry of Defence,715882482 - Cyber Mission Data – Lot 2 (Cyber Data Product Delivery),Active,active,active,complete,877759.88,contract,GBP,False,1,,2026-06-30,2026-07-09,2026-08-05,2027-03-31,contract,,2026-08-12,ocds-h6vhtk-06bf9a,1,1,https://www.find-tender.service.gov.uk/api/1.0/ocdsRecordPackages/ocds-h6vhtk-06bf9a,Leonardo UK LTD
Leonardo SpA,Italy,name,Crown Commercial Service,Lot 1 - Digital Outcomes,Active,active,active,complete,3240000000.0,contract,GBP,True,1624,services,2026-01-19,2026-01-30,2026-01-30,2027-07-29,contract,2029-01-29,2026-09-09,ocds-h6vhtk-04fb0d,1,1,https://www.find-tender.service.gov.uk/api/1.0/ocdsRecordPackages/ocds-h6vhtk-04fb0d,LEONARDO UK LTD
Leonardo SpA,Italy,name,Crown Commercial Service,Lot 3. Digital Specialists,Active,active,active,complete,2000000000.0,contract,GBP,True,1272,services,2026-01-19,2026-01-30,2026-01-30,2027-07-29,contract,2029-01-29,2026-09-09,ocds-h6vhtk-04fb0d,3,3,https://www.find-tender.service.gov.uk/api/1.0/ocdsRecordPackages/ocds-h6vhtk-04fb0d,LEONARDO UK LTD
Leonardo SpA,Italy,name,Crown Commercial Service,Lot 1 - Technology and Digital Consultancy Services,Active,active,active,complete,960000000.0,contract,GBP,True,263,services,2025-12-01,2025-12-12,2025-12-12,2028-06-11,contract,2028-12-11,2026-09-09,ocds-h6vhtk-04eac3,1,1,https://www.find-tender.service.gov.uk/api/1.0/ocdsRecordPackages/ocds-h6vhtk-04eac3,Leonardo UK Ltd.
Leonardo SpA,Italy,name,Crown Commercial Service,Lot 2. Transition & Service Integration and Management (SIAM),Active,active,active,complete,1600000000.0,contract,GBP,True,172,services,2025-12-01,2025-12-12,2025-12-12,2028-06-11,contract,2028-12-11,2026-09-09,ocds-h6vhtk-04eac3,2,2,https://www.find-tender.service.gov.uk/api/1.0/ocdsRecordPackages/ocds-h6vhtk-04eac3,Leonardo UK Ltd.
Leonardo SpA,Italy,name,Crown Commercial Service,Lot 3. End User Services,Active,active,active,complete,1600000000.0,contract,GBP,True,128,services,2025-12-01,2025-12-12,2025-12-12,2028-06-11,contract,2028-12-11,2026-09-09,ocds-h6vhtk-04eac3,3,3,https://www.find-tender.service.gov.uk/api/1.0/ocdsRecordPackages/ocds-h6vhtk-04eac3,Leonardo UK Ltd.
Leonardo SpA,Italy,name,Crown Commercial Service,Lot 3a. End User Services (lower value and complexity),Active,active,active,complete,480000000.0,contract,GBP,True,194,services,2025-12-01,2025-12-12,2025-12-12,2028-06-11,contract,2028-12-11,2026-09-09,ocds-h6vhtk-04eac3,4,4,https://www.find-tender.service.gov.uk/api/1.0/ocdsRecordPackages/ocds-h6vhtk-04eac3,Leonardo UK Ltd.
Leonardo SpA,Italy,name,Crown Commercial Service,Lot 4. Infrastructure Management,Active,active,active,complete,2080000000.0,contract,GBP,True,123,services,2025-12-01,2025-12-12,2025-12-12,2028-06-11,contract,2028-12-11,2026-09-09,ocds-h6vhtk-04eac3,5,5,https://www.find-tender.service.gov.uk/api/1.0/ocdsRecordPackages/ocds-h6vhtk-04eac3,Leonardo UK Ltd.
Leonardo SpA,Italy,name,Crown Commercial Service,Lot 4a. Infrastructure Management (lower value and complexity),Active,active,active,complete,480000000.0,contract,GBP,True,189,services,2025-12-01,2025-12-12,2025-12-12,2028-06-11,contract,2028-12-11,2026-09-09,ocds-h6vhtk-04eac3,6,6,https://www.find-tender.service.gov.uk/api/1.0/ocdsRecordPackages/ocds-h6vhtk-04eac3,Leonardo UK Ltd.
Leonardo SpA,Italy,name,Crown Commercial Service,Lot 5. Application and Data Management,Active,active,active,complete,3200000000.0,contract,GBP,True,140,services,2025-12-01,2025-12-12,2025-12-12,2028-06-11,contract,2028-12-11,2026-09-09,ocds-h6vhtk-04eac3,7,7,https://www.find-tender.service.gov.uk/api/1.0/ocdsRecordPackages/ocds-h6vhtk-04eac3,Leonardo UK Ltd.
Leonardo SpA,Italy,name,Crown Commercial Service,Lot 5a. Application and Data Management (lower value and complexity),Active,active,active,complete,1600000000.0,contract,GBP,True,220,services,2025-12-01,2025-12-12,2025-12-12,2028-06-11,contract,2028-12-11,2026-09-09,ocds-h6vhtk-04eac3,8,8,https://www.find-tender.service.gov.uk/api/1.0/ocdsRecordPackages/ocds-h6vhtk-04eac3,Leonardo UK Ltd.
Leonardo SpA,Italy,name,Crown Commercial Service,Lot 6. Major Technology Services Transformation Programmes,Active,active,active,complete,4000000000.0,contract,GBP,True,76,services,2025-12-01,2025-12-12,2025-12-12,2028-06-11,contract,2028-12-11,2026-09-09,ocds-h6vhtk-04eac3,9,9,https://www.find-tender.service.gov.uk/api/1.0/ocdsRecordPackages/ocds-h6vhtk-04eac3,Leonardo UK Ltd.
Leonardo SpA,Italy,name,Ministry of Defence,,Active,active,active,,6383828.0,contract,GBP,False,1,goods,,2024-06-27,,2028-06-26,estimated (start + duration),,2024-07-19,ocds-h6vhtk-0482b8,022450-2024-708289450-1,022450-2024-708289450-1,https://www.find-tender.service.gov.uk/Notice/022450-2024,Leonardo UK Ltd.
Leonardo SpA,Italy,name,Defence Equipment and Support,Aircraft Commodity Consumables,Active,active,active,complete,65544166.67,contract,GBP,False,1,goods,,2026-05-29,2026-05-29,2029-05-28,contract,2033-05-28,2026-06-30,ocds-h6vhtk-04e8b9,2,2,https://www.find-tender.service.gov.uk/api/1.0/ocdsRecordPackages/ocds-h6vhtk-04e8b9,Leonardo UK Ltd
Leonardo SpA,Italy,name,"Secretary of State for the Home Department, Public Safety Group, Emergency Services Mobile Communications Programme (ESMCP)",ESMCP MCX Dispatcher and related services,Active,active,active,complete,11300000.0,contract,GBP,False,1,services,,2025-07-10,,2029-06-19,estimated (start + duration),,2025-08-07,ocds-h6vhtk-04022a,046791-2025-Contract_16067-1,046791-2025-Contract_16067-1,https://www.find-tender.service.gov.uk/Notice/046791-2025,Leonardo UK Limited
Leonardo SpA,Italy,name,Ministry of Defence,Provision of New Medium Helicopter Procurement (NMH) and Support Contract,Active,active,active,complete,989469800.0,contract,GBP,False,1,goods,,2026-03-23,,2033-02-14,estimated (start + duration),,2026-04-10,ocds-h6vhtk-033ae8,032735-2026-702091450-1,032735-2026-702091450-1,https://www.find-tender.service.gov.uk/Notice/032735-2026,Leonardo UK Ltd
Leonardo SpA,Italy,name,BLUELIGHT COMMERCIAL LIMITED,Lot 3 - Cyber Resilience Audit Services,Active,active,active,complete,4000000.0,contract,GBP,True,8,services,2026-04-28,2026-06-08,2026-06-08,2034-06-07,contract,2033-12-18,2026-09-18,ocds-h6vhtk-0553a6,11,11,https://www.find-tender.service.gov.uk/api/1.0/ocdsRecordPackages/ocds-h6vhtk-0553a6,LEONARDO UK LTD
Leonardo SpA,Italy,name,Home Office,Future Cyclamen Project Contract Award,Active,active,active,complete,99900000.0,contract,GBP,False,1,services,,2026-04-30,,2036-03-08,estimated (start + duration),,2026-07-30,ocds-h6vhtk-048802,069098-2026-1,069098-2026-1,https://www.find-tender.service.gov.uk/Notice/069098-2026,Leonardo UK Ltd
Lockheed Martin Corp,USA,name,Ministry of Defence,713289450-Procurement of Drill Rounds and Gauges,Active,active,active,complete,8973924.0,contract,GBP,False,1,goods,,2025-04-17,,2028-04-16,estimated (start + duration),,2025-05-15,ocds-h6vhtk-04b6e8,021933-2025-713289450-1,021933-2025-713289450-1,https://www.find-tender.service.gov.uk/Notice/021933-2025,Lockheed Martin Ampthill UK Ltd
Lockheed Martin Corp,USA,name,Defence Equipment and Support,715070450 SONAR 2054IR IN-SERVICE SUPPORT (ISS),Active,active,active,complete,8863833.0,contract,GBP,False,1,,2026-03-16,2026-03-30,2026-04-01,2032-03-31,contract,,2026-04-22,ocds-h6vhtk-0562bf,1,1,https://www.find-tender.service.gov.uk/api/1.0/ocdsRecordPackages/ocds-h6vhtk-0562bf,Lockheed Martin UK Ltd
Motorola Solutions Inc,USA,name,East Of England NHS Collaborative Hub,Framework Agreement for Personal Video Devices & Accessories,Active,active,active,complete,1000000.0,contract,GBP,True,4,goods,,2022-11-01,,2026-10-11,estimated (start + duration),,2023-12-06,ocds-h6vhtk-02f66d,035902-2023-1-1,035902-2023-1-1,https://www.find-tender.service.gov.uk/Notice/035902-2023,Motorola Solutions UK Ltd
Motorola Solutions Inc,USA,name,The Police and Crime Commissioner for Lincolnshire,Airwave Booster for local police stations,Active,active,active,complete,,,GBP,False,1,,,2026-09-14,2026-09-14,2026-10-14,contract,,2026-09-22,ocds-h6vhtk-077772,1,1,https://www.find-tender.service.gov.uk/api/1.0/ocdsRecordPackages/ocds-h6vhtk-077772,MOTOROLA SOLUTIONS UK LIMITED
Motorola Solutions Inc,USA,name,POLICE DIGITAL SERVICE,TETRA  Airwave Products and Services,Active,active,active,complete,50000000.0,contract,GBP,True,1,goods,,2023-01-01,,2026-12-11,estimated (start + duration),,2026-04-10,ocds-h6vhtk-030b2c,003540-2023-2-2,003540-2023-2-2,https://www.find-tender.service.gov.uk/Notice/003540-2023,Motorola Solutions UK Ltd
Motorola Solutions Inc,USA,name,West Midlands Fire and Rescue Authority,SAN J RENEWALS,Active,active,active,complete,,,GBP,False,1,,,2025-03-18,2025-03-19,2026-12-31,contract,,2025-04-04,ocds-h6vhtk-04fd71,1,1,https://www.find-tender.service.gov.uk/api/1.0/ocdsRecordPackages/ocds-h6vhtk-04fd71,AIRWAVE SOLUTIONS LIMITED
Motorola Solutions Inc,USA,name,NHS England,Resilient Telecoms,Active,active,active,complete,23987.0,contract,GBP,False,1,,,2026-04-01,2026-04-01,2027-03-31,contract,,2026-07-13,ocds-h6vhtk-06c9b8,1,1,https://www.find-tender.service.gov.uk/api/1.0/ocdsRecordPackages/ocds-h6vhtk-06c9b8,Airwave Solutions
Motorola Solutions Inc,USA,name,West Midlands Ambulance Service University NHS FT,Body Worn Camera Software Subscription,Active,active,active,complete,98592.0,contract,GBP,False,1,,,2026-07-03,2026-07-03,2027-06-30,contract,2029-06-30,2026-07-03,ocds-h6vhtk-06c399,1,1,https://www.find-tender.service.gov.uk/api/1.0/ocdsRecordPackages/ocds-h6vhtk-06c399,MOTOROLA SOLUTIONS UK LIMITED
Motorola Solutions Inc,USA,name,National Highways,"Lot 1- Detector Systems (Goods, Services and Maintenance)",Active,active,active,complete,190000000.0,contract,GBP,True,27,services,,2025-09-08,,2027-08-29,estimated (start + duration),,2025-09-08,ocds-h6vhtk-02c68e,054580-2025-1,054580-2025-1,https://www.find-tender.service.gov.uk/Notice/054580-2025,Motorola Solutions UK Limited
Motorola Solutions Inc,USA,name,Crown Commercial Service,"Lot 5 - Enforcement, Security and Compliance",Active,active,active,complete,500000000.0,contract,GBP,True,43,services,2025-10-13,2025-10-23,2025-10-23,2027-10-22,contract,2028-10-22,2026-07-22,ocds-h6vhtk-04ec9e,5,5,https://www.find-tender.service.gov.uk/api/1.0/ocdsRecordPackages/ocds-h6vhtk-04ec9e,MOTOROLA SOLUTIONS UK LIMITED
Motorola Solutions Inc,USA,name,Crown Commercial Service,"Lot 8e - Detectors, Informing Systems & Communication Technologies",Active,active,active,complete,69600000.0,contract,GBP,True,45,services,2025-10-13,2025-10-23,2025-10-23,2027-10-22,contract,2028-10-22,2026-07-22,ocds-h6vhtk-04ec9e,14,14,https://www.find-tender.service.gov.uk/api/1.0/ocdsRecordPackages/ocds-h6vhtk-04ec9e,MOTOROLA SOLUTIONS UK LIMITED
Motorola Solutions Inc,USA,name,ScotRail Trains Limited,Body Worn Cameras,Active,active,active,complete,,,GBP,False,1,goods,,2023-12-07,,2027-11-16,estimated (start + duration),,2024-01-08,ocds-h6vhtk-03660d,000470-2024-1,000470-2024-1,https://www.find-tender.service.gov.uk/Notice/000470-2024,Motorola Solutions UK Limited
Motorola Solutions Inc,USA,name,Ministry of Justice,Body Worn Video Cameras,Active,active,active,complete,5800000.0,contract,GBP,False,1,goods,,2022-03-21,,2028-02-18,estimated (start + duration),,2022-03-30,ocds-h6vhtk-02ec18,008494-2022-con_20242-1,008494-2022-con_20242-1,https://www.find-tender.service.gov.uk/Notice/008494-2022,Motorola Solutions UK Ltd
Motorola Solutions Inc,USA,name,"Meta Procurement, on behalf of Efficiency East Midlands Limited",Camera Framework,Active,active,active,complete,250000000.0,contract,GBP,True,4,goods,,2024-04-03,,2028-03-13,estimated (start + duration),,2024-04-17,ocds-h6vhtk-03dd18,012506-2024-EEM0078-1,012506-2024-EEM0078-1,https://www.find-tender.service.gov.uk/Notice/012506-2024,Motorola Solutions UK Ltd
Motorola Solutions Inc,USA,name,"The Police, Fire and Crime Commissioner for Northamptonshire",The provision of licences and support for ICCs Cortex,Active,active,active,complete,461962.05,contract,GBP,False,1,,2025-04-01,2025-04-11,2025-04-14,2028-04-13,contract,,2025-05-20,ocds-h6vhtk-04fa93,1,1,https://www.find-tender.service.gov.uk/api/1.0/ocdsRecordPackages/ocds-h6vhtk-04fa93,ZETRON LIMITED
Motorola Solutions Inc,USA,name,Norfolk County Council,Radios for NFRS for the Emergency National Radio Network  - S497247,Active,active,active,complete,86750.0,contract,GBP,False,1,,,2025-04-27,2025-04-28,2028-05-31,contract,,2025-06-03,ocds-h6vhtk-052b9d,1,1,https://www.find-tender.service.gov.uk/api/1.0/ocdsRecordPackages/ocds-h6vhtk-052b9d,Airwave Solutions Limited
Motorola Solutions Inc,USA,name,Crown Commercial Service,Lot 5. Application and Data Management,Active,active,active,complete,3200000000.0,contract,GBP,True,140,services,2025-12-01,2025-12-12,2025-12-12,2028-06-11,contract,2028-12-11,2026-09-09,ocds-h6vhtk-04eac3,7,7,https://www.find-tender.service.gov.uk/api/1.0/ocdsRecordPackages/ocds-h6vhtk-04eac3,Motorola Solutions UK Ltd
Motorola Solutions Inc,USA,name,Crown Commercial Service,Lot 5a. Application and Data Management (lower value and complexity),Active,active,active,complete,1600000000.0,contract,GBP,True,220,services,2025-12-01,2025-12-12,2025-12-12,2028-06-11,contract,2028-12-11,2026-09-09,ocds-h6vhtk-04eac3,8,8,https://www.find-tender.service.gov.uk/api/1.0/ocdsRecordPackages/ocds-h6vhtk-04eac3,Motorola Solutions UK Ltd
Motorola Solutions Inc,USA,name,Police and Crime Commissioner for Dyfed-Powys,Contact Management Solution,Active,active,active,complete,3580851.0,contract,GBP,False,1,goods,,2021-11-30,,2028-10-24,estimated (start + duration),,2022-04-28,ocds-h6vhtk-0295ac,010890-2022-DPP2021-1,010890-2022-DPP2021-1,https://www.find-tender.service.gov.uk/Notice/010890-2022,Airwave Solutions.com
Motorola Solutions Inc,USA,name,Hertfordshire County Council,HCC02/23- Provision of Mobilising System for Fire Control Collaboration,Active,active,active,complete,40500000.0,contract,GBP,False,1,services,,2023-11-30,,2028-11-03,estimated (start + duration),,2023-11-30,ocds-h6vhtk-03a553,035325-2023-HCC2214170-1,035325-2023-HCC2214170-1,https://www.find-tender.service.gov.uk/Notice/035325-2023,Motorola Solutions UK Limited
Motorola Solutions Inc,USA,name,Police & Crime Commissioner for Merseyside & Chief Constable for Merseyside,CallTouch DataGateway,Active,active,active,complete,37509.2,contract,GBP,False,1,,,2026-04-01,2026-04-01,2029-03-31,contract,,2026-05-19,ocds-h6vhtk-069b81,1,1,https://www.find-tender.service.gov.uk/api/1.0/ocdsRecordPackages/ocds-h6vhtk-069b81,ZETRON LIMITED
Motorola Solutions Inc,USA,check,BlueLight Commercial Ltd,Lot 1 -  Body Worn Video,Active,active,active,complete,64000000.0,contract,GBP,True,3,goods,,2025-04-22,,2029-04-01,estimated (start + duration),,2025-05-14,ocds-h6vhtk-04b0e8,021361-2025-BLC0125 Lot 1-1,021361-2025-BLC0125 Lot 1-1,https://www.find-tender.service.gov.uk/Notice/021361-2025,Motorola Limited
Motorola Solutions Inc,USA,check,BlueLight Commercial Ltd,Lot 2 -  In Vehicle Video,Active,active,active,complete,120000.0,contract,GBP,True,2,goods,,2025-04-22,,2029-04-01,estimated (start + duration),,2025-05-14,ocds-h6vhtk-04b0e8,021361-2025-BLC0125 Lot 2-2,021361-2025-BLC0125 Lot 2-2,https://www.find-tender.service.gov.uk/Notice/021361-2025,Motorola Limited
Motorola Solutions Inc,USA,check,BlueLight Commercial Ltd,Lot  - Combined solution Body Worn Video In Vehicle Video,Active,active,active,complete,9000000.0,contract,GBP,True,2,goods,,2025-04-22,,2029-04-01,estimated (start + duration),,2025-05-14,ocds-h6vhtk-04b0e8,021361-2025-BLC0125 Lot 3-3,021361-2025-BLC0125 Lot 3-3,https://www.find-tender.service.gov.uk/Notice/021361-2025,Motorola Limited
Motorola Solutions Inc,USA,name,NHS Shared Business Services Limited,"Supply, Installation, and Maintenance of CCTV and VSS",Active,active,active,complete,125000000.0,contract,GBP,True,1,services,,2025-04-29,,2029-04-08,estimated (start + duration),,2025-06-04,ocds-h6vhtk-03b44e,029687-2025-SBS10502-63,029687-2025-SBS10502-63,https://www.find-tender.service.gov.uk/Notice/029687-2025,Motorola Solutions UK Ltd
Motorola Solutions Inc,USA,name,NHS Shared Business Services Limited,"Supply, Installation, and Maintenance of Security Alarms, Fire Alarms, and Access Control Systems",Active,active,active,complete,125000000.0,contract,GBP,True,1,services,,2025-04-29,,2029-04-08,estimated (start + duration),,2025-06-04,ocds-h6vhtk-03b44e,029687-2025-SBS10502-102,029687-2025-SBS10502-102,https://www.find-tender.service.gov.uk/Notice/029687-2025,Motorola Solutions UK Ltd
Motorola Solutions Inc,USA,name,Tyne and Wear Fire and Rescue Service (TWFRS),Mobilising System,Active,active,active,complete,7182000.0,contract,GBP,False,1,goods,,2024-06-25,,2029-05-30,estimated (start + duration),,2024-06-26,ocds-h6vhtk-03eab3,019490-2024-1-1,019490-2024-1-1,https://www.find-tender.service.gov.uk/Notice/019490-2024,Motorola Solutions UK Ltd
Motorola Solutions Inc,USA,name,Home Office,ESMCP Control Room Systems Upgrade to ensure compatibility to the Emergency Services Network - Motorola,Active,active,active,complete,13454669.0,contract,GBP,False,1,,2026-06-18,2026-07-01,2026-07-01,2029-12-31,contract,2031-02-03,2026-07-30,ocds-h6vhtk-069ecb,1,1,https://www.find-tender.service.gov.uk/api/1.0/ocdsRecordPackages/ocds-h6vhtk-069ecb,MOTOROLA SOLUTIONS UK LIMITED
Motorola Solutions Inc,USA,name,Hereford & Worcester Fire and Rescue Service,Lot 1-3,Active,active,active,complete,7454128.99,contract,GBP,False,1,goods,,2023-07-03,,2030-05-27,estimated (start + duration),,2023-07-03,ocds-h6vhtk-03988a,018832-2023-1-1,018832-2023-1-1,https://www.find-tender.service.gov.uk/Notice/018832-2023,Motorola Solutions UK Limited
Motorola Solutions Inc,USA,name,Northumbria Police,"Body Worn Video Hardware, Software and Support",Active,active,active,complete,2490500.0,contract,GBP,False,1,goods,,2024-09-11,,2030-08-11,estimated (start + duration),,2025-02-13,ocds-h6vhtk-0487ba,004866-2025-NP0208-1,004866-2025-NP0208-1,https://www.find-tender.service.gov.uk/Notice/004866-2025,Motorola Solutions UK Ltd
Motorola Solutions Inc,USA,name,Scottish Prison Service,SPS-02293 The Provision of Body Worn Video Cameras (BWVC),Active,active,active,complete,848000.0,contract,GBP,False,1,goods,,2026-02-20,,2031-01-25,estimated (start + duration),,2026-02-23,ocds-h6vhtk-056455,015998-2026-SPS-02293-1,015998-2026-SPS-02293-1,https://www.find-tender.service.gov.uk/Notice/015998-2026,Motorola Solutions UK Ltd
Motorola Solutions Inc,USA,name,The Police and Crime Commissioner for Northumbria,Integrated Communication Control System,Active,active,active,complete,1393595.57,contract,GBP,False,2,goods,2026-02-16,2026-03-06,2026-03-13,2031-03-12,contract,2033-03-01,2026-03-16,ocds-h6vhtk-055da2,1,1,https://www.find-tender.service.gov.uk/api/1.0/ocdsRecordPackages/ocds-h6vhtk-055da2,ZETRON LIMITED; Zetron Ltd
Northrop Grumman Corp,USA,name,Ministry of Defence,AMML Support,Active,active,active,,15500000.0,contract,USD,False,1,services,,2021-11-29,,2026-11-28,estimated (start + duration),,2021-12-06,ocds-h6vhtk-02fdb6,030271-2021-701571386-1,030271-2021-701571386-1,https://www.find-tender.service.gov.uk/Notice/030271-2021,Northrop Grumman-IT
Northrop Grumman Corp,USA,name,Crown Commercial Service,Lot 1 - Digital Outcomes,Active,active,active,complete,3240000000.0,contract,GBP,True,1624,services,2026-01-19,2026-01-30,2026-01-30,2027-07-29,contract,2029-01-29,2026-09-09,ocds-h6vhtk-04fb0d,1,1,https://www.find-tender.service.gov.uk/api/1.0/ocdsRecordPackages/ocds-h6vhtk-04fb0d,NORTHROP GRUMMAN UK LIMITED
Northrop Grumman Corp,USA,name,Crown Commercial Service,Lot 2. Digital Capability and Delivery Partner,Active,active,active,complete,6700000000.0,contract,GBP,True,242,services,2026-01-19,2026-01-30,2026-01-30,2027-07-29,contract,2029-01-29,2026-09-09,ocds-h6vhtk-04fb0d,2,2,https://www.find-tender.service.gov.uk/api/1.0/ocdsRecordPackages/ocds-h6vhtk-04fb0d,NORTHROP GRUMMAN UK LIMITED
Northrop Grumman Corp,USA,name,Crown Commercial Service,Lot 3. Digital Specialists,Active,active,active,complete,2000000000.0,contract,GBP,True,1272,services,2026-01-19,2026-01-30,2026-01-30,2027-07-29,contract,2029-01-29,2026-09-09,ocds-h6vhtk-04fb0d,3,3,https://www.find-tender.service.gov.uk/api/1.0/ocdsRecordPackages/ocds-h6vhtk-04fb0d,NORTHROP GRUMMAN UK LIMITED
Northrop Grumman Corp,USA,name,Crown Commercial Service,Lot 1 - Technology and Digital Consultancy Services,Active,active,active,complete,960000000.0,contract,GBP,True,263,services,2025-12-01,2025-12-12,2025-12-12,2028-06-11,contract,2028-12-11,2026-09-09,ocds-h6vhtk-04eac3,1,1,https://www.find-tender.service.gov.uk/api/1.0/ocdsRecordPackages/ocds-h6vhtk-04eac3,Northrop Grumman UK Ltd.
Northrop Grumman Corp,USA,name,Crown Commercial Service,Lot 5. Application and Data Management,Active,active,active,complete,3200000000.0,contract,GBP,True,140,services,2025-12-01,2025-12-12,2025-12-12,2028-06-11,contract,2028-12-11,2026-09-09,ocds-h6vhtk-04eac3,7,7,https://www.find-tender.service.gov.uk/api/1.0/ocdsRecordPackages/ocds-h6vhtk-04eac3,Northrop Grumman UK Ltd.
Northrop Grumman Corp,USA,name,Crown Commercial Service,Lot 5a. Application and Data Management (lower value and complexity),Active,active,active,complete,1600000000.0,contract,GBP,True,220,services,2025-12-01,2025-12-12,2025-12-12,2028-06-11,contract,2028-12-11,2026-09-09,ocds-h6vhtk-04eac3,8,8,https://www.find-tender.service.gov.uk/api/1.0/ocdsRecordPackages/ocds-h6vhtk-04eac3,Northrop Grumman UK Ltd.
Northrop Grumman Corp,USA,name,Ministry of Defence,"In Service Support of Queen Elizabeth Class Integrated Navigation and Bridge Systems, and In Service Support for VM250 Radar, Astute Ships Inertial Navigation System, MK39 Gyroscope across Multiple Naval Platforms (QEC INBS).",Active,active,active,,204936740.0,contract,GBP,False,1,services,,2025-04-01,,2035-03-30,estimated (start + duration),,2025-05-15,ocds-h6vhtk-05143b,021670-2025-709942450-1,021670-2025-709942450-1,https://www.find-tender.service.gov.uk/Notice/021670-2025,Northrop Grumman UK Ltd
Palantir Technologies Inc,USA,name,Crown Commercial Service,Lot 2 - Transport Data Services,Active,active,active,complete,400000000.0,contract,GBP,True,106,services,2025-10-13,2025-10-23,2025-10-23,2027-10-22,contract,2028-10-22,2026-07-22,ocds-h6vhtk-04ec9e,2,2,https://www.find-tender.service.gov.uk/api/1.0/ocdsRecordPackages/ocds-h6vhtk-04ec9e,"PALANTIR TECHNOLOGIES UK, LTD."
Palantir Technologies Inc,USA,name,NHS England,Federated Data Platform and Associated Services,Active,active,active,complete,182242760.0,contract,GBP,False,1,services,,2023-11-22,,2028-10-26,estimated (start + duration),,2023-12-22,ocds-h6vhtk-0328ce,037776-2023-1,037776-2023-1,https://www.find-tender.service.gov.uk/Notice/037776-2023,"PALANTIR TECHNOLOGIES UK, LTD."
Palantir Technologies Inc,USA,name,Ministry of Defence,MOD Palantir Enterprise Agreement,Active,active,active,complete,240600000.0,contract,GBP,False,1,,2025-12-17,2025-12-30,2026-04-01,2029-03-31,contract,,2026-01-23,ocds-h6vhtk-05f7e9,1,1,https://www.find-tender.service.gov.uk/api/1.0/ocdsRecordPackages/ocds-h6vhtk-05f7e9,"PALANTIR TECHNOLOGIES UK, LTD."
RTX Corp,USA,name,UK Space Agency,NORSSTrack Cloud Licence,Active,active,active,complete,486138.0,contract,GBP,False,1,,2026-01-14,2026-01-26,2026-02-16,2027-03-31,contract,2027-03-31,2026-02-17,ocds-h6vhtk-05d0ef,1,1,https://www.find-tender.service.gov.uk/api/1.0/ocdsRecordPackages/ocds-h6vhtk-05d0ef,RAYTHEON SYSTEMS LIMITED
RTX Corp,USA,name,Crown Commercial Service,Lot 1 - Digital Outcomes,Active,active,active,complete,3240000000.0,contract,GBP,True,1624,services,2026-01-19,2026-01-30,2026-01-30,2027-07-29,contract,2029-01-29,2026-09-09,ocds-h6vhtk-04fb0d,1,1,https://www.find-tender.service.gov.uk/api/1.0/ocdsRecordPackages/ocds-h6vhtk-04fb0d,RAYTHEON SYSTEMS LIMITED
RTX Corp,USA,name,Crown Commercial Service,Lot 2. Digital Capability and Delivery Partner,Active,active,active,complete,6700000000.0,contract,GBP,True,242,services,2026-01-19,2026-01-30,2026-01-30,2027-07-29,contract,2029-01-29,2026-09-09,ocds-h6vhtk-04fb0d,2,2,https://www.find-tender.service.gov.uk/api/1.0/ocdsRecordPackages/ocds-h6vhtk-04fb0d,RAYTHEON SYSTEMS LIMITED
RTX Corp,USA,name,Crown Commercial Service,Lot 3. Digital Specialists,Active,active,active,complete,2000000000.0,contract,GBP,True,1272,services,2026-01-19,2026-01-30,2026-01-30,2027-07-29,contract,2029-01-29,2026-09-09,ocds-h6vhtk-04fb0d,3,3,https://www.find-tender.service.gov.uk/api/1.0/ocdsRecordPackages/ocds-h6vhtk-04fb0d,RAYTHEON SYSTEMS LIMITED
RTX Corp,USA,name,Ministry of Defence,DIPS Lot 6,Active,active,active,,32000000.0,contract,GBP,False,1,services,,2025-12-12,,2027-12-12,estimated (start + duration),,2026-02-11,ocds-h6vhtk-064da3,012307-2026-715160450-1,012307-2026-715160450-1,https://www.find-tender.service.gov.uk/Notice/012307-2026,Raytheon Systems Limited
RTX Corp,USA,name,City of Doncaster Council,Lot 1 Primary Surveillance Radar with Secondary Surveillance Radar,Active,active,active,complete,7726000.0,contract,GBP,False,2,goods,2026-05-12,2026-08-05,2026-08-05,2027-12-31,contract,2042-12-30,2026-09-25,ocds-h6vhtk-05df01,1,1,https://www.find-tender.service.gov.uk/api/1.0/ocdsRecordPackages/ocds-h6vhtk-05df01,RAYTHEON SYSTEMS LIMITED; Raytheon Systems Limited
RTX Corp,USA,name,Crown Commercial Service,Lot 1 - Technology and Digital Consultancy Services,Active,active,active,complete,960000000.0,contract,GBP,True,263,services,2025-12-01,2025-12-12,2025-12-12,2028-06-11,contract,2028-12-11,2026-09-09,ocds-h6vhtk-04eac3,1,1,https://www.find-tender.service.gov.uk/api/1.0/ocdsRecordPackages/ocds-h6vhtk-04eac3,Raytheon Systems Limited
RTX Corp,USA,name,Crown Commercial Service,Lot 2. Transition & Service Integration and Management (SIAM),Active,active,active,complete,1600000000.0,contract,GBP,True,172,services,2025-12-01,2025-12-12,2025-12-12,2028-06-11,contract,2028-12-11,2026-09-09,ocds-h6vhtk-04eac3,2,2,https://www.find-tender.service.gov.uk/api/1.0/ocdsRecordPackages/ocds-h6vhtk-04eac3,Raytheon Systems Limited
RTX Corp,USA,name,Crown Commercial Service,Lot 3. End User Services,Active,active,active,complete,1600000000.0,contract,GBP,True,128,services,2025-12-01,2025-12-12,2025-12-12,2028-06-11,contract,2028-12-11,2026-09-09,ocds-h6vhtk-04eac3,3,3,https://www.find-tender.service.gov.uk/api/1.0/ocdsRecordPackages/ocds-h6vhtk-04eac3,Raytheon Systems Limited
RTX Corp,USA,name,Crown Commercial Service,Lot 4. Infrastructure Management,Active,active,active,complete,2080000000.0,contract,GBP,True,123,services,2025-12-01,2025-12-12,2025-12-12,2028-06-11,contract,2028-12-11,2026-09-09,ocds-h6vhtk-04eac3,5,5,https://www.find-tender.service.gov.uk/api/1.0/ocdsRecordPackages/ocds-h6vhtk-04eac3,Raytheon Systems Limited
RTX Corp,USA,name,Crown Commercial Service,Lot 5. Application and Data Management,Active,active,active,complete,3200000000.0,contract,GBP,True,140,services,2025-12-01,2025-12-12,2025-12-12,2028-06-11,contract,2028-12-11,2026-09-09,ocds-h6vhtk-04eac3,7,7,https://www.find-tender.service.gov.uk/api/1.0/ocdsRecordPackages/ocds-h6vhtk-04eac3,Raytheon Systems Limited
RTX Corp,USA,name,Crown Commercial Service,Lot 6. Major Technology Services Transformation Programmes,Active,active,active,complete,4000000000.0,contract,GBP,True,76,services,2025-12-01,2025-12-12,2025-12-12,2028-06-11,contract,2028-12-11,2026-09-09,ocds-h6vhtk-04eac3,9,9,https://www.find-tender.service.gov.uk/api/1.0/ocdsRecordPackages/ocds-h6vhtk-04eac3,Raytheon Systems Limited
RTX Corp,USA,name,Government Commercial Agency,"Services - Architecture design, system integration, field support, training, and system sustainment activities",Active,active,active,complete,2600000000.0,contract,GBP,True,69,services,2026-06-16,2026-06-26,2026-06-26,2029-06-25,contract,,2026-09-09,ocds-h6vhtk-04ff3b,1,1,https://www.find-tender.service.gov.uk/api/1.0/ocdsRecordPackages/ocds-h6vhtk-04ff3b,Rockwell Collins
RTX Corp,USA,name,Government Commercial Agency,Systems,Active,active,active,complete,4700000000.0,contract,GBP,True,56,services,2026-06-16,2026-06-26,2026-06-26,2029-06-25,contract,,2026-09-09,ocds-h6vhtk-04ff3b,2,2,https://www.find-tender.service.gov.uk/api/1.0/ocdsRecordPackages/ocds-h6vhtk-04ff3b,Rockwell Collins
RTX Corp,USA,name,Government Commercial Agency,Components,Active,active,active,complete,727000000.0,contract,GBP,True,75,services,2026-06-16,2026-06-26,2026-06-26,2029-06-25,contract,,2026-09-09,ocds-h6vhtk-04ff3b,3,3,https://www.find-tender.service.gov.uk/api/1.0/ocdsRecordPackages/ocds-h6vhtk-04ff3b,Rockwell Collins
Rheinmetall AG,Germany,name,Ministry of Defence,The Repair and Overhaul of Various Fire Suppression Repairable Assets and Associated Items,Active,active,active,,23600000.0,contract,GBP,True,1,services,,2025-06-17,,2027-06-17,estimated (start + duration),,2025-07-29,ocds-h6vhtk-0567bc,043726-2025-IRM20/7500-1,043726-2025-IRM20/7500-1,https://www.find-tender.service.gov.uk/Notice/043726-2025,Rheinmetall BAE Systems Land (RBSL)
Rheinmetall AG,Germany,name,Ministry of Defence,IRM16/1297 - Repair of the Challenger 2 Commanders Sighting System,Active,active,active,,10412544.0,contract,GBP,True,1,services,,2024-06-18,,2027-06-18,estimated (start + duration),,2025-02-07,ocds-h6vhtk-04dcbd,004163-2025-IRM16/1297-1,004163-2025-IRM16/1297-1,https://www.find-tender.service.gov.uk/Notice/004163-2025,Rheinmetall BAE Systems Land (RBSL)
Rheinmetall AG,Germany,name,Defence Equipment and Support,"DGM/1908- Framework Agreement for the Repeat Procurement of Impact Rounds, Cannon Ammunition, Rockets and Grenades-2 Year Extension",Active,active,active,complete,184736836.0,contract,EUR,False,1,,2025-12-10,2026-01-29,2026-04-01,2028-03-31,contract,,2026-02-10,ocds-h6vhtk-05a6cf,1,1,https://www.find-tender.service.gov.uk/api/1.0/ocdsRecordPackages/ocds-h6vhtk-05a6cf,Rheinmetall Waffe Munition GmbH
Rheinmetall AG,Germany,name,Government Commercial Agency,"Services - Architecture design, system integration, field support, training, and system sustainment activities",Active,active,active,complete,2600000000.0,contract,GBP,True,69,services,2026-06-16,2026-06-26,2026-06-26,2029-06-25,contract,,2026-09-09,ocds-h6vhtk-04ff3b,1,1,https://www.find-tender.service.gov.uk/api/1.0/ocdsRecordPackages/ocds-h6vhtk-04ff3b,Rheinmetall Electronics UK
Rheinmetall AG,Germany,name,Government Commercial Agency,Systems,Active,active,active,complete,4700000000.0,contract,GBP,True,56,services,2026-06-16,2026-06-26,2026-06-26,2029-06-25,contract,,2026-09-09,ocds-h6vhtk-04ff3b,2,2,https://www.find-tender.service.gov.uk/api/1.0/ocdsRecordPackages/ocds-h6vhtk-04ff3b,Rheinmetall Electronics UK
Rheinmetall AG,Germany,name,Government Commercial Agency,Components,Active,active,active,complete,727000000.0,contract,GBP,True,75,services,2026-06-16,2026-06-26,2026-06-26,2029-06-25,contract,,2026-09-09,ocds-h6vhtk-04ff3b,3,3,https://www.find-tender.service.gov.uk/api/1.0/ocdsRecordPackages/ocds-h6vhtk-04ff3b,Rheinmetall Electronics UK
Rolls-Royce Holdings plc,UK,name,West Northamptonshire Council,2 year coverage for OAS diesel generator,Active,active,active,complete,76000.0,contract,GBP,False,1,,,2025-03-14,2025-04-01,2027-03-31,contract,,2026-06-09,ocds-h6vhtk-06b0aa,1,1,https://www.find-tender.service.gov.uk/api/1.0/ocdsRecordPackages/ocds-h6vhtk-06b0aa,ROLLS-ROYCE SOLUTIONS UK LIMITED
Rolls-Royce Holdings plc,UK,name,Great British Energy - Nuclear,Small Modular Reactor Technology Partner,Active,active,active,complete,359000000.0,contract,GBP,False,1,goods,,2026-04-10,,2041-07-20,estimated (start + duration),,2026-05-08,ocds-h6vhtk-03e2f8,042546-2026-1,042546-2026-1,https://www.find-tender.service.gov.uk/Notice/042546-2026,Rolls-Royce SMR Limited
International Business Machines Corp,USA,name,GUY'S AND ST THOMAS' NHS FOUNDATION TRUST,Professional Services and Consultancy,Extension window,active,active,complete,1000000000.0,contract,GBP,True,18,goods,2025-10-10,2025-11-17,2025-11-17,2025-11-18,contract,2033-11-01,2025-12-08,ocds-h6vhtk-04eae7,3,3,https://www.find-tender.service.gov.uk/api/1.0/ocdsRecordPackages/ocds-h6vhtk-04eae7,IBM LIMITED; IBM United Kingdom Limited
L3Harris Technologies Inc,USA,name,Defence Science and Technology Laboratory,Surface Assets Storage and Maintenance,Extension window,active,active,complete,968625.0,contract,GBP,False,4,,2025-12-02,2025-12-17,2025-12-17,2026-03-31,contract,2029-03-31,2025-12-30,ocds-h6vhtk-055320,1,1,https://www.find-tender.service.gov.uk/api/1.0/ocdsRecordPackages/ocds-h6vhtk-055320,L3 Harris ASV; L3HARRIS MAPPS LIMITED; L3HARRIS TECHNOLOGIES UK LIMITED; L3Harris Autonomous Surface Vehicles Limited
L3Harris Technologies Inc,USA,name,Ministry of Defence,714739451 ASOB MMR RADIOS,Extension window,active,active,complete,14763844.5,contract,GBP,False,1,,2025-12-16,2025-12-05,2025-12-05,2026-03-31,contract,2028-03-31,2026-02-10,ocds-h6vhtk-05f62c,1,1,https://www.find-tender.service.gov.uk/api/1.0/ocdsRecordPackages/ocds-h6vhtk-05f62c,L3HARRIS COMMUNICATIONS SYSTEMS UK LIMITED
Motorola Solutions Inc,USA,name,Northern Ireland Fire and Rescue Service,"MODAS Software Support, Development & Maintenance",Extension window,pending,,complete,240000.0,award,GBP,False,1,,2025-02-27,,2025-04-01,2026-03-31,award,2030-03-31,2025-02-27,ocds-h6vhtk-04e869,1,,https://www.find-tender.service.gov.uk/api/1.0/ocdsRecordPackages/ocds-h6vhtk-04e869,MOTOROLA SOLUTIONS UK LIMITED
BAE Systems PLC,UK,name,Defence Equipment and Support,"CMWS AAR-57, ALQ-157 and ALE 47 In Service Support",Upcoming,pending,,complete,56000000.0,award,GBP,False,1,services,,,2028-02-01,2032-01-31,award,2034-01-31,2025-09-24,ocds-h6vhtk-051b8e,1,,https://www.find-tender.service.gov.uk/api/1.0/ocdsRecordPackages/ocds-h6vhtk-051b8e,BAE Systems
BAE Systems PLC,UK,name,Defence Equipment and Support,P8 Anti-Submarine Warfare Finish (P8-ASWF) Demonstration and Manufacture,Upcoming,pending,,complete,19200000.0,award,GBP,False,1,goods,,,2027-02-26,2032-02-27,award,2035-02-28,2026-04-20,ocds-h6vhtk-0527f3,1,,https://www.find-tender.service.gov.uk/api/1.0/ocdsRecordPackages/ocds-h6vhtk-0527f3,BAE Systems Surface Ships Limited
BAE Systems PLC,UK,name,Defence Equipment and Support,7015735510 Mid Life update of T2 UK5,Upcoming,pending,,complete,63333333.33,award,GBP,False,1,,,,2026-12-16,2033-12-31,award,,2025-12-18,ocds-h6vhtk-05f9b9,1,,https://www.find-tender.service.gov.uk/api/1.0/ocdsRecordPackages/ocds-h6vhtk-05f9b9,Rheinmetall BAE Systems Land Ltd
Caterpillar Inc,USA,name,Ministry of Defence,"IRM24/7664 - The Repair and Maintenance of Large Engines, Transmissions, Terrier Power Packs, Running Gear and Associated Items",Upcoming,pending,,complete,130000000.0,award,GBP,True,1,,,,2027-04-01,2032-03-31,award,,2026-06-26,ocds-h6vhtk-06bd97,1,,https://www.find-tender.service.gov.uk/api/1.0/ocdsRecordPackages/ocds-h6vhtk-06bd97,Caterpillar Shrewsbury Limited
General Dynamics Corp,USA,name,Defence Equipment and Support,CSV/M3-ISS - M3 Amphibious Rig In-Service Support,Upcoming,pending,,complete,10000000.0,award,GBP,False,1,services,,,2027-04-01,2033-03-31,award,2035-03-31,2026-04-16,ocds-h6vhtk-0515df,1,,https://www.find-tender.service.gov.uk/api/1.0/ocdsRecordPackages/ocds-h6vhtk-0515df,General Dynamics European Land Systems-Bridge Systems GmbH
General Dynamics Corp,USA,name,Defence Equipment and Support,Ajax IOS Transition Support Contract,Upcoming,pending,,complete,833333333.0,award,GBP,False,1,,,,2027-07-01,2033-03-31,award,2035-03-31,2025-11-14,ocds-h6vhtk-05e13e,1,,https://www.find-tender.service.gov.uk/api/1.0/ocdsRecordPackages/ocds-h6vhtk-05e13e,General Dynamics United Kingdom Limited
General Dynamics Corp,USA,name,Defence Equipment and Support,Ajax IOS Transition Support Contract,Upcoming,pending,,complete,1250000000.0,award,GBP,False,1,,,,2028-01-01,2033-03-31,award,2035-03-31,2025-11-03,ocds-h6vhtk-05d8cc,1,,https://www.find-tender.service.gov.uk/api/1.0/ocdsRecordPackages/ocds-h6vhtk-05d8cc,General Dynamics United Kingdom Limited
Honeywell Aerospace Inc,USA,check,NHS Shared Business Services Limited,Lot 1.1 Building Management Systems (BMS),Upcoming,active,,complete,400000000.0,award,GBP,True,22,services,2026-08-25,,2026-10-20,2028-10-19,award,2030-10-19,2026-09-01,ocds-h6vhtk-050846,1,,https://www.find-tender.service.gov.uk/api/1.0/ocdsRecordPackages/ocds-h6vhtk-050846,HONEYWELL CONTROL SYSTEMS LIMITED
Honeywell Aerospace Inc,USA,check,NHS Shared Business Services Limited,Lot 11.1 Hard Facilities Management (FM) Managed Services,Upcoming,active,,complete,400000000.0,award,GBP,True,32,services,2026-08-25,,2026-10-20,2028-10-19,award,2030-10-19,2026-09-01,ocds-h6vhtk-050846,28,,https://www.find-tender.service.gov.uk/api/1.0/ocdsRecordPackages/ocds-h6vhtk-050846,HONEYWELL CONTROL SYSTEMS LIMITED
L3Harris Technologies Inc,USA,name,Defence Equipment and Support,ACTF2 - L3Harris - Threat Emulator Support,Upcoming,pending,,complete,600000.0,award,GBP,False,1,,,,2027-01-11,2032-01-10,award,,2026-09-22,ocds-h6vhtk-077806,1,,https://www.find-tender.service.gov.uk/api/1.0/ocdsRecordPackages/ocds-h6vhtk-077806,L3Harris TRL Technology Ltd
L3Harris Technologies Inc,USA,name,Submarine Delivery Agency,714412450 - A-Class PCSP Batch 1 and ICS Support,Upcoming,pending,,complete,80000000.0,award,GBP,False,1,services,,,2026-12-01,2033-11-30,award,,2026-03-09,ocds-h6vhtk-051088,1,,https://www.find-tender.service.gov.uk/api/1.0/ocdsRecordPackages/ocds-h6vhtk-051088,L3Harris Mapps Limited
L3Harris Technologies Inc,USA,name,Defence Equipment and Support,The Provision of Medium and Heavy Explosive Ordnance Disposal Remote Controlled Vehicles In-Service Support,Upcoming,pending,,complete,45000000.0,award,GBP,False,1,,,,2027-04-01,2035-03-31,award,2038-03-31,2026-09-18,ocds-h6vhtk-077548,1,,https://www.find-tender.service.gov.uk/api/1.0/ocdsRecordPackages/ocds-h6vhtk-077548,L3HARRIS TRL Technology Limited
Leonardo SpA,Italy,name,Defence Equipment and Support,Out of Service Date Extension Programme D&M LH,Upcoming,pending,,complete,232920000.0,award,GBP,False,1,goods,,,2027-06-01,2035-03-31,award,2040-03-31,2026-06-19,ocds-h6vhtk-06b8c5,1,,https://www.find-tender.service.gov.uk/api/1.0/ocdsRecordPackages/ocds-h6vhtk-06b8c5,LEONARDO UK LIMITED
Lockheed Martin Corp,USA,name,Defence Equipment and Support,Lightning Air System National Capability Enterprise 28-32,Upcoming,pending,,complete,220000000.0,award,GBP,False,1,services,,,2028-01-01,2032-12-31,award,2033-12-31,2025-11-04,ocds-h6vhtk-05d96e,1,,https://www.find-tender.service.gov.uk/api/1.0/ocdsRecordPackages/ocds-h6vhtk-05d96e,Lockheed Martin UK Ltd
Lockheed Martin Corp,USA,name,Defence Equipment and Support,Out of Service Date Extension Programme D&M LM,Upcoming,pending,,complete,512560000.0,award,GBP,False,1,goods,,,2027-06-01,2035-03-31,award,2040-03-31,2026-06-15,ocds-h6vhtk-06b513,1,,https://www.find-tender.service.gov.uk/api/1.0/ocdsRecordPackages/ocds-h6vhtk-06b513,LOCKHEED MARTIN
Lockheed Martin Corp,USA,name,Defence Equipment and Support,Fibre Optic Compass System (FOCS) In-Service Support Contract,Upcoming,pending,,complete,5700000.0,award,GBP,False,1,,,,2027-04-01,2035-12-31,award,,2026-08-25,ocds-h6vhtk-06ebc3,1,,https://www.find-tender.service.gov.uk/api/1.0/ocdsRecordPackages/ocds-h6vhtk-06ebc3,Lockheed Martin UK Limited
Motorola Solutions Inc,USA,name,Merseytravel,Integrated Communication Control System,Upcoming,active,,complete,176093.0,award,GBP,False,1,,2026-09-18,,2026-10-06,2028-09-30,award,,2026-09-24,ocds-h6vhtk-0779cc,1,,https://www.find-tender.service.gov.uk/api/1.0/ocdsRecordPackages/ocds-h6vhtk-0779cc,ZETRON LIMITED
Motorola Solutions Inc,USA,name,Transport for London,London Underground Radio Contract,Upcoming,active,active,complete,147935197.0,contract,GBP,False,1,services,2025-12-11,2025-12-23,2029-11-21,2035-12-31,contract,2040-11-20,2026-02-09,ocds-h6vhtk-051c34,1,1,https://www.find-tender.service.gov.uk/api/1.0/ocdsRecordPackages/ocds-h6vhtk-051c34,MOTOROLA SOLUTIONS UK LIMITED
Motorola Solutions Inc,USA,name,Transport for London,London Underground Radio Contract,Upcoming,active,active,complete,147935197.0,contract,GBP,False,1,services,,2025-12-23,2029-11-21,2035-12-31,contract,2040-11-20,2026-02-09,ocds-h6vhtk-051c34,2,2,https://www.find-tender.service.gov.uk/api/1.0/ocdsRecordPackages/ocds-h6vhtk-051c34,MOTOROLA SOLUTIONS UK LIMITED
Rheinmetall AG,Germany,name,Defence Equipment and Support,7015735510 Mid Life update of T2 UK5,Upcoming,pending,,complete,63333333.33,award,GBP,False,1,,,,2026-12-16,2033-12-31,award,,2025-12-18,ocds-h6vhtk-05f9b9,1,,https://www.find-tender.service.gov.uk/api/1.0/ocdsRecordPackages/ocds-h6vhtk-05f9b9,Rheinmetall BAE Systems Land Ltd
Axon Enterprise Inc,USA,name,Government Commercial Agency,Lot 2b Software as a Service (Saas),Pending,pending,,complete,14000000000.0,award,GBP,True,2744,services,2026-07-24,,2026-08-06,2030-08-05,award,,2026-07-24,ocds-h6vhtk-0504a3,4,,https://www.find-tender.service.gov.uk/api/1.0/ocdsRecordPackages/ocds-h6vhtk-0504a3,AXON PUBLIC SAFETY UK LIMITED
Axon Enterprise Inc,USA,name,BLUELIGHT COMMERCIAL LIMITED,BLC0228 Digital Forensic Software and Tools (DFS&T) Framework,Pending,pending,,complete,800512167.0,lot,GBP,True,12,goods,2026-07-02,,2026-08-10,2034-08-09,award,,2026-07-02,ocds-h6vhtk-04ee0e,1,,https://www.find-tender.service.gov.uk/api/1.0/ocdsRecordPackages/ocds-h6vhtk-04ee0e,Axon Public Safety UK Limited
BAE Systems PLC,UK,name,Ministry of Defence,Provision of Defence Aviation Confliction Awareness Planning Tool,Pending,pending,,complete,3162045.0,award,GBP,False,1,,2026-03-09,,2026-03-20,2027-02-17,award,,2026-04-02,ocds-h6vhtk-05fa9a,1,,https://www.find-tender.service.gov.uk/api/1.0/ocdsRecordPackages/ocds-h6vhtk-05fa9a,BAE SYSTEMS (OPERATIONS) LIMITED
BAE Systems PLC,UK,name,Defence Equipment and Support,SES1A/302 Hawk TMk1 Synthetic Training Facility (HSTF),Pending,pending,,complete,6400000.0,award,GBP,False,1,services,,,2026-04-01,2030-03-31,award,,2026-03-23,ocds-h6vhtk-066fb6,1,,https://www.find-tender.service.gov.uk/api/1.0/ocdsRecordPackages/ocds-h6vhtk-066fb6,BAE Systems (Operations) Limited
BAE Systems PLC,UK,name,Government Commercial Agency,Lot 2b Software as a Service (Saas),Pending,pending,,complete,14000000000.0,award,GBP,True,2744,services,2026-07-24,,2026-08-06,2030-08-05,award,,2026-07-24,ocds-h6vhtk-0504a3,4,,https://www.find-tender.service.gov.uk/api/1.0/ocdsRecordPackages/ocds-h6vhtk-0504a3,BAE SYSTEMS APPLIED INTELLIGENCE LIMITED
BAE Systems PLC,UK,name,Government Commercial Agency,Lot 3 Cloud support services (Additional Services),Pending,pending,,complete,14000000000.0,award,GBP,True,2282,services,2026-07-24,,2026-08-06,2030-08-05,award,,2026-07-24,ocds-h6vhtk-0504a3,5,,https://www.find-tender.service.gov.uk/api/1.0/ocdsRecordPackages/ocds-h6vhtk-0504a3,BAE SYSTEMS APPLIED INTELLIGENCE LIMITED; BAE Systems (Operations) Limited
Cellebrite DI Ltd,Israel,name,Police and Crime Commissioner for North Wales Police & North Wales Police,Digital Intelligence Solution,Pending,pending,,complete,248719.58,award,GBP,False,1,,2025-10-01,,2026-04-22,2027-10-02,award,,2026-04-15,ocds-h6vhtk-059ebc,1,,https://www.find-tender.service.gov.uk/api/1.0/ocdsRecordPackages/ocds-h6vhtk-059ebc,Cellebrite UK Limited
General Dynamics Corp,USA,name,Ministry of Defence,"THE PURCHASE OF 6X VIDS-210/LS CABLES AS DETAILED IN THE GD DRAWING CABLE ASSEMBLY, VIDSOD400410 FOR TAIPAN",Pending,pending,,complete,14818.08,award,GBP,False,1,goods,,,2026-10-01,2027-03-31,award,,2026-09-11,ocds-h6vhtk-06eba4,1,,https://www.find-tender.service.gov.uk/api/1.0/ocdsRecordPackages/ocds-h6vhtk-06eba4,GENERAL DYNAMICS UNITED KINGDOM LIMITED
General Dynamics Corp,USA,name,Defence Equipment and Support,Connectivity Assurance Testing for the Ajax Programme,Pending,pending,,complete,2784853.0,award,GBP,False,1,,2026-04-01,,2026-04-30,2028-03-31,award,2029-03-31,2026-05-06,ocds-h6vhtk-05d8df,1,,https://www.find-tender.service.gov.uk/api/1.0/ocdsRecordPackages/ocds-h6vhtk-05d8df,General Dynamics UK Limited
General Dynamics Corp,USA,name,Government Commercial Agency,Lot 2b Software as a Service (Saas),Pending,pending,,complete,14000000000.0,award,GBP,True,2744,services,2026-07-24,,2026-08-06,2030-08-05,award,,2026-07-24,ocds-h6vhtk-0504a3,4,,https://www.find-tender.service.gov.uk/api/1.0/ocdsRecordPackages/ocds-h6vhtk-0504a3,GENERAL DYNAMICS UNITED KINGDOM LIMITED
General Dynamics Corp,USA,name,Defence Equipment and Support,Bridge Set Infantry Assualt (BSIA) In-Service Support,Pending,pending,,complete,4542500.0,award,GBP,False,1,,,,2025-09-30,2033-03-31,award,2035-03-31,2025-05-07,ocds-h6vhtk-050dac,1,,https://www.find-tender.service.gov.uk/api/1.0/ocdsRecordPackages/ocds-h6vhtk-050dac,General Dynamics European Land Systems-Bridge Systems GmbH
General Dynamics Corp,USA,name,Ministry of Defence,The Supply of Bridging Spares,Pending,pending,,complete,1700000.0,award,GBP,True,1,,,,2025-12-01,2033-11-30,award,,2025-09-02,ocds-h6vhtk-059240,1,,https://www.find-tender.service.gov.uk/api/1.0/ocdsRecordPackages/ocds-h6vhtk-059240,General Dynamics European Land Systems
Heidelberg Materials AG,Germany,name,SEVERN TRENT WATER LIMITED,Lot 1: Quarries and Supply of Materials,Pending,pending,,complete,,,GBP,True,9,services,2026-03-19,,2026-04-01,2027-03-31,award,2031-03-31,2026-03-19,ocds-h6vhtk-04fc23,1,,https://www.find-tender.service.gov.uk/api/1.0/ocdsRecordPackages/ocds-h6vhtk-04fc23,HANSON QUARRY PRODUCTS EUROPE LIMITED
Heidelberg Materials AG,Germany,name,SEVERN TRENT WATER LIMITED,Lot 2: Waste Management,Pending,pending,,complete,,,GBP,True,13,services,2026-03-19,,2026-04-01,2027-03-31,award,2031-03-31,2026-03-19,ocds-h6vhtk-04fc23,2,,https://www.find-tender.service.gov.uk/api/1.0/ocdsRecordPackages/ocds-h6vhtk-04fc23,HANSON QUARRY PRODUCTS EUROPE LIMITED
Heidelberg Materials AG,Germany,name,Wirral Council,Lot 2 - A2 Structural Carriageway Resurfacing,Pending,pending,,complete,11000000.0,award,GBP,False,1,works,2026-01-07,,2026-02-01,2029-01-31,award,,2026-01-07,ocds-h6vhtk-055657,2,,https://www.find-tender.service.gov.uk/api/1.0/ocdsRecordPackages/ocds-h6vhtk-055657,HANSON QUARRY PRODUCTS EUROPE LIMITED
Heidelberg Materials AG,Germany,name,Oldham Metropolitan Borough Council,Framework for Highways Resurfacing,Pending,pending,,complete,15000000.0,award,GBP,True,3,works,2026-07-07,,2026-08-03,2030-08-02,award,,2026-07-07,ocds-h6vhtk-05dd79,1,,https://www.find-tender.service.gov.uk/api/1.0/ocdsRecordPackages/ocds-h6vhtk-05dd79,HANSON QUARRY PRODUCTS EUROPE LIMITED
Heidelberg Materials AG,Germany,name,The Association of North East Councils Limited,"Aggregates, Concrete & Pre-cast Products",Pending,pending,,complete,225000000.0,award,GBP,True,3,goods,2025-10-08,,2025-11-01,2033-10-31,award,,2026-02-02,ocds-h6vhtk-0505f2,45,,https://www.find-tender.service.gov.uk/api/1.0/ocdsRecordPackages/ocds-h6vhtk-0505f2,HANSON QUARRY PRODUCTS EUROPE LIMITED
Heidelberg Materials AG,Germany,name,The Association of North East Councils Limited,"Aggregates, Concrete & Pre-cast Products",Pending,pending,,complete,225000000.0,award,GBP,True,3,goods,2025-10-08,,2025-11-01,2033-10-31,award,,2026-02-02,ocds-h6vhtk-0505f2,46,,https://www.find-tender.service.gov.uk/api/1.0/ocdsRecordPackages/ocds-h6vhtk-0505f2,HANSON QUARRY PRODUCTS EUROPE LIMITED
Heidelberg Materials AG,Germany,name,The Association of North East Councils Limited,"Aggregates, Concrete & Pre-cast Products",Pending,pending,,complete,225000000.0,award,GBP,True,6,goods,2025-10-08,,2025-11-01,2033-10-31,award,,2026-02-02,ocds-h6vhtk-0505f2,48,,https://www.find-tender.service.gov.uk/api/1.0/ocdsRecordPackages/ocds-h6vhtk-0505f2,HANSON QUARRY PRODUCTS EUROPE LIMITED
Heidelberg Materials AG,Germany,name,The Association of North East Councils Limited,"Aggregates, Concrete & Pre-cast Products",Pending,pending,,complete,225000000.0,award,GBP,True,7,goods,2025-10-08,,2025-11-01,2033-10-31,award,,2026-02-02,ocds-h6vhtk-0505f2,53,,https://www.find-tender.service.gov.uk/api/1.0/ocdsRecordPackages/ocds-h6vhtk-0505f2,HANSON QUARRY PRODUCTS EUROPE LIMITED
Heidelberg Materials AG,Germany,name,The Association of North East Councils Limited,"Aggregates, Concrete & Pre-cast Products",Pending,pending,,complete,225000000.0,award,GBP,True,7,goods,2025-10-08,,2025-11-01,2033-10-31,award,,2026-02-02,ocds-h6vhtk-0505f2,54,,https://www.find-tender.service.gov.uk/api/1.0/ocdsRecordPackages/ocds-h6vhtk-0505f2,HANSON QUARRY PRODUCTS EUROPE LIMITED
Heidelberg Materials AG,Germany,name,The Association of North East Councils Limited,"Aggregates, Concrete & Pre-cast Products",Pending,pending,,complete,225000000.0,award,GBP,True,5,goods,2025-10-08,,2025-11-01,2033-10-31,award,,2026-02-02,ocds-h6vhtk-0505f2,57,,https://www.find-tender.service.gov.uk/api/1.0/ocdsRecordPackages/ocds-h6vhtk-0505f2,HANSON QUARRY PRODUCTS EUROPE LIMITED
Heidelberg Materials AG,Germany,name,The Association of North East Councils Limited,"Aggregates, Concrete & Pre-cast Products",Pending,pending,,complete,225000000.0,award,GBP,True,4,goods,2025-10-08,,2025-11-01,2033-10-31,award,,2026-02-02,ocds-h6vhtk-0505f2,58,,https://www.find-tender.service.gov.uk/api/1.0/ocdsRecordPackages/ocds-h6vhtk-0505f2,HANSON QUARRY PRODUCTS EUROPE LIMITED
Heidelberg Materials AG,Germany,name,The Association of North East Councils Limited,Lot 1 Asphaltic Concrete,Pending,pending,,complete,3333333.0,award,GBP,True,9,works,2025-10-08,,2025-11-05,2033-10-31,award,,2026-05-21,ocds-h6vhtk-05048c,17,,https://www.find-tender.service.gov.uk/api/1.0/ocdsRecordPackages/ocds-h6vhtk-05048c,HANSON QUARRY PRODUCTS EUROPE LIMITED
Heidelberg Materials AG,Germany,name,The Association of North East Councils Limited,Lot 13 Patching,Pending,pending,,complete,3333333.0,award,GBP,True,8,works,2025-10-08,,2025-11-05,2033-10-31,award,,2026-05-21,ocds-h6vhtk-05048c,28,,https://www.find-tender.service.gov.uk/api/1.0/ocdsRecordPackages/ocds-h6vhtk-05048c,HANSON QUARRY PRODUCTS EUROPE LIMITED
Honeywell Aerospace Inc,USA,check,Atlas BFW Management Limited,Project/Contract BFWML - Estates - BMS System - Honeywell,Pending,pending,,complete,46995.0,award,GBP,False,1,,,,2026-04-01,2027-03-31,award,2028-03-31,2026-03-23,ocds-h6vhtk-06711a,1,,https://www.find-tender.service.gov.uk/api/1.0/ocdsRecordPackages/ocds-h6vhtk-06711a,Honeywell Control Systems
Honeywell Aerospace Inc,USA,check,Oil and Pipelines Agency,OPA/T903 Service Level Agreement for Industrial Measurement and Control Systems.,Pending,pending,,complete,603624.0,award,GBP,False,1,,,,2026-09-27,2029-09-26,award,,2026-09-15,ocds-h6vhtk-06f9af,1,,https://www.find-tender.service.gov.uk/api/1.0/ocdsRecordPackages/ocds-h6vhtk-06f9af,Honeywell Control Systems Limited
Honeywell Aerospace Inc,USA,check,Victoria and Albert Museum,Life Safety Services,Pending,pending,,complete,1193425.74,award,GBP,False,1,,2026-03-18,,2026-04-01,2031-03-31,award,,2026-03-18,ocds-h6vhtk-066e00,1,,https://www.find-tender.service.gov.uk/api/1.0/ocdsRecordPackages/ocds-h6vhtk-066e00,HONEYWELL CONTROL SYSTEMS LIMITED
International Business Machines Corp,USA,name,SCOTTISH HYDRO ELECTRIC TRANSMISSION PLC,Transmission Digital Services Framework,Pending,pending,,complete,820000000.0,lot,GBP,True,1,services,2025-12-22,,2026-02-02,2029-02-01,award,2034-02-01,2025-12-22,ocds-h6vhtk-0551e3,19,,https://www.find-tender.service.gov.uk/api/1.0/ocdsRecordPackages/ocds-h6vhtk-0551e3,IBM United Kingdom Limited
International Business Machines Corp,USA,name,Government Commercial Agency,Lot 1a Infrastructure as a Service (IaaS) and Platform as a Service (PaaS),Pending,pending,,complete,14000000000.0,award,GBP,True,93,services,2026-07-24,,2026-08-06,2030-08-05,award,,2026-07-24,ocds-h6vhtk-0504a3,1,,https://www.find-tender.service.gov.uk/api/1.0/ocdsRecordPackages/ocds-h6vhtk-0504a3,IBM UNITED KINGDOM LIMITED
International Business Machines Corp,USA,name,Government Commercial Agency,Lot 2b Software as a Service (Saas),Pending,pending,,complete,14000000000.0,award,GBP,True,2744,services,2026-07-24,,2026-08-06,2030-08-05,award,,2026-07-24,ocds-h6vhtk-0504a3,4,,https://www.find-tender.service.gov.uk/api/1.0/ocdsRecordPackages/ocds-h6vhtk-0504a3,IBM UNITED KINGDOM LIMITED
International Business Machines Corp,USA,name,Government Commercial Agency,Lot 3 Cloud support services (Additional Services),Pending,pending,,complete,14000000000.0,award,GBP,True,2282,services,2026-07-24,,2026-08-06,2030-08-05,award,,2026-07-24,ocds-h6vhtk-0504a3,5,,https://www.find-tender.service.gov.uk/api/1.0/ocdsRecordPackages/ocds-h6vhtk-0504a3,IBM UNITED KINGDOM LIMITED
International Business Machines Corp,USA,name,Government Commercial Agency,Lot 2a Infrastructure Software (I-SaaS),Pending,pending,,complete,14000000000.0,award,GBP,True,311,services,2026-07-24,,2026-08-06,2030-08-06,award,,2026-07-24,ocds-h6vhtk-0504a3,3,,https://www.find-tender.service.gov.uk/api/1.0/ocdsRecordPackages/ocds-h6vhtk-0504a3,IBM UNITED KINGDOM LIMITED
International Business Machines Corp,USA,name,ENERGIA GROUP NI HOLDINGS LIMITED,Lot 1. Transformation Programme Services and Delivery,Pending,pending,,complete,40000000.0,award,GBP,True,8,services,2026-09-03,,2026-10-01,2031-09-30,award,2033-09-30,2026-09-03,ocds-h6vhtk-067c7a,1,,https://www.find-tender.service.gov.uk/api/1.0/ocdsRecordPackages/ocds-h6vhtk-067c7a,IBM LIMITED
International Business Machines Corp,USA,name,ENERGIA GROUP NI HOLDINGS LIMITED,Lot 2. Project and Business as Usual (BAU) Change Resourcing,Pending,pending,,complete,8000000.0,award,GBP,True,8,services,2026-09-03,,2026-10-01,2031-09-30,award,2033-09-30,2026-09-03,ocds-h6vhtk-067c7a,2,,https://www.find-tender.service.gov.uk/api/1.0/ocdsRecordPackages/ocds-h6vhtk-067c7a,IBM LIMITED
International Business Machines Corp,USA,name,ENERGIA GROUP NI HOLDINGS LIMITED,Lot 4. Specialist Utilities Services,Pending,pending,,complete,12000000.0,award,GBP,True,9,services,2026-09-03,,2026-10-01,2031-09-30,award,2033-09-30,2026-09-03,ocds-h6vhtk-067c7a,3,,https://www.find-tender.service.gov.uk/api/1.0/ocdsRecordPackages/ocds-h6vhtk-067c7a,IBM LIMITED
Kongsberg Gruppen ASA,Norway,name,Defence Equipment and Support,Kongsberg Discovery AS Single SOurce Contract for Hydrographic Sonar,Pending,pending,,complete,,,GBP,False,1,,,,2025-09-01,2029-09-01,award,,2025-07-30,ocds-h6vhtk-056901,1,,https://www.find-tender.service.gov.uk/api/1.0/ocdsRecordPackages/ocds-h6vhtk-056901,Kongsberg Discovery AS
L3Harris Technologies Inc,USA,name,Submarine Delivery Agency,SCYLLA 2A Interim,Pending,pending,,complete,3600000.0,award,GBP,False,1,services,,,2026-09-01,2027-03-31,award,,2026-07-07,ocds-h6vhtk-06bd28,1,,https://www.find-tender.service.gov.uk/api/1.0/ocdsRecordPackages/ocds-h6vhtk-06bd28,L3Harris MAPPS Ltd
Leonardo SpA,Italy,name,Defence Equipment and Support,703918454 - PA23 EOST Support Extension,Pending,pending,,complete,7801148.0,award,GBP,False,1,,2026-03-19,,2026-04-01,2027-03-31,award,,2026-05-27,ocds-h6vhtk-066f78,1,,https://www.find-tender.service.gov.uk/api/1.0/ocdsRecordPackages/ocds-h6vhtk-066f78,Leonardo UK LTD
Leonardo SpA,Italy,name,Defence Equipment and Support,Aircraft Commdotity Consumables (ACC),Pending,pending,,complete,65544166.67,award,GBP,False,1,goods,2026-01-27,,2026-04-01,2029-03-31,award,2033-03-31,2026-06-30,ocds-h6vhtk-04e8b9,1,,https://www.find-tender.service.gov.uk/api/1.0/ocdsRecordPackages/ocds-h6vhtk-04e8b9,Leonardo UK
Leonardo SpA,Italy,name,Defence Equipment and Support,Type 31 Identification Friend of Foe,Pending,pending,,complete,12500000.0,award,GBP,False,1,goods,2025-08-07,,2025-09-05,2030-06-01,award,,2025-08-07,ocds-h6vhtk-0563de,1,,https://www.find-tender.service.gov.uk/api/1.0/ocdsRecordPackages/ocds-h6vhtk-0563de,Leonardo UK Limited
Leonardo SpA,Italy,name,Government Commercial Agency,Lot 3 Cloud support services (Additional Services),Pending,pending,,complete,14000000000.0,award,GBP,True,2282,services,2026-07-24,,2026-08-06,2030-08-05,award,,2026-07-24,ocds-h6vhtk-0504a3,5,,https://www.find-tender.service.gov.uk/api/1.0/ocdsRecordPackages/ocds-h6vhtk-0504a3,LEONARDO UK LTD
Leonardo SpA,Italy,name,Defence Equipment and Support,Elmer Radio and AD120 Avionic Comms Equipment,Pending,pending,,complete,8000000.0,award,GBP,False,1,,,,2026-05-15,2031-05-14,award,2033-05-14,2026-02-18,ocds-h6vhtk-0656e3,1,,https://www.find-tender.service.gov.uk/api/1.0/ocdsRecordPackages/ocds-h6vhtk-0656e3,Leonardo UK
Motorola Solutions Inc,USA,name,West Midlands Ambulance Service University NHS FT,BWC Software Subscription,Pending,pending,,complete,98592.0,award,GBP,True,1,,,,2026-07-02,2027-06-30,award,2028-06-30,2026-07-02,ocds-h6vhtk-06c207,1,,https://www.find-tender.service.gov.uk/api/1.0/ocdsRecordPackages/ocds-h6vhtk-06c207,MOTOROLA SOLUTIONS UK LIMITED
Motorola Solutions Inc,USA,name,Northern Ireland Fire and Rescue Service,CAD Update and Support and Maintenance,Pending,pending,,complete,11200000.0,award,GBP,False,1,,2025-08-06,,2025-09-01,2028-12-31,award,2029-12-31,2025-08-06,ocds-h6vhtk-056429,1,,https://www.find-tender.service.gov.uk/api/1.0/ocdsRecordPackages/ocds-h6vhtk-056429,MOTOROLA SOLUTIONS UK LIMITED
Motorola Solutions Inc,USA,name,Civil Nuclear Police Authority,DCS Connections,Pending,pending,,complete,568000.0,award,GBP,False,1,,,,2026-01-05,2029-01-04,award,,2025-12-18,ocds-h6vhtk-05f961,1,,https://www.find-tender.service.gov.uk/api/1.0/ocdsRecordPackages/ocds-h6vhtk-05f961,Motorola/AIRWAVE SOLUTIONS LTD
Motorola Solutions Inc,USA,name,Government Commercial Agency,Lot 2b Software as a Service (Saas),Pending,pending,,complete,14000000000.0,award,GBP,True,2744,services,2026-07-24,,2026-08-06,2030-08-05,award,,2026-07-24,ocds-h6vhtk-0504a3,4,,https://www.find-tender.service.gov.uk/api/1.0/ocdsRecordPackages/ocds-h6vhtk-0504a3,MOTOROLA SOLUTIONS UK LIMITED
Northrop Grumman Corp,USA,name,Government Commercial Agency,Lot 3 Cloud support services (Additional Services),Pending,pending,,complete,14000000000.0,award,GBP,True,2282,services,2026-07-24,,2026-08-06,2030-08-05,award,,2026-07-24,ocds-h6vhtk-0504a3,5,,https://www.find-tender.service.gov.uk/api/1.0/ocdsRecordPackages/ocds-h6vhtk-0504a3,NORTHROP GRUMMAN UK LIMITED
Northrop Grumman Corp,USA,name,Defence Equipment and Support,Procurement of LW30-UK5,Pending,pending,,complete,50000000.0,award,GBP,False,1,,,,2026-07-02,2034-07-02,award,,2025-10-22,ocds-h6vhtk-05d1c1,1,,https://www.find-tender.service.gov.uk/api/1.0/ocdsRecordPackages/ocds-h6vhtk-05d1c1,Northrop Grumman International inc.
Palantir Technologies Inc,USA,name,NATIONAL ENERGY SYSTEM OPERATOR LIMITED,NESO Interim Capability,Pending,pending,,complete,17700270.0,award,GBP,False,1,,2026-08-25,,2026-09-08,2027-07-31,award,2028-07-31,2026-08-26,ocds-h6vhtk-06ed0c,1,,https://www.find-tender.service.gov.uk/api/1.0/ocdsRecordPackages/ocds-h6vhtk-06ed0c,"PALANTIR TECHNOLOGIES UK, LTD."
Palantir Technologies Inc,USA,name,Government Commercial Agency,Lot 2b Software as a Service (Saas),Pending,pending,,complete,14000000000.0,award,GBP,True,2744,services,2026-07-24,,2026-08-06,2030-08-05,award,,2026-07-24,ocds-h6vhtk-0504a3,4,,https://www.find-tender.service.gov.uk/api/1.0/ocdsRecordPackages/ocds-h6vhtk-0504a3,"PALANTIR TECHNOLOGIES UK, LTD."
Palantir Technologies Inc,USA,name,Government Commercial Agency,Lot 3 Cloud support services (Additional Services),Pending,pending,,complete,14000000000.0,award,GBP,True,2282,services,2026-07-24,,2026-08-06,2030-08-05,award,,2026-07-24,ocds-h6vhtk-0504a3,5,,https://www.find-tender.service.gov.uk/api/1.0/ocdsRecordPackages/ocds-h6vhtk-0504a3,"PALANTIR TECHNOLOGIES UK, LTD."
Palantir Technologies Inc,USA,name,POLICE DIGITAL SERVICE,BLC0222 - National Firearms Licensing Management System (NFLMS),Pending,pending,,complete,7500000.0,award,GBP,False,1,goods,2026-05-21,,2026-09-04,2031-09-03,award,2036-09-03,2026-06-01,ocds-h6vhtk-051018,1,,https://www.find-tender.service.gov.uk/api/1.0/ocdsRecordPackages/ocds-h6vhtk-051018,"PALANTIR TECHNOLOGIES UK, LTD."
RTX Corp,USA,name,Defence Equipment and Support,The Provision of Support for the Titan Auxiliary Power Unit (APU) for the T-62T-2B Chinook and T-62-40C7EH Merlin Helicopters,Pending,pending,,complete,7000000.0,award,GBP,False,1,services,,,2025-11-01,2027-10-30,award,2028-10-30,2025-09-23,ocds-h6vhtk-0511b6,1,,https://www.find-tender.service.gov.uk/api/1.0/ocdsRecordPackages/ocds-h6vhtk-0511b6,RTX Corporation
Rolls-Royce Holdings plc,UK,name,Ministry of Defence,RFA IPMS Tide Training,Pending,pending,,complete,480000.0,award,GBP,False,1,,,,2026-08-03,2029-03-31,award,2031-03-31,2026-07-03,ocds-h6vhtk-06c3a1,1,,https://www.find-tender.service.gov.uk/api/1.0/ocdsRecordPackages/ocds-h6vhtk-06c3a1,Rolls-Royce Solutions UK Ltd
Axon Enterprise Inc,USA,name,Northumbria Police,T10 CED and consumables,Probably active,active,active,complete,6166114.74,contract,GBP,False,1,goods,,2024-12-16,,2029-12-15,notice text,,2025-02-06,ocds-h6vhtk-04dc72,004051-2025-NP0398-1,004051-2025-NP0398-1,https://www.find-tender.service.gov.uk/Notice/004051-2025,Axon Public Safety UK Ltd
BAE Systems PLC,UK,name,Ministry of Defence,Archer Artillery System Short Term (9 months) In -Service Support Contract,Probably active,active,active,complete,4800000.0,contract,GBP,False,1,services,,2026-01-13,,2026-10-13,notice text,,2026-02-05,ocds-h6vhtk-04de5d,010259-2026-714034453-1,010259-2026-714034453-1,https://www.find-tender.service.gov.uk/Notice/010259-2026,BAE Systems Bofors AB
BAE Systems PLC,UK,name,MINISTRY OF DEFENCE,Pyramid TIKAL Stage 4 Support Contract,Probably active,active,active,complete,7000000.0,contract,GBP,False,1,services,,2024-11-05,,2026-11-05,notice text,,2024-11-08,ocds-h6vhtk-04b528,036287-2024-713150450-1,036287-2024-713150450-1,https://www.find-tender.service.gov.uk/Notice/036287-2024,BAE Systems (Operations) Limited
BAE Systems PLC,UK,name,Ministry of Defence,,Probably active,active,active,,3199877.0,contract,GBP,False,1,services,,2024-02-08,,2027-02-07,notice text,,2024-03-01,ocds-h6vhtk-044496,006642-2024-1,006642-2024-1,https://www.find-tender.service.gov.uk/Notice/006642-2024,BAE Systems (Operations) Limited
BAE Systems PLC,UK,name,Ministry of Defence,5000000,Probably active,active,active,complete,,,GBP,False,1,services,,2024-07-12,,2027-07-12,notice text,,2024-12-04,ocds-h6vhtk-04c231,039071-2024-1,039071-2024-1,https://www.find-tender.service.gov.uk/Notice/039071-2024,BAE system
BAE Systems PLC,UK,name,Ministry of Defence,Voluntary Transparency Notice (VTN) for Archer Artillery System Enduring In-Service Support Contract,Probably active,active,active,complete,60000000.0,contract,GBP,False,1,services,,2024-10-02,,2029-10-01,notice text,,2024-10-05,ocds-h6vhtk-04a512,031561-2024-1,031561-2024-1,https://www.find-tender.service.gov.uk/Notice/031561-2024,BAE Systems Bofors AB
BAE Systems PLC,UK,name,Ministry of Defence,The Supply of Artillery & Armoured Vehicle Weapon Systems Components,Probably active,active,active,complete,10400000.0,contract,GBP,True,1,goods,,2024-09-26,,2031-09-25,notice text,,2026-04-01,ocds-h6vhtk-04a469,031283-2024-IRM23/7658-1,031283-2024-IRM23/7658-1,https://www.find-tender.service.gov.uk/Notice/031283-2024,BAE Systems GCS International Limited
BAE Systems PLC,UK,name,Ministry of Defence,Voluntary Transparency Notice 2 (VTN) for Archer Artillery System Enduring In-Service Support Contract,Probably active,active,active,complete,58000000.0,contract,GBP,False,1,services,,2025-02-11,,2032-02-10,notice text,,2025-02-12,ocds-h6vhtk-04de5e,004831-2025-1,004831-2025-1,https://www.find-tender.service.gov.uk/Notice/004831-2025,BAE Systems Bofors AB
BAE Systems PLC,UK,name,Ministry of Defence,"The Repair, Maintenance and Modification of Various Line Replacement Units (LRUs) and Frame Electrical Layouts (FELs)",Probably active,active,active,complete,95840000.0,contract,GBP,True,1,services,,2025-02-22,,2032-02-21,notice text,,2025-03-04,ocds-h6vhtk-04e98b,007937-2025-IRM23/7653-1,007937-2025-IRM23/7653-1,https://www.find-tender.service.gov.uk/Notice/007937-2025,Rheinmetall BAE Systems Land
Cellebrite DI Ltd,Israel,name,Mayor's Office for Policing and Crime,Foreseen extension - Digital Forensic Investigative Unlocking Tool Type 1 (Cellebrite),Probably active,active,active,complete,2472654.0,contract,GBP,False,1,services,,2026-06-19,,2027-06-18,notice text,,2026-07-15,ocds-h6vhtk-06cc0c,066829-2026-11400406899-1,066829-2026-11400406899-1,https://www.find-tender.service.gov.uk/Notice/066829-2026,Cellebrite UK Ltd
Colt CZ Group SE,Czech Republic,name,Ministry of Defence,The Supply of C8 Rifle Spares,Probably active,active,active,complete,4000000.0,contract,GBP,True,1,goods,,2025-02-11,,2027-02-11,notice text,,2025-07-29,ocds-h6vhtk-04e42a,005905-2025-IRM24/7683-1,005905-2025-IRM24/7683-1,https://www.find-tender.service.gov.uk/Notice/005905-2025,Colt Canada Corporation
Colt CZ Group SE,Czech Republic,name,Ministry of Defence,The Supply of C8 Rifle Spares,Probably active,active,active,complete,4000000.0,contract,GBP,True,1,goods,,2025-07-24,,2027-07-24,notice text,,2025-07-29,ocds-h6vhtk-04e42a,043661-2025-IRM24/7683-1,043661-2025-IRM24/7683-1,https://www.find-tender.service.gov.uk/Notice/043661-2025,Colt Canada Corporation
General Dynamics Corp,USA,name,Ministry of Defence,The Repair of User Interfaces and Associated Assemblies,Probably active,active,active,,10500000.0,contract,GBP,True,1,services,,2025-05-12,,2030-05-11,notice text,,2025-06-12,ocds-h6vhtk-054809,032075-2025-IRM22/7626-1,032075-2025-IRM22/7626-1,https://www.find-tender.service.gov.uk/Notice/032075-2025,General Dynamics Land Systems UK
General Dynamics Corp,USA,name,Ministry of Defence,The Repair of Transmissions and Associated Assemblies,Probably active,active,active,,10500000.0,contract,GBP,True,1,services,,2025-05-12,,2030-05-11,notice text,,2025-06-12,ocds-h6vhtk-054809,032075-2025-IRM22/7626-2,032075-2025-IRM22/7626-2,https://www.find-tender.service.gov.uk/Notice/032075-2025,General Dynamics Land Systems UK
General Dynamics Corp,USA,name,Ministry of Defence,The Repair of Steering and Associated Assemblies,Probably active,active,active,,10500000.0,contract,GBP,True,1,services,,2025-05-12,,2030-05-11,notice text,,2025-06-12,ocds-h6vhtk-054809,032075-2025-IRM22/7626-3,032075-2025-IRM22/7626-3,https://www.find-tender.service.gov.uk/Notice/032075-2025,General Dynamics Land Systems UK
General Dynamics Corp,USA,name,Ministry of Defence,"The Repair of Wheel Ends, Hubs and Associated Assemblies",Probably active,active,active,,10500000.0,contract,GBP,True,1,services,,2025-05-12,,2030-05-11,notice text,,2025-06-12,ocds-h6vhtk-054809,032075-2025-IRM22/7626-4,032075-2025-IRM22/7626-4,https://www.find-tender.service.gov.uk/Notice/032075-2025,General Dynamics Land Systems UK
General Dynamics Corp,USA,name,Ministry of Defence,The Repair of HVAC and Associated Assemblies,Probably active,active,active,,10500000.0,contract,GBP,True,1,services,,2025-05-12,,2030-05-11,notice text,,2025-06-12,ocds-h6vhtk-054809,032075-2025-IRM22/7626-5,032075-2025-IRM22/7626-5,https://www.find-tender.service.gov.uk/Notice/032075-2025,General Dynamics Land Systems UK
General Dynamics Corp,USA,name,Ministry of Defence,The Repair of Specialist Tooling for Maintenance and Associated Items,Probably active,active,active,,10500000.0,contract,GBP,True,1,services,,2025-05-12,,2030-05-11,notice text,,2025-06-12,ocds-h6vhtk-054809,032075-2025-IRM22/7626-6,032075-2025-IRM22/7626-6,https://www.find-tender.service.gov.uk/Notice/032075-2025,General Dynamics Land Systems UK
General Dynamics Corp,USA,name,Ministry of Defence,The Repair of Electronic Components and Associated Items,Probably active,active,active,,10500000.0,contract,GBP,True,1,services,,2025-05-12,,2030-05-11,notice text,,2025-06-12,ocds-h6vhtk-054809,032075-2025-IRM22/7626-7,032075-2025-IRM22/7626-7,https://www.find-tender.service.gov.uk/Notice/032075-2025,General Dynamics Land Systems UK
General Dynamics Corp,USA,name,Ministry of Defence,The Repair of Hydraulic and Pneumatic Assemblies and Associated Assemblies,Probably active,active,active,,10500000.0,contract,GBP,True,1,services,,2025-05-12,,2030-05-11,notice text,,2025-06-12,ocds-h6vhtk-054809,032075-2025-IRM22/7626-8,032075-2025-IRM22/7626-8,https://www.find-tender.service.gov.uk/Notice/032075-2025,General Dynamics Land Systems UK
General Dynamics Corp,USA,name,Ministry of Defence,The Repair of Generic LRU's and Associated Assemblies,Probably active,active,active,,10500000.0,contract,GBP,True,1,services,,2025-05-12,,2030-05-11,notice text,,2025-06-12,ocds-h6vhtk-054809,032075-2025-IRM22/7626-9,032075-2025-IRM22/7626-9,https://www.find-tender.service.gov.uk/Notice/032075-2025,General Dynamics Land Systems UK
General Dynamics Corp,USA,name,Ministry of Defence,The Repair of Modular LRU's and Associated Assemblies,Probably active,active,active,,10500000.0,contract,GBP,True,1,services,,2025-05-12,,2030-05-11,notice text,,2025-06-12,ocds-h6vhtk-054809,032075-2025-IRM22/7626-10,032075-2025-IRM22/7626-10,https://www.find-tender.service.gov.uk/Notice/032075-2025,General Dynamics Land Systems UK
Honeywell Aerospace Inc,USA,check,West Midlands Fire and Rescue Authority,NATIONAL GAS MONITOR AND ASSOCIATED EQUIPEMENT FRAMEWORK,Probably active,active,active,complete,4500000.0,contract,GBP,True,1,goods,,2022-12-15,,2026-12-14,notice text,,2022-12-15,ocds-h6vhtk-03693a,035570-2022-3-3,035570-2022-3-3,https://www.find-tender.service.gov.uk/Notice/035570-2022,Life Safety Distribution GmbH (Honeywell Analytics Ltd)
International Business Machines Corp,USA,name,DESNZ & DSIT Group Commercial,Energy and Net Zero Professional Services Framework,Probably active,active,active,complete,250000000.0,contract,GBP,True,15,services,,2025-02-01,,2027-01-31,notice text,,2025-02-26,ocds-h6vhtk-04536b,007341-2025-6,007341-2025-6,https://www.find-tender.service.gov.uk/Notice/007341-2025,IBM United Kingdom Limited
International Business Machines Corp,USA,name,UK SHARED BUSINESS SERVICES LIMITED,"DDaT21174 Services for HR, Accounting, Reporting & Procurement (SHARP)",Probably active,active,active,complete,,,GBP,False,1,services,,2022-04-11,,2027-04-10,notice text,,2022-04-11,ocds-h6vhtk-032c03,009576-2022-1,009576-2022-1,https://www.find-tender.service.gov.uk/Notice/009576-2022,IBM UNITED KINGDOM LIMITED
International Business Machines Corp,USA,name,BLUELIGHT COMMERCIAL LIMITED,Provision of IBM SPSS Licences and Support,Probably active,active,active,complete,1946709.41,contract,GBP,False,1,goods,,2025-01-31,,2028-01-31,notice text,,2025-01-31,ocds-h6vhtk-04da9c,003298-2025-BLC-0182-1,003298-2025-BLC-0182-1,https://www.find-tender.service.gov.uk/Notice/003298-2025,IBM United Kingdom Limited
International Business Machines Corp,USA,name,Northern Ireland Electricity Networks Ltd,Lot 5 - SAP Support & Development Resources,Probably active,active,active,complete,15000000.0,contract,GBP,True,6,services,,2025-05-01,,2028-04-30,notice text,,2025-05-27,ocds-h6vhtk-0445e1,027704-2025-CA295 (2024)-5,027704-2025-CA295 (2024)-5,https://www.find-tender.service.gov.uk/Notice/027704-2025,IBM UK LTD
Leonardo SpA,Italy,name,Ministry of Defence,GSA8 ISS Contract,Probably active,active,active,complete,14000000.0,contract,GBP,False,1,services,,2024-11-04,,2029-11-03,notice text,,2024-11-05,ocds-h6vhtk-04b3be,035659-2024-1,035659-2024-1,https://www.find-tender.service.gov.uk/Notice/035659-2024,Leonardo UK Ltd
Leonardo SpA,Italy,name,Ministry of Defence,GSA8 ISS Contract,Probably active,active,active,complete,14000000.0,contract,GBP,False,1,services,,2024-11-04,,2029-11-03,notice text,,2024-11-04,ocds-h6vhtk-04b3d7,035701-2024-1,035701-2024-1,https://www.find-tender.service.gov.uk/Notice/035701-2024,Leonardo UK Ltd
Motorola Solutions Inc,USA,name,Leicestershire Fire and Rescue Service,Mobilising System Replacement Contract,Probably active,active,active,complete,4500000.0,contract,GBP,False,1,goods,,2023-03-31,,2028-03-29,notice text,,2023-06-06,ocds-h6vhtk-03b7d0,009499-2023-1,009499-2023-1,https://www.find-tender.service.gov.uk/Notice/009499-2023,Motorola Solutions UK Limited
Motorola Solutions Inc,USA,name,Leicestershire Fire and Rescue Service,Mobilising System Replacement Contract,Probably active,active,active,complete,4500000.0,contract,GBP,False,1,goods,,2023-06-06,,2028-06-04,notice text,,2023-06-06,ocds-h6vhtk-03b7d0,015973-2023-1,015973-2023-1,https://www.find-tender.service.gov.uk/Notice/015973-2023,Motorola Solutions UK Limited
Palantir Technologies Inc,USA,name,Mayor's Office for Policing and Crime,"Culture, Standards & Integrity Ecosystem (CSIE) Capability",Probably active,active,active,complete,1959996.0,contract,GBP,False,1,services,,2026-07-17,,2027-07-16,notice text,,2026-09-16,ocds-h6vhtk-06ce4a,067996-2026-1,067996-2026-1,https://www.find-tender.service.gov.uk/Notice/067996-2026,"PALANTIR TECHNOLOGIES UK, LTD."
Palantir Technologies Inc,USA,name,Mayor's Office for Policing and Crime,"Culture, Standards & Integrity Ecosystem (CSIE) Capability",Probably active,active,active,complete,1959996.0,contract,GBP,False,1,services,,2026-08-06,,2027-08-05,notice text,,2026-09-16,ocds-h6vhtk-06ce4a,087647-2026-1,087647-2026-1,https://www.find-tender.service.gov.uk/Notice/087647-2026,"PALANTIR TECHNOLOGIES UK, LTD"
Rheinmetall AG,Germany,name,Ministry of Defence,"The Repair, Maintenance and Modification of Various Line Replacement Units (LRUs) and Frame Electrical Layouts (FELs)",Probably active,active,active,complete,95840000.0,contract,GBP,True,1,services,,2025-02-22,,2032-02-21,notice text,,2025-03-04,ocds-h6vhtk-04e98b,007937-2025-IRM23/7653-1,007937-2025-IRM23/7653-1,https://www.find-tender.service.gov.uk/Notice/007937-2025,Rheinmetall BAE Systems Land
Rolls-Royce Holdings plc,UK,name,Ministry of Defence,Borescope Training - to be awarded target date 31/01/24,Probably active,active,active,complete,500000.0,contract,GBP,False,1,services,,2023-11-29,,2028-11-27,notice text,,2023-11-29,ocds-h6vhtk-041dc7,035250-2023-706971450-1,035250-2023-706971450-1,https://www.find-tender.service.gov.uk/Notice/035250-2023,Rolls Royce Defence Service Training Centre
Axon Enterprise Inc,USA,name,Home Office,Conductive Energy Devices Framework Agreement,No end date,active,active,complete,75000000.0,contract,GBP,True,1,goods,,2023-08-08,,,,,2023-10-13,ocds-h6vhtk-040be3,030287-2023-1-1,030287-2023-1-1,https://www.find-tender.service.gov.uk/Notice/030287-2023,AXON PUBLIC SAFETY UK LTD
Axon Enterprise Inc,USA,name,Mayor's Office for Policing and Crime,Precise Policing 2,No end date,active,,active,,,GBP,False,54,services,,,,,,,2026-08-24,ocds-h6vhtk-05cf48,1,,https://www.find-tender.service.gov.uk/api/1.0/ocdsRecordPackages/ocds-h6vhtk-05cf48,AXON PUBLIC SAFETY UK LIMITED
Axon Enterprise Inc,USA,name,Lancashire Combined Fire Authority,Purchase of Body Worn Cameras,No end date,active,active,complete,47351.11,contract,GBP,False,1,goods,,2026-05-11,,,,,2026-06-24,ocds-h6vhtk-06bc39,059445-2026-LFRS 219-1,059445-2026-LFRS 219-1,https://www.find-tender.service.gov.uk/Notice/059445-2026,Axon Public Safety UK Ltd
Axon Enterprise Inc,USA,name,Police And Crime Commissioner For Durham,Provision of Axon BWV 4,No end date,active,active,complete,783000.0,contract,GBP,False,1,goods,,2026-06-30,,,,,2026-07-03,ocds-h6vhtk-06c30e,062621-2026-ICT 375-1,062621-2026-ICT 375-1,https://www.find-tender.service.gov.uk/Notice/062621-2026,Axon Public Safety UK Limited
Axon Enterprise Inc,USA,name,British Transport Police Authority,Body Worn Video,No end date,active,active,complete,3856279.6,contract,GBP,False,1,goods,,2026-07-21,,,,,2026-09-15,ocds-h6vhtk-06fa8b,087496-2026-1,087496-2026-1,https://www.find-tender.service.gov.uk/Notice/087496-2026,Axon Public Safety UK Limited
Axon Enterprise Inc,USA,check,Ministry of Defence,916000.00,No end date,active,active,complete,916000.0,contract,GBP,False,1,goods,,2023-11-06,,,,,2023-11-06,ocds-h6vhtk-0415e8,032708-2023-709603450-1,032708-2023-709603450-1,https://www.find-tender.service.gov.uk/Notice/032708-2023,AXON
Axon Enterprise Inc,USA,name,Metropolitan Police Service,Call off for the purchase of tasers and associated consumeables.,No end date,active,active,complete,29050000.0,contract,GBP,False,1,goods,,2024-03-20,,,,,2024-06-24,ocds-h6vhtk-04723d,019334-2024-1,019334-2024-1,https://www.find-tender.service.gov.uk/Notice/019334-2024,AXON PUBLIC SAFETY UK LTD
Axon Enterprise Inc,USA,name,Police And Crime Commissioner For Durham,Conducted Energy Devices and associated consumables,No end date,active,active,complete,1000000.0,contract,GBP,False,1,goods,,2025-12-04,,,,,2025-12-16,ocds-h6vhtk-05f706,083495-2025-POL 13-1,083495-2025-POL 13-1,https://www.find-tender.service.gov.uk/Notice/083495-2025,Axon Public Safety UK Ltd
Axon Enterprise Inc,USA,name,The Police and Crime Commissioner for Nottinghamshire,Body Worn Video Associated Products and Software,No end date,active,active,complete,1656339.8,contract,GBP,False,1,goods,,2026-03-26,,,,,2026-04-22,ocds-h6vhtk-068875,036576-2026-1,036576-2026-1,https://www.find-tender.service.gov.uk/Notice/036576-2026,Axon Public Safety Uk Ltd
Axon Enterprise Inc,USA,name,York and North Yorkshire Combined Authority,Conducted Energy Devices and Associated Consumables,No end date,active,active,complete,2230460.88,contract,GBP,False,1,goods,,2026-07-01,,,,,2026-07-23,ocds-h6vhtk-06d273,069926-2026-2627-0038-1,069926-2026-2627-0038-1,https://www.find-tender.service.gov.uk/Notice/069926-2026,Axon Public Safety UK Ltd
BAE Systems PLC,UK,name,Ministry of Defence,701755452-ADEWS/107: PDS & ISS for the Air Defence Training Simulator (ADSIM) at the Defence College of Air and Space Operations,No end date,active,active,complete,1167000.0,contract,GBP,False,1,services,,2021-10-11,,,,,2021-10-12,ocds-h6vhtk-02eb31,025540-2021-701755452-1,025540-2021-701755452-1,https://www.find-tender.service.gov.uk/Notice/025540-2021,BAE Systems (Operations) Limited
BAE Systems PLC,UK,name,Ministry of Defence,"Provision of qualified ammunition, gun simulators and associated technical support",No end date,active,active,complete,65000000.0,contract,GBP,False,1,goods,,2022-11-09,,,,,2023-07-12,ocds-h6vhtk-0383a9,032025-2022-1,032025-2022-1,https://www.find-tender.service.gov.uk/Notice/032025-2022,BAE Systems Bofors AB
BAE Systems PLC,UK,name,Ministry of Defence,"Supply of Technical Support, Qualified 40mm and 57mm Ammunition for Type 31 Frigates and Gun Interface Simulators for the Authority’s Shore Integration Facility",No end date,active,active,complete,269750000.0,contract,SEK,False,1,goods,,2023-06-22,,,,,2023-07-12,ocds-h6vhtk-0383a9,020029-2023-705378450-1,020029-2023-705378450-1,https://www.find-tender.service.gov.uk/Notice/020029-2023,BAE Systems Bofors AB
BAE Systems PLC,UK,name,Ministry of Defence,"In Service Support for Combat Management Systems, Shared Infrastructure and Networks",No end date,active,active,complete,287634000.0,contract,GBP,False,1,services,,2022-11-23,,,,,2022-11-23,ocds-h6vhtk-0387d4,033287-2022-705563450-1,033287-2022-705563450-1,https://www.find-tender.service.gov.uk/Notice/033287-2022,BAE Systems Surface Ships Ltd
BAE Systems PLC,UK,name,Ministry of Defence,Autonomic Logistics Information System (ALIS) UK Lightning Integration,No end date,active,active,complete,18000000.0,contract,GBP,False,1,services,,2023-02-02,,,,,2023-04-03,ocds-h6vhtk-03a65c,004835-2023-705419452-1,004835-2023-705419452-1,https://www.find-tender.service.gov.uk/Notice/004835-2023,BAE Systems (Operations) Ltd
BAE Systems PLC,UK,name,Ministry of Defence,Support to Autonomic Logistics Information System (ALIS) UK Lightning Integration,No end date,active,active,complete,17556000.0,contract,GBP,False,1,services,,2023-03-30,,,,,2023-04-03,ocds-h6vhtk-03a65c,009624-2023-705419452-1,009624-2023-705419452-1,https://www.find-tender.service.gov.uk/Notice/009624-2023,BAE Systems (Operations)- Digital Intelligence
BAE Systems PLC,UK,name,Ministry of Defence,"413,333.00",No end date,active,active,complete,413333.0,contract,GBP,False,1,goods,,2023-03-29,,,,,2023-03-29,ocds-h6vhtk-03b71d,009182-2023-1,009182-2023-1,https://www.find-tender.service.gov.uk/Notice/009182-2023,BAE Systems
BAE Systems PLC,UK,name,Ministry of Defence,The Repair of Line Replacement Units (LRU's) and Associated Assemblies,No end date,active,active,complete,1925000.0,contract,GBP,False,1,services,,2023-03-01,,,,,2023-10-05,ocds-h6vhtk-04085e,029445-2023-IRM19/7330-1,029445-2023-IRM19/7330-1,https://www.find-tender.service.gov.uk/Notice/029445-2023,Rheinmetall BAE Systems Land
BAE Systems PLC,UK,name,Ministry of Defence,Provision of Air Crew Equipment Assemblies (AEA),No end date,active,active,complete,,,GBP,False,1,goods,,2023-12-18,,,,,2023-12-18,ocds-h6vhtk-042684,037149-2023-709222457-1,037149-2023-709222457-1,https://www.find-tender.service.gov.uk/Notice/037149-2023,BAE Systems (Operations)
BAE Systems PLC,UK,name,Ministry of Defence,"In Service Support for Combat Management Systems, Shared Infrastructure and Networks",No end date,active,active,complete,480000000.0,contract,GBP,False,1,services,,2024-06-25,,,,,2024-09-27,ocds-h6vhtk-047255,019377-2024-705563450-1,019377-2024-705563450-1,https://www.find-tender.service.gov.uk/Notice/019377-2024,BAE Systems Surface Ships Limited
BAE Systems PLC,UK,name,Ministry of Defence,Provision of Aircrew Equipment Assembly (AEA),No end date,active,active,complete,417624.7,contract,GBP,False,1,goods,,2025-01-16,,,,,2025-02-03,ocds-h6vhtk-04db21,003510-2025-711708451-1,003510-2025-711708451-1,https://www.find-tender.service.gov.uk/Notice/003510-2025,BAE Systems (Operations) Limited Farnborough
BAE Systems PLC,UK,name,Ministry of Defence,RA1162 Support Contract Mar 25- Mar 27,No end date,active,active,complete,4500000.0,contract,GBP,False,1,services,,2025-02-20,,,,,2025-06-13,ocds-h6vhtk-04e530,006296-2025-714089453-1,006296-2025-714089453-1,https://www.find-tender.service.gov.uk/Notice/006296-2025,Bae Systems (Operations) Limited
BAE Systems PLC,UK,name,Ministry of Defence,RA1162 Support Contract May 25- Mar 27,No end date,active,active,complete,4900000.0,contract,GBP,False,1,services,,2025-05-01,,,,,2025-06-13,ocds-h6vhtk-04e530,032214-2025-714089453-1,032214-2025-714089453-1,https://www.find-tender.service.gov.uk/Notice/032214-2025,BAE Systems (Operations) Limited
BAE Systems PLC,UK,name,Government Commercial Agency,Space Technology Solutions,No end date,active,,active,,,GBP,False,47,goods,,,,,,,2026-10-01,ocds-h6vhtk-0510f8,1,,https://www.find-tender.service.gov.uk/api/1.0/ocdsRecordPackages/ocds-h6vhtk-0510f8,BAE SYSTEMS APPLIED INTELLIGENCE LIMITED; BAE Systems (Operations) Limited
BAE Systems PLC,UK,name,Government Commercial Agency,Space Technology Solutions,No end date,active,,active,,,GBP,False,37,goods,,,,,,,2026-10-01,ocds-h6vhtk-0510f8,2,,https://www.find-tender.service.gov.uk/api/1.0/ocdsRecordPackages/ocds-h6vhtk-0510f8,BAE SYSTEMS APPLIED INTELLIGENCE LIMITED; BAE Systems (Operations) Limited
BAE Systems PLC,UK,name,Government Commercial Agency,Space Technology Solutions,No end date,active,,active,,,GBP,False,30,goods,,,,,,,2026-10-01,ocds-h6vhtk-0510f8,3,,https://www.find-tender.service.gov.uk/api/1.0/ocdsRecordPackages/ocds-h6vhtk-0510f8,BAE SYSTEMS APPLIED INTELLIGENCE LIMITED; BAE Systems (Operations) Limited
BAE Systems PLC,UK,name,Government Commercial Agency,Space Technology Solutions,No end date,active,,active,,,GBP,False,50,goods,,,,,,,2026-10-01,ocds-h6vhtk-0510f8,5,,https://www.find-tender.service.gov.uk/api/1.0/ocdsRecordPackages/ocds-h6vhtk-0510f8,BAE SYSTEMS APPLIED INTELLIGENCE LIMITED; BAE Systems (Operations) Limited
BAE Systems PLC,UK,name,Government Commercial Agency,Space Technology Solutions,No end date,active,,active,,,GBP,False,95,goods,,,,,,,2026-10-01,ocds-h6vhtk-0510f8,6,,https://www.find-tender.service.gov.uk/api/1.0/ocdsRecordPackages/ocds-h6vhtk-0510f8,BAE SYSTEMS APPLIED INTELLIGENCE LIMITED; BAE Systems (Operations) Limited
BAE Systems PLC,UK,name,Government Commercial Agency,Space Technology Solutions,No end date,active,,active,,,GBP,False,57,goods,,,,,,,2026-10-01,ocds-h6vhtk-0510f8,7,,https://www.find-tender.service.gov.uk/api/1.0/ocdsRecordPackages/ocds-h6vhtk-0510f8,BAE SYSTEMS APPLIED INTELLIGENCE LIMITED; BAE Systems (Operations) Limited
BAE Systems PLC,UK,name,Government Commercial Agency,Space Technology Solutions,No end date,active,,active,,,GBP,False,66,goods,,,,,,,2026-10-01,ocds-h6vhtk-0510f8,8,,https://www.find-tender.service.gov.uk/api/1.0/ocdsRecordPackages/ocds-h6vhtk-0510f8,BAE SYSTEMS APPLIED INTELLIGENCE LIMITED; BAE Systems (Operations) Limited
BAE Systems PLC,UK,name,Government Commercial Agency,Space Technology Solutions,No end date,active,,active,,,GBP,False,41,goods,,,,,,,2026-10-01,ocds-h6vhtk-0510f8,10,,https://www.find-tender.service.gov.uk/api/1.0/ocdsRecordPackages/ocds-h6vhtk-0510f8,BAE SYSTEMS APPLIED INTELLIGENCE LIMITED; BAE Systems (Operations) Limited
BAE Systems PLC,UK,name,Government Commercial Agency,Space Technology Solutions,No end date,active,,active,,,GBP,False,20,goods,,,,,,,2026-10-01,ocds-h6vhtk-0510f8,11,,https://www.find-tender.service.gov.uk/api/1.0/ocdsRecordPackages/ocds-h6vhtk-0510f8,BAE SYSTEMS APPLIED INTELLIGENCE LIMITED; BAE Systems (Operations) Limited
BAE Systems PLC,UK,name,Government Commercial Agency,Space Technology Solutions,No end date,active,,active,,,GBP,False,40,goods,,,,,,,2026-10-01,ocds-h6vhtk-0510f8,12,,https://www.find-tender.service.gov.uk/api/1.0/ocdsRecordPackages/ocds-h6vhtk-0510f8,BAE SYSTEMS APPLIED INTELLIGENCE LIMITED; BAE Systems (Operations) Limited
BAE Systems PLC,UK,name,Government Commercial Agency,Space Technology Solutions,No end date,active,,active,,,GBP,False,62,goods,,,,,,,2026-10-01,ocds-h6vhtk-0510f8,13,,https://www.find-tender.service.gov.uk/api/1.0/ocdsRecordPackages/ocds-h6vhtk-0510f8,BAE SYSTEMS APPLIED INTELLIGENCE LIMITED; BAE Systems (Operations) Limited
BAE Systems PLC,UK,name,Government Commercial Agency,Space Technology Solutions,No end date,active,,active,,,GBP,False,22,goods,,,,,,,2026-10-01,ocds-h6vhtk-0510f8,15,,https://www.find-tender.service.gov.uk/api/1.0/ocdsRecordPackages/ocds-h6vhtk-0510f8,BAE SYSTEMS APPLIED INTELLIGENCE LIMITED; BAE Systems (Operations) Limited
BAE Systems PLC,UK,name,Government Commercial Agency,Space Technology Solutions,No end date,active,,active,,,GBP,False,38,goods,,,,,,,2026-10-01,ocds-h6vhtk-0510f8,17,,https://www.find-tender.service.gov.uk/api/1.0/ocdsRecordPackages/ocds-h6vhtk-0510f8,BAE SYSTEMS APPLIED INTELLIGENCE LIMITED; BAE Systems (Operations) Limited
BAE Systems PLC,UK,name,Government Commercial Agency,Space Technology Solutions,No end date,active,,active,,,GBP,False,49,goods,,,,,,,2026-10-01,ocds-h6vhtk-0510f8,18,,https://www.find-tender.service.gov.uk/api/1.0/ocdsRecordPackages/ocds-h6vhtk-0510f8,BAE SYSTEMS APPLIED INTELLIGENCE LIMITED; BAE Systems (Operations) Limited
BAE Systems PLC,UK,name,Government Commercial Agency,Space Technology Solutions,No end date,active,,active,,,GBP,False,48,goods,,,,,,,2026-10-01,ocds-h6vhtk-0510f8,19,,https://www.find-tender.service.gov.uk/api/1.0/ocdsRecordPackages/ocds-h6vhtk-0510f8,BAE SYSTEMS APPLIED INTELLIGENCE LIMITED; BAE Systems (Operations) Limited
BAE Systems PLC,UK,name,Government Commercial Agency,Space Technology Solutions,No end date,active,,active,,,GBP,False,45,goods,,,,,,,2026-10-01,ocds-h6vhtk-0510f8,20,,https://www.find-tender.service.gov.uk/api/1.0/ocdsRecordPackages/ocds-h6vhtk-0510f8,BAE SYSTEMS APPLIED INTELLIGENCE LIMITED; BAE Systems (Operations) Limited
BAE Systems PLC,UK,name,Government Commercial Agency,Space Technology Solutions,No end date,active,,active,,,GBP,False,58,goods,,,,,,,2026-10-01,ocds-h6vhtk-0510f8,21,,https://www.find-tender.service.gov.uk/api/1.0/ocdsRecordPackages/ocds-h6vhtk-0510f8,BAE SYSTEMS APPLIED INTELLIGENCE LIMITED; BAE Systems (Operations) Limited
BAE Systems PLC,UK,name,Government Commercial Agency,Space Technology Solutions,No end date,active,,active,,,GBP,False,43,goods,,,,,,,2026-10-01,ocds-h6vhtk-0510f8,22,,https://www.find-tender.service.gov.uk/api/1.0/ocdsRecordPackages/ocds-h6vhtk-0510f8,BAE SYSTEMS APPLIED INTELLIGENCE LIMITED; BAE Systems (Operations) Limited
BAE Systems PLC,UK,name,Government Commercial Agency,Space Technology Solutions,No end date,active,,active,,,GBP,False,31,goods,,,,,,,2026-10-01,ocds-h6vhtk-0510f8,23,,https://www.find-tender.service.gov.uk/api/1.0/ocdsRecordPackages/ocds-h6vhtk-0510f8,BAE SYSTEMS APPLIED INTELLIGENCE LIMITED; BAE Systems (Operations) Limited
BAE Systems PLC,UK,name,Government Commercial Agency,Space Technology Solutions,No end date,active,,active,,,GBP,False,27,goods,,,,,,,2026-10-01,ocds-h6vhtk-0510f8,24,,https://www.find-tender.service.gov.uk/api/1.0/ocdsRecordPackages/ocds-h6vhtk-0510f8,BAE SYSTEMS APPLIED INTELLIGENCE LIMITED; BAE Systems (Operations) Limited
BAE Systems PLC,UK,name,Government Commercial Agency,Space Technology Solutions,No end date,active,,active,,,GBP,False,21,goods,,,,,,,2026-10-01,ocds-h6vhtk-0510f8,25,,https://www.find-tender.service.gov.uk/api/1.0/ocdsRecordPackages/ocds-h6vhtk-0510f8,BAE SYSTEMS APPLIED INTELLIGENCE LIMITED; BAE Systems (Operations) Limited
BAE Systems PLC,UK,name,Government Commercial Agency,Space Technology Solutions,No end date,active,,active,,,GBP,False,40,goods,,,,,,,2026-10-01,ocds-h6vhtk-0510f8,26,,https://www.find-tender.service.gov.uk/api/1.0/ocdsRecordPackages/ocds-h6vhtk-0510f8,BAE SYSTEMS APPLIED INTELLIGENCE LIMITED; BAE Systems (Operations) Limited
BAE Systems PLC,UK,name,Government Commercial Agency,Space Technology Solutions,No end date,active,,active,,,GBP,False,34,goods,,,,,,,2026-10-01,ocds-h6vhtk-0510f8,27,,https://www.find-tender.service.gov.uk/api/1.0/ocdsRecordPackages/ocds-h6vhtk-0510f8,BAE SYSTEMS APPLIED INTELLIGENCE LIMITED; BAE Systems (Operations) Limited
BAE Systems PLC,UK,name,Government Commercial Agency,Space Technology Solutions,No end date,active,,active,,,GBP,False,38,goods,,,,,,,2026-10-01,ocds-h6vhtk-0510f8,28,,https://www.find-tender.service.gov.uk/api/1.0/ocdsRecordPackages/ocds-h6vhtk-0510f8,BAE SYSTEMS APPLIED INTELLIGENCE LIMITED; BAE Systems (Operations) Limited
BAE Systems PLC,UK,name,Government Commercial Agency,Space Technology Solutions,No end date,active,,active,,,GBP,False,19,goods,,,,,,,2026-10-01,ocds-h6vhtk-0510f8,29,,https://www.find-tender.service.gov.uk/api/1.0/ocdsRecordPackages/ocds-h6vhtk-0510f8,BAE SYSTEMS APPLIED INTELLIGENCE LIMITED; BAE Systems (Operations) Limited
BAE Systems PLC,UK,name,Government Commercial Agency,Space Technology Solutions,No end date,active,,active,,,GBP,False,22,goods,,,,,,,2026-10-01,ocds-h6vhtk-0510f8,30,,https://www.find-tender.service.gov.uk/api/1.0/ocdsRecordPackages/ocds-h6vhtk-0510f8,BAE SYSTEMS APPLIED INTELLIGENCE LIMITED; BAE Systems (Operations) Limited
BAE Systems PLC,UK,name,Government Commercial Agency,Space Technology Solutions,No end date,active,,active,,,GBP,False,19,goods,,,,,,,2026-10-01,ocds-h6vhtk-0510f8,32,,https://www.find-tender.service.gov.uk/api/1.0/ocdsRecordPackages/ocds-h6vhtk-0510f8,BAE SYSTEMS APPLIED INTELLIGENCE LIMITED; BAE Systems (Operations) Limited
BAE Systems PLC,UK,name,Government Commercial Agency,Space Technology Solutions,No end date,active,,active,,,GBP,False,27,goods,,,,,,,2026-10-01,ocds-h6vhtk-0510f8,33,,https://www.find-tender.service.gov.uk/api/1.0/ocdsRecordPackages/ocds-h6vhtk-0510f8,BAE SYSTEMS APPLIED INTELLIGENCE LIMITED; BAE Systems (Operations) Limited
BAE Systems PLC,UK,name,Government Commercial Agency,Space Technology Solutions,No end date,active,,active,,,GBP,False,31,goods,,,,,,,2026-10-01,ocds-h6vhtk-0510f8,34,,https://www.find-tender.service.gov.uk/api/1.0/ocdsRecordPackages/ocds-h6vhtk-0510f8,BAE SYSTEMS APPLIED INTELLIGENCE LIMITED; BAE Systems (Operations) Limited
BAE Systems PLC,UK,name,Government Commercial Agency,Space Technology Solutions,No end date,active,,active,,,GBP,False,33,goods,,,,,,,2026-10-01,ocds-h6vhtk-0510f8,37,,https://www.find-tender.service.gov.uk/api/1.0/ocdsRecordPackages/ocds-h6vhtk-0510f8,BAE SYSTEMS APPLIED INTELLIGENCE LIMITED; BAE Systems (Operations) Limited
BAE Systems PLC,UK,name,Government Commercial Agency,Space Technology Solutions,No end date,active,,active,,,GBP,False,23,goods,,,,,,,2026-10-01,ocds-h6vhtk-0510f8,38,,https://www.find-tender.service.gov.uk/api/1.0/ocdsRecordPackages/ocds-h6vhtk-0510f8,BAE SYSTEMS APPLIED INTELLIGENCE LIMITED; BAE Systems (Operations) Limited
BAE Systems PLC,UK,name,Government Commercial Agency,Space Technology Solutions,No end date,active,,active,,,GBP,False,26,goods,,,,,,,2026-10-01,ocds-h6vhtk-0510f8,40,,https://www.find-tender.service.gov.uk/api/1.0/ocdsRecordPackages/ocds-h6vhtk-0510f8,BAE SYSTEMS APPLIED INTELLIGENCE LIMITED; BAE Systems (Operations) Limited
BAE Systems PLC,UK,name,Government Commercial Agency,Space Technology Solutions,No end date,active,,active,,,GBP,False,32,goods,,,,,,,2026-10-01,ocds-h6vhtk-0510f8,41,,https://www.find-tender.service.gov.uk/api/1.0/ocdsRecordPackages/ocds-h6vhtk-0510f8,BAE SYSTEMS APPLIED INTELLIGENCE LIMITED; BAE Systems (Operations) Limited
BAE Systems PLC,UK,name,Government Commercial Agency,Space Technology Solutions,No end date,active,,active,,,GBP,False,41,goods,,,,,,,2026-10-01,ocds-h6vhtk-0510f8,42,,https://www.find-tender.service.gov.uk/api/1.0/ocdsRecordPackages/ocds-h6vhtk-0510f8,BAE SYSTEMS APPLIED INTELLIGENCE LIMITED; BAE Systems (Operations) Limited
BAE Systems PLC,UK,name,Government Commercial Agency,Space Technology Solutions,No end date,active,,active,,,GBP,False,86,goods,,,,,,,2026-10-01,ocds-h6vhtk-0510f8,48,,https://www.find-tender.service.gov.uk/api/1.0/ocdsRecordPackages/ocds-h6vhtk-0510f8,BAE SYSTEMS APPLIED INTELLIGENCE LIMITED; BAE Systems (Operations) Limited
BAE Systems PLC,UK,name,Government Commercial Agency,Space Technology Solutions,No end date,active,,active,,,GBP,False,27,goods,,,,,,,2026-10-01,ocds-h6vhtk-0510f8,49,,https://www.find-tender.service.gov.uk/api/1.0/ocdsRecordPackages/ocds-h6vhtk-0510f8,BAE SYSTEMS APPLIED INTELLIGENCE LIMITED; BAE Systems (Operations) Limited
BAE Systems PLC,UK,name,Government Commercial Agency,Space Technology Solutions,No end date,active,,active,,,GBP,False,47,goods,,,,,,,2026-10-01,ocds-h6vhtk-0510f8,50,,https://www.find-tender.service.gov.uk/api/1.0/ocdsRecordPackages/ocds-h6vhtk-0510f8,BAE SYSTEMS APPLIED INTELLIGENCE LIMITED; BAE Systems (Operations) Limited
BAE Systems PLC,UK,name,Government Commercial Agency,Space Technology Solutions,No end date,active,,active,,,GBP,False,81,goods,,,,,,,2026-10-01,ocds-h6vhtk-0510f8,51,,https://www.find-tender.service.gov.uk/api/1.0/ocdsRecordPackages/ocds-h6vhtk-0510f8,BAE SYSTEMS APPLIED INTELLIGENCE LIMITED; BAE Systems (Operations) Limited
BAE Systems PLC,UK,name,Government Commercial Agency,Space Technology Solutions,No end date,active,,active,,,GBP,False,42,goods,,,,,,,2026-10-01,ocds-h6vhtk-0510f8,53,,https://www.find-tender.service.gov.uk/api/1.0/ocdsRecordPackages/ocds-h6vhtk-0510f8,BAE SYSTEMS APPLIED INTELLIGENCE LIMITED; BAE Systems (Operations) Limited
BAE Systems PLC,UK,name,Government Commercial Agency,Space Technology Solutions,No end date,active,,active,,,GBP,False,30,goods,,,,,,,2026-10-01,ocds-h6vhtk-0510f8,55,,https://www.find-tender.service.gov.uk/api/1.0/ocdsRecordPackages/ocds-h6vhtk-0510f8,BAE SYSTEMS APPLIED INTELLIGENCE LIMITED; BAE Systems (Operations) Limited
BAE Systems PLC,UK,name,Government Commercial Agency,Space Technology Solutions,No end date,active,,active,,,GBP,False,83,goods,,,,,,,2026-10-01,ocds-h6vhtk-0510f8,56,,https://www.find-tender.service.gov.uk/api/1.0/ocdsRecordPackages/ocds-h6vhtk-0510f8,BAE SYSTEMS APPLIED INTELLIGENCE LIMITED; BAE Systems (Operations) Limited
BAE Systems PLC,UK,name,Government Commercial Agency,Space Technology Solutions,No end date,active,,active,,,GBP,False,71,goods,,,,,,,2026-10-01,ocds-h6vhtk-0510f8,57,,https://www.find-tender.service.gov.uk/api/1.0/ocdsRecordPackages/ocds-h6vhtk-0510f8,BAE SYSTEMS APPLIED INTELLIGENCE LIMITED; BAE Systems (Operations) Limited
BAE Systems PLC,UK,name,Government Commercial Agency,Space Technology Solutions,No end date,active,,active,,,GBP,False,67,goods,,,,,,,2026-10-01,ocds-h6vhtk-0510f8,58,,https://www.find-tender.service.gov.uk/api/1.0/ocdsRecordPackages/ocds-h6vhtk-0510f8,BAE SYSTEMS APPLIED INTELLIGENCE LIMITED; BAE Systems (Operations) Limited
BAE Systems PLC,UK,name,Government Commercial Agency,Space Technology Solutions,No end date,active,,active,,,GBP,False,22,goods,,,,,,,2026-10-01,ocds-h6vhtk-0510f8,61,,https://www.find-tender.service.gov.uk/api/1.0/ocdsRecordPackages/ocds-h6vhtk-0510f8,BAE SYSTEMS APPLIED INTELLIGENCE LIMITED; BAE Systems (Operations) Limited
BAE Systems PLC,UK,name,Government Commercial Agency,Space Technology Solutions,No end date,active,,active,,,GBP,False,77,goods,,,,,,,2026-10-01,ocds-h6vhtk-0510f8,62,,https://www.find-tender.service.gov.uk/api/1.0/ocdsRecordPackages/ocds-h6vhtk-0510f8,BAE SYSTEMS APPLIED INTELLIGENCE LIMITED; BAE Systems (Operations) Limited
BAE Systems PLC,UK,name,Government Commercial Agency,Space Technology Solutions,No end date,active,,active,,,GBP,False,46,goods,,,,,,,2026-10-01,ocds-h6vhtk-0510f8,65,,https://www.find-tender.service.gov.uk/api/1.0/ocdsRecordPackages/ocds-h6vhtk-0510f8,BAE SYSTEMS APPLIED INTELLIGENCE LIMITED; BAE Systems (Operations) Limited
BAE Systems PLC,UK,name,Government Commercial Agency,Space Technology Solutions,No end date,active,,active,,,GBP,False,73,goods,,,,,,,2026-10-01,ocds-h6vhtk-0510f8,66,,https://www.find-tender.service.gov.uk/api/1.0/ocdsRecordPackages/ocds-h6vhtk-0510f8,BAE SYSTEMS APPLIED INTELLIGENCE LIMITED; BAE Systems (Operations) Limited
BAE Systems PLC,UK,name,Government Commercial Agency,Space Technology Solutions,No end date,active,,active,,,GBP,False,79,goods,,,,,,,2026-10-01,ocds-h6vhtk-0510f8,67,,https://www.find-tender.service.gov.uk/api/1.0/ocdsRecordPackages/ocds-h6vhtk-0510f8,BAE SYSTEMS APPLIED INTELLIGENCE LIMITED; BAE Systems (Operations) Limited
BAE Systems PLC,UK,name,Government Commercial Agency,Space Technology Solutions,No end date,active,,active,,,GBP,False,93,goods,,,,,,,2026-10-01,ocds-h6vhtk-0510f8,68,,https://www.find-tender.service.gov.uk/api/1.0/ocdsRecordPackages/ocds-h6vhtk-0510f8,BAE SYSTEMS APPLIED INTELLIGENCE LIMITED; BAE Systems (Operations) Limited
BAE Systems PLC,UK,name,Government Commercial Agency,Space Technology Solutions,No end date,active,,active,,,GBP,False,46,goods,,,,,,,2026-10-01,ocds-h6vhtk-0510f8,71,,https://www.find-tender.service.gov.uk/api/1.0/ocdsRecordPackages/ocds-h6vhtk-0510f8,BAE SYSTEMS APPLIED INTELLIGENCE LIMITED; BAE Systems (Operations) Limited
BAE Systems PLC,UK,name,Government Commercial Agency,Space Technology Solutions,No end date,active,,active,,,GBP,False,40,goods,,,,,,,2026-10-01,ocds-h6vhtk-0510f8,75,,https://www.find-tender.service.gov.uk/api/1.0/ocdsRecordPackages/ocds-h6vhtk-0510f8,BAE SYSTEMS APPLIED INTELLIGENCE LIMITED; BAE Systems (Operations) Limited
BAE Systems PLC,UK,name,Government Commercial Agency,Space Technology Solutions,No end date,active,,active,,,GBP,False,57,goods,,,,,,,2026-10-01,ocds-h6vhtk-0510f8,76,,https://www.find-tender.service.gov.uk/api/1.0/ocdsRecordPackages/ocds-h6vhtk-0510f8,BAE SYSTEMS APPLIED INTELLIGENCE LIMITED; BAE Systems (Operations) Limited
BAE Systems PLC,UK,name,Government Commercial Agency,Space Technology Solutions,No end date,active,,active,,,GBP,False,37,goods,,,,,,,2026-10-01,ocds-h6vhtk-0510f8,78,,https://www.find-tender.service.gov.uk/api/1.0/ocdsRecordPackages/ocds-h6vhtk-0510f8,BAE SYSTEMS APPLIED INTELLIGENCE LIMITED; BAE Systems (Operations) Limited
BAE Systems PLC,UK,name,Government Commercial Agency,Space Technology Solutions,No end date,active,,active,,,GBP,False,29,goods,,,,,,,2026-10-01,ocds-h6vhtk-0510f8,80,,https://www.find-tender.service.gov.uk/api/1.0/ocdsRecordPackages/ocds-h6vhtk-0510f8,BAE SYSTEMS APPLIED INTELLIGENCE LIMITED; BAE Systems (Operations) Limited
BAE Systems PLC,UK,name,Government Commercial Agency,Space Technology Solutions,No end date,active,,active,,,GBP,False,29,goods,,,,,,,2026-10-01,ocds-h6vhtk-0510f8,81,,https://www.find-tender.service.gov.uk/api/1.0/ocdsRecordPackages/ocds-h6vhtk-0510f8,BAE SYSTEMS APPLIED INTELLIGENCE LIMITED; BAE Systems (Operations) Limited
BAE Systems PLC,UK,name,Government Commercial Agency,Space Technology Solutions,No end date,active,,active,,,GBP,False,40,goods,,,,,,,2026-10-01,ocds-h6vhtk-0510f8,82,,https://www.find-tender.service.gov.uk/api/1.0/ocdsRecordPackages/ocds-h6vhtk-0510f8,BAE SYSTEMS APPLIED INTELLIGENCE LIMITED; BAE Systems (Operations) Limited
BAE Systems PLC,UK,name,Government Commercial Agency,Space Technology Solutions,No end date,active,,active,,,GBP,False,19,goods,,,,,,,2026-10-01,ocds-h6vhtk-0510f8,86,,https://www.find-tender.service.gov.uk/api/1.0/ocdsRecordPackages/ocds-h6vhtk-0510f8,BAE SYSTEMS APPLIED INTELLIGENCE LIMITED; BAE Systems (Operations) Limited
BAE Systems PLC,UK,name,Government Commercial Agency,Space Technology Solutions,No end date,active,,active,,,GBP,False,42,goods,,,,,,,2026-10-01,ocds-h6vhtk-0510f8,87,,https://www.find-tender.service.gov.uk/api/1.0/ocdsRecordPackages/ocds-h6vhtk-0510f8,BAE SYSTEMS APPLIED INTELLIGENCE LIMITED; BAE Systems (Operations) Limited
BAE Systems PLC,UK,name,Government Commercial Agency,Space Technology Solutions,No end date,active,,active,,,GBP,False,51,goods,,,,,,,2026-10-01,ocds-h6vhtk-0510f8,88,,https://www.find-tender.service.gov.uk/api/1.0/ocdsRecordPackages/ocds-h6vhtk-0510f8,BAE SYSTEMS APPLIED INTELLIGENCE LIMITED; BAE Systems (Operations) Limited
BAE Systems PLC,UK,name,Government Commercial Agency,Space Technology Solutions,No end date,active,,active,,,GBP,False,48,goods,,,,,,,2026-10-01,ocds-h6vhtk-0510f8,89,,https://www.find-tender.service.gov.uk/api/1.0/ocdsRecordPackages/ocds-h6vhtk-0510f8,BAE SYSTEMS APPLIED INTELLIGENCE LIMITED; BAE Systems (Operations) Limited
BAE Systems PLC,UK,name,Government Commercial Agency,Space Technology Solutions,No end date,active,,active,,,GBP,False,43,goods,,,,,,,2026-10-01,ocds-h6vhtk-0510f8,90,,https://www.find-tender.service.gov.uk/api/1.0/ocdsRecordPackages/ocds-h6vhtk-0510f8,BAE SYSTEMS APPLIED INTELLIGENCE LIMITED; BAE Systems (Operations) Limited
BAE Systems PLC,UK,name,Government Commercial Agency,Space Technology Solutions,No end date,active,,active,,,GBP,False,49,goods,,,,,,,2026-10-01,ocds-h6vhtk-0510f8,91,,https://www.find-tender.service.gov.uk/api/1.0/ocdsRecordPackages/ocds-h6vhtk-0510f8,BAE SYSTEMS APPLIED INTELLIGENCE LIMITED; BAE Systems (Operations) Limited
BAE Systems PLC,UK,name,Government Commercial Agency,Space Technology Solutions,No end date,active,,active,,,GBP,False,53,goods,,,,,,,2026-10-01,ocds-h6vhtk-0510f8,92,,https://www.find-tender.service.gov.uk/api/1.0/ocdsRecordPackages/ocds-h6vhtk-0510f8,BAE SYSTEMS APPLIED INTELLIGENCE LIMITED; BAE Systems (Operations) Limited
BAE Systems PLC,UK,name,Government Commercial Agency,Space Technology Solutions,No end date,active,,active,,,GBP,False,37,goods,,,,,,,2026-10-01,ocds-h6vhtk-0510f8,97,,https://www.find-tender.service.gov.uk/api/1.0/ocdsRecordPackages/ocds-h6vhtk-0510f8,BAE SYSTEMS APPLIED INTELLIGENCE LIMITED; BAE Systems (Operations) Limited
BAE Systems PLC,UK,name,Government Commercial Agency,Space Technology Solutions,No end date,active,,active,,,GBP,False,34,goods,,,,,,,2026-10-01,ocds-h6vhtk-0510f8,98,,https://www.find-tender.service.gov.uk/api/1.0/ocdsRecordPackages/ocds-h6vhtk-0510f8,BAE SYSTEMS APPLIED INTELLIGENCE LIMITED; BAE Systems (Operations) Limited
BAE Systems PLC,UK,name,Government Commercial Agency,Space Technology Solutions,No end date,active,,active,,,GBP,False,28,goods,,,,,,,2026-10-01,ocds-h6vhtk-0510f8,100,,https://www.find-tender.service.gov.uk/api/1.0/ocdsRecordPackages/ocds-h6vhtk-0510f8,BAE SYSTEMS APPLIED INTELLIGENCE LIMITED; BAE Systems (Operations) Limited
BAE Systems PLC,UK,name,Government Commercial Agency,Space Technology Solutions,No end date,active,,active,,,GBP,False,71,goods,,,,,,,2026-10-01,ocds-h6vhtk-0510f8,102,,https://www.find-tender.service.gov.uk/api/1.0/ocdsRecordPackages/ocds-h6vhtk-0510f8,BAE SYSTEMS APPLIED INTELLIGENCE LIMITED; BAE Systems (Operations) Limited
BAE Systems PLC,UK,name,Government Commercial Agency,Space Technology Solutions,No end date,active,,active,,,GBP,False,88,goods,,,,,,,2026-10-01,ocds-h6vhtk-0510f8,103,,https://www.find-tender.service.gov.uk/api/1.0/ocdsRecordPackages/ocds-h6vhtk-0510f8,BAE SYSTEMS APPLIED INTELLIGENCE LIMITED; BAE Systems (Operations) Limited
BAE Systems PLC,UK,name,Government Commercial Agency,Space Technology Solutions,No end date,active,,active,,,GBP,False,65,goods,,,,,,,2026-10-01,ocds-h6vhtk-0510f8,104,,https://www.find-tender.service.gov.uk/api/1.0/ocdsRecordPackages/ocds-h6vhtk-0510f8,BAE SYSTEMS APPLIED INTELLIGENCE LIMITED; BAE Systems (Operations) Limited
BAE Systems PLC,UK,name,Government Commercial Agency,Space Technology Solutions,No end date,active,,active,,,GBP,False,43,goods,,,,,,,2026-10-01,ocds-h6vhtk-0510f8,105,,https://www.find-tender.service.gov.uk/api/1.0/ocdsRecordPackages/ocds-h6vhtk-0510f8,BAE SYSTEMS APPLIED INTELLIGENCE LIMITED; BAE Systems (Operations) Limited
BAE Systems PLC,UK,name,Government Commercial Agency,Space Technology Solutions,No end date,active,,active,,,GBP,False,87,goods,,,,,,,2026-10-01,ocds-h6vhtk-0510f8,106,,https://www.find-tender.service.gov.uk/api/1.0/ocdsRecordPackages/ocds-h6vhtk-0510f8,BAE SYSTEMS APPLIED INTELLIGENCE LIMITED; BAE Systems (Operations) Limited
BAE Systems PLC,UK,name,Government Commercial Agency,Space Technology Solutions,No end date,active,,active,,,GBP,False,36,goods,,,,,,,2026-10-01,ocds-h6vhtk-0510f8,108,,https://www.find-tender.service.gov.uk/api/1.0/ocdsRecordPackages/ocds-h6vhtk-0510f8,BAE SYSTEMS APPLIED INTELLIGENCE LIMITED; BAE Systems (Operations) Limited
BAE Systems PLC,UK,name,Government Commercial Agency,Space Technology Solutions,No end date,active,,active,,,GBP,False,67,goods,,,,,,,2026-10-01,ocds-h6vhtk-0510f8,109,,https://www.find-tender.service.gov.uk/api/1.0/ocdsRecordPackages/ocds-h6vhtk-0510f8,BAE SYSTEMS APPLIED INTELLIGENCE LIMITED; BAE Systems (Operations) Limited
BAE Systems PLC,UK,name,Government Commercial Agency,Space Technology Solutions,No end date,active,,active,,,GBP,False,65,goods,,,,,,,2026-10-01,ocds-h6vhtk-0510f8,111,,https://www.find-tender.service.gov.uk/api/1.0/ocdsRecordPackages/ocds-h6vhtk-0510f8,BAE SYSTEMS APPLIED INTELLIGENCE LIMITED; BAE Systems (Operations) Limited
BAE Systems PLC,UK,name,Government Commercial Agency,Space Technology Solutions,No end date,active,,active,,,GBP,False,36,goods,,,,,,,2026-10-01,ocds-h6vhtk-0510f8,112,,https://www.find-tender.service.gov.uk/api/1.0/ocdsRecordPackages/ocds-h6vhtk-0510f8,BAE SYSTEMS APPLIED INTELLIGENCE LIMITED; BAE Systems (Operations) Limited
BAE Systems PLC,UK,name,Government Commercial Agency,Space Technology Solutions,No end date,active,,active,,,GBP,False,38,goods,,,,,,,2026-10-01,ocds-h6vhtk-0510f8,113,,https://www.find-tender.service.gov.uk/api/1.0/ocdsRecordPackages/ocds-h6vhtk-0510f8,BAE SYSTEMS APPLIED INTELLIGENCE LIMITED; BAE Systems (Operations) Limited
BAE Systems PLC,UK,name,Government Commercial Agency,Space Technology Solutions,No end date,active,,active,,,GBP,False,83,goods,,,,,,,2026-10-01,ocds-h6vhtk-0510f8,114,,https://www.find-tender.service.gov.uk/api/1.0/ocdsRecordPackages/ocds-h6vhtk-0510f8,BAE SYSTEMS APPLIED INTELLIGENCE LIMITED; BAE Systems (Operations) Limited
BAE Systems PLC,UK,name,Government Commercial Agency,Space Technology Solutions,No end date,active,,active,,,GBP,False,86,goods,,,,,,,2026-10-01,ocds-h6vhtk-0510f8,115,,https://www.find-tender.service.gov.uk/api/1.0/ocdsRecordPackages/ocds-h6vhtk-0510f8,BAE SYSTEMS APPLIED INTELLIGENCE LIMITED; BAE Systems (Operations) Limited
BAE Systems PLC,UK,name,Government Commercial Agency,Space Technology Solutions,No end date,active,,active,,,GBP,False,45,goods,,,,,,,2026-10-01,ocds-h6vhtk-0510f8,116,,https://www.find-tender.service.gov.uk/api/1.0/ocdsRecordPackages/ocds-h6vhtk-0510f8,BAE SYSTEMS APPLIED INTELLIGENCE LIMITED; BAE Systems (Operations) Limited
BAE Systems PLC,UK,name,Government Commercial Agency,Space Technology Solutions,No end date,active,,active,,,GBP,False,31,goods,,,,,,,2026-10-01,ocds-h6vhtk-0510f8,122,,https://www.find-tender.service.gov.uk/api/1.0/ocdsRecordPackages/ocds-h6vhtk-0510f8,BAE SYSTEMS APPLIED INTELLIGENCE LIMITED; BAE Systems (Operations) Limited
BAE Systems PLC,UK,name,Government Commercial Agency,Space Technology Solutions,No end date,active,,active,,,GBP,False,45,goods,,,,,,,2026-10-01,ocds-h6vhtk-0510f8,123,,https://www.find-tender.service.gov.uk/api/1.0/ocdsRecordPackages/ocds-h6vhtk-0510f8,BAE SYSTEMS APPLIED INTELLIGENCE LIMITED; BAE Systems (Operations) Limited
BAE Systems PLC,UK,name,Government Commercial Agency,Space Technology Solutions,No end date,active,,active,,,GBP,False,31,goods,,,,,,,2026-10-01,ocds-h6vhtk-0510f8,124,,https://www.find-tender.service.gov.uk/api/1.0/ocdsRecordPackages/ocds-h6vhtk-0510f8,BAE SYSTEMS APPLIED INTELLIGENCE LIMITED; BAE Systems (Operations) Limited
BAE Systems PLC,UK,name,Government Commercial Agency,Space Technology Solutions,No end date,active,,active,,,GBP,False,41,goods,,,,,,,2026-10-01,ocds-h6vhtk-0510f8,125,,https://www.find-tender.service.gov.uk/api/1.0/ocdsRecordPackages/ocds-h6vhtk-0510f8,BAE SYSTEMS APPLIED INTELLIGENCE LIMITED; BAE Systems (Operations) Limited
BAE Systems PLC,UK,name,Government Commercial Agency,Space Technology Solutions,No end date,active,,active,,,GBP,False,48,goods,,,,,,,2026-10-01,ocds-h6vhtk-0510f8,126,,https://www.find-tender.service.gov.uk/api/1.0/ocdsRecordPackages/ocds-h6vhtk-0510f8,BAE SYSTEMS APPLIED INTELLIGENCE LIMITED; BAE Systems (Operations) Limited
BAE Systems PLC,UK,name,Government Commercial Agency,Space Technology Solutions,No end date,active,,active,,,GBP,False,41,goods,,,,,,,2026-10-01,ocds-h6vhtk-0510f8,127,,https://www.find-tender.service.gov.uk/api/1.0/ocdsRecordPackages/ocds-h6vhtk-0510f8,BAE SYSTEMS APPLIED INTELLIGENCE LIMITED; BAE Systems (Operations) Limited
BAE Systems PLC,UK,name,Mayor's Office for Policing and Crime,Precise Policing 2,No end date,active,,active,,,GBP,False,54,services,,,,,,,2026-08-24,ocds-h6vhtk-05cf48,1,,https://www.find-tender.service.gov.uk/api/1.0/ocdsRecordPackages/ocds-h6vhtk-05cf48,BAE SYSTEMS APPLIED INTELLIGENCE LIMITED
BAE Systems PLC,UK,name,National Highways,Charter 4 (Asset Knowledge) Capability Roadmap Development Task,No end date,active,active,complete,1000000000.0,contract,GBP,True,1,services,,2022-09-13,,,,,2024-08-08,ocds-h6vhtk-02e248,028511-2022-16,028511-2022-16,https://www.find-tender.service.gov.uk/Notice/028511-2022,BAE SYSTEMS APPLIED INTELLIGENCE LIMITED
BAE Systems PLC,UK,name,National Highways,Charter 4 (Asset Knowledge) Capability Roadmap Development Task,No end date,active,active,complete,1000000000.0,contract,GBP,True,1,services,,2022-09-13,,,,,2024-08-08,ocds-h6vhtk-02e248,028518-2022-16,028518-2022-16,https://www.find-tender.service.gov.uk/Notice/028518-2022,BAE SYSTEMS APPLIED INTELLIGENCE LIMITED
BAE Systems PLC,UK,name,Ministry of Defence - Defence Equipment and Support,Batch 1 Offshore Patrol Vessels - Future Support,No end date,active,active,complete,68740000.0,contract,GBP,False,1,services,,2021-10-14,,,,,2021-10-14,ocds-h6vhtk-02ec1d,025776-2021-Note - contract has not been awarded-1,025776-2021-Note - contract has not been awarded-1,https://www.find-tender.service.gov.uk/Notice/025776-2021,BAE Systems Maritime Services
BAE Systems PLC,UK,name,Home Office,Cyber Security,No end date,active,active,complete,92000000.0,contract,GBP,True,1,services,,2022-10-17,,,,,2022-11-22,ocds-h6vhtk-02f3d6,033051-2022-C21170-26,033051-2022-C21170-26,https://www.find-tender.service.gov.uk/Notice/033051-2022,BAE Systems Applied Intelligence Limited
BAE Systems PLC,UK,name,Home Office,Strategic Intelligence and Threat Assessment,No end date,active,active,complete,92000000.0,contract,GBP,True,1,services,,2022-10-17,,,,,2022-11-22,ocds-h6vhtk-02f3d6,033051-2022-C21170-36,033051-2022-C21170-36,https://www.find-tender.service.gov.uk/Notice/033051-2022,BAE Systems Applied Intelligence Limited
BAE Systems PLC,UK,name,"Foreign, Commonwealth and Development Office",Provision of urgent business support,No end date,active,active,complete,467325.6,contract,GBP,False,1,services,,2022-01-12,,,,,2022-02-04,ocds-h6vhtk-03132f,003220-2022-1,003220-2022-1,https://www.find-tender.service.gov.uk/Notice/003220-2022,BAE SYSTEMS APPLIED INTELLIGENCE (UK) LIMITED
BAE Systems PLC,UK,name,Ministry of Defence - RAF High Wycombe Air Commercial,Aircrew Training Facility at RAF Leeming,No end date,active,active,complete,7600000.0,contract,GBP,False,1,works,,2022-02-11,,,,,2022-02-11,ocds-h6vhtk-03168d,004082-2022-1,004082-2022-1,https://www.find-tender.service.gov.uk/Notice/004082-2022,BAE Systems (Operations) Limited
BAE Systems PLC,UK,name,Ministry of Defence,Hawk Future Support Solution,No end date,active,active,complete,560000000.0,contract,GBP,False,1,services,,2022-02-21,,,,,2022-02-24,ocds-h6vhtk-031b03,005223-2022-702540454-1,005223-2022-702540454-1,https://www.find-tender.service.gov.uk/Notice/005223-2022,BAE SYSTEMS (Operations) Limited
BAE Systems PLC,UK,name,University of Leeds,Modification of the FAAM Atmospheric Research Aircraft (ARA) via Mid Life Upgrade.,No end date,active,active,complete,30000000.0,contract,GBP,False,1,services,,2022-03-15,,,,,2022-03-17,ocds-h6vhtk-032348,007342-2022-1,007342-2022-1,https://www.find-tender.service.gov.uk/Notice/007342-2022,BAE Systems (Operations) Limited
BAE Systems PLC,UK,name,Ministry of Defence,SME Support to Development of Bespoke RT 1045 SADM Model for Analytical Use,No end date,active,active,complete,19400.0,contract,GBP,False,1,services,,2022-03-22,,,,,2022-03-25,ocds-h6vhtk-03266b,008145-2022-701700451-1,008145-2022-701700451-1,https://www.find-tender.service.gov.uk/Notice/008145-2022,BAE Systems Australia Ltd
BAE Systems PLC,UK,name,"Ministry of Defence - RAF High Wycombe, Air Commercial",704030450-Hawk TMk2A Release to Service,No end date,active,active,complete,1639000.0,contract,GBP,False,1,services,,2022-05-23,,,,,2022-05-23,ocds-h6vhtk-033d04,013919-2022-1,013919-2022-1,https://www.find-tender.service.gov.uk/Notice/013919-2022,BAE Systems (Operations) Limited
BAE Systems PLC,UK,name,Ministry of Defence,Support of ALE 47 AND M147 Counter Measure Dispensing Systems (CMDS),No end date,active,active,complete,5000000.0,contract,USD,False,1,services,,2022-07-25,,,,,2022-08-01,ocds-h6vhtk-0357ca,020939-2022-701579453-1,020939-2022-701579453-1,https://www.find-tender.service.gov.uk/Notice/020939-2022,BAE SYSTEMS INFORMATION AND ELECTRONIC SYSTEMS INTEGRATION INC.
BAE Systems PLC,UK,name,Ministry of Defence,Hawk T1 Aircrew Ground and Synthetic Training Service,No end date,active,active,complete,18500000.0,contract,GBP,False,1,services,,2022-10-05,,,,,2022-10-24,ocds-h6vhtk-037bc4,029972-2022-705144450-1,029972-2022-705144450-1,https://www.find-tender.service.gov.uk/Notice/029972-2022,BAE SYSTEMS (Operations) Limited
BAE Systems PLC,UK,name,Ministry of Defence,"In Service Support for Combat Management Systems, Shared Infrastructure and Networks",No end date,active,active,complete,287634000.0,contract,GBP,False,1,services,,2022-11-23,,,,,2022-11-23,ocds-h6vhtk-03877f,033159-2022-705563450-1,033159-2022-705563450-1,https://www.find-tender.service.gov.uk/Notice/033159-2022,BAE Systems Surface Ships Ltd
BAE Systems PLC,UK,name,Ministry of Defence,Support to Mission Planning Environment (MPE) Trials,No end date,active,active,complete,2500000.0,contract,GBP,False,1,services,,2022-11-01,,,,,2023-03-15,ocds-h6vhtk-03b33f,007614-2023-705830450-1,007614-2023-705830450-1,https://www.find-tender.service.gov.uk/Notice/007614-2023,BAE Systems (Operations) Ltd
BAE Systems PLC,UK,name,Ministry of Defence,3508000,No end date,active,active,complete,,,GBP,False,1,services,,2023-07-28,,,,,2023-07-28,ocds-h6vhtk-03eb26,021947-2023-1,021947-2023-1,https://www.find-tender.service.gov.uk/Notice/021947-2023,Bae Systems (Operations) Limited
BAE Systems PLC,UK,name,Lightning Delivery Team,Support to Mission Planning Environment (MPE) Trials,No end date,active,active,complete,2545000.0,contract,GBP,False,1,services,,2023-09-07,,,,,2023-09-12,ocds-h6vhtk-03fc1e,026975-2023-705830450-1,026975-2023-705830450-1,https://www.find-tender.service.gov.uk/Notice/026975-2023,BAE Systems (Operations) Ltd – Air
BAE Systems PLC,UK,name,Ministry of Defence,Lipless Firing Needle Assemblies,No end date,active,active,,578898.0,contract,GBP,False,1,goods,,2023-09-22,,,,,2023-11-08,ocds-h6vhtk-0416f0,033122-2023-704942450-1,033122-2023-704942450-1,https://www.find-tender.service.gov.uk/Notice/033122-2023,Rheinmetall BAE Systems Land (RBSL) Limited
BAE Systems PLC,UK,name,MINISTRY OF DEFENCE,MONET ACADEMIC SUPPORT,No end date,active,active,complete,321887.78,contract,GBP,False,1,services,,2024-03-25,,,,,2024-04-30,ocds-h6vhtk-045629,013918-2024-1,013918-2024-1,https://www.find-tender.service.gov.uk/Notice/013918-2024,BAE SYSTEMS
BAE Systems PLC,UK,name,MINISTRY OF DEFENCE,Operational Analysis & Data  Science Support.,No end date,active,active,,7574910.36,contract,GBP,False,1,services,,2024-09-11,,,,,2024-10-25,ocds-h6vhtk-04b148,034625-2024-711826450-1,034625-2024-711826450-1,https://www.find-tender.service.gov.uk/Notice/034625-2024,BAE Systems Applied Intelligence
BAE Systems PLC,UK,name,Ministry of Defence,Commercial X Dynamic Market,No end date,active,,active,,,GBP,False,39,services,,,,,,,2025-07-08,ocds-h6vhtk-054901,1,,https://www.find-tender.service.gov.uk/api/1.0/ocdsRecordPackages/ocds-h6vhtk-054901,BAE SYSTEMS APPLIED INTELLIGENCE LIMITED
BAE Systems PLC,UK,name,Ministry of Defence,Motion Control Spares & Repairs,No end date,active,active,complete,52562098.8,contract,GBP,False,1,goods,,2021-12-08,,,,,2021-12-16,ocds-h6vhtk-02d2a9,031523-2021-701107374-1,031523-2021-701107374-1,https://www.find-tender.service.gov.uk/Notice/031523-2021,BAE Systems Surface Ships Limited
BAE Systems PLC,UK,name,Ministry of Defence,Support of ALE 47 AND M147 Counter Measure Dispensing Systems (CMDS),No end date,active,active,complete,5000000.0,contract,GBP,False,1,services,,2022-02-23,,,,,2022-03-01,ocds-h6vhtk-031c9f,005635-2022-701579453-1,005635-2022-701579453-1,https://www.find-tender.service.gov.uk/Notice/005635-2022,BAE SYSTEMS INFORMATION AND ELECTRONIC SYSTEMS INTEGRATION INC.
BAE Systems PLC,UK,name,Ministry of Defence,ASW Spearhead Annex C,No end date,active,active,complete,7511666.0,contract,GBP,False,1,services,,2022-06-10,,,,,2022-12-19,ocds-h6vhtk-03452e,016009-2022-1,016009-2022-1,https://www.find-tender.service.gov.uk/Notice/016009-2022,BAE Systems Applied Intelligence Ltd
BAE Systems PLC,UK,name,Ministry of Defence,ASW Spearhead Annex C,No end date,active,active,complete,7575398.0,contract,GBP,False,1,services,,2022-12-13,,,,,2022-12-19,ocds-h6vhtk-03452e,035931-2022-704171451-1,035931-2022-704171451-1,https://www.find-tender.service.gov.uk/Notice/035931-2022,BAE Systems Applied Intelligence Ltd
BAE Systems PLC,UK,name,Ministry of Defence,250000,No end date,active,active,complete,,,GBP,False,1,goods,,2022-10-10,,,,,2022-10-13,ocds-h6vhtk-037540,028769-2022-1,028769-2022-1,https://www.find-tender.service.gov.uk/Notice/028769-2022,BAE Systems Ltd
BAE Systems PLC,UK,name,MINISTRY OF DEFENCE,T101 Contractual Logistical Support Contract,No end date,active,active,,7332949.22,contract,GBP,False,1,services,,2022-10-31,,,,,2023-01-26,ocds-h6vhtk-039ac0,002386-2023-701577561 - ADEWS/103-1,002386-2023-701577561 - ADEWS/103-1,https://www.find-tender.service.gov.uk/Notice/002386-2023,BAE Systems Maritime Services
BAE Systems PLC,UK,name,Ministry of Defence,Abbot Kits,No end date,active,active,complete,,,GBP,True,1,goods,,2023-02-08,,,,,2023-02-08,ocds-h6vhtk-03a3e9,003874-2023-706831452-1,003874-2023-706831452-1,https://www.find-tender.service.gov.uk/Notice/003874-2023,BAE Systems GCS International LTD
BAE Systems PLC,UK,name,Ministry of Defence,The Repair of Various Line Replacement Units (LRU’s) and Associated items,No end date,active,active,complete,4000000.0,contract,GBP,True,1,services,,2023-02-03,,,,,2023-03-06,ocds-h6vhtk-03ae6c,006470-2023-IRM19/7330-1,006470-2023-IRM19/7330-1,https://www.find-tender.service.gov.uk/Notice/006470-2023,Rheinmetall BAE Systems Land
BAE Systems PLC,UK,name,Ministry of Defence,CSC & ROCU Laptops,No end date,active,active,complete,1729000.0,contract,GBP,False,1,goods,,2023-06-27,,,,,2023-06-27,ocds-h6vhtk-03dcd8,018269-2023-1,018269-2023-1,https://www.find-tender.service.gov.uk/Notice/018269-2023,Rheinmetall BAE Systems Land (RBSL)
BAE Systems PLC,UK,name,Ministry of Defence,"4,000,000",No end date,active,active,complete,4000000.0,contract,GBP,False,1,services,,2023-06-26,,,,,2023-06-26,ocds-h6vhtk-03dc9c,018151-2023-1,018151-2023-1,https://www.find-tender.service.gov.uk/Notice/018151-2023,BAE Systems Bofors AB
BAE Systems PLC,UK,name,Ministry of Defence,RA1162 Support Contract,No end date,active,active,complete,3508000.0,contract,GBP,False,1,services,,2023-10-18,,,,,2023-11-08,ocds-h6vhtk-0416bf,033044-2023-708527450-1,033044-2023-708527450-1,https://www.find-tender.service.gov.uk/Notice/033044-2023,BAE Systems (Operations) Limited
BAE Systems PLC,UK,name,MINISTRY OF DEFENCE,NJORD Framework - Contract Award Notice - February 2024,No end date,active,active,,1.0,contract,GBP,True,1,goods,,2024-02-27,,,,,2024-03-14,ocds-h6vhtk-044865,008124-2024-1,008124-2024-1,https://www.find-tender.service.gov.uk/Notice/008124-2024,BAE Systems Surface Ships Limited
BAE Systems PLC,UK,name,Ministry of Defence,"708509450 - Interim Spares Provisioning, Batch 1, MSS/179",No end date,active,active,,17271.14,contract,GBP,False,1,goods,,2024-04-10,,,,,2024-05-16,ocds-h6vhtk-0459f9,"015510-2024-708509450 - Interim Spares Provisioning, Batch 1, MSS/179-3","015510-2024-708509450 - Interim Spares Provisioning, Batch 1, MSS/179-3",https://www.find-tender.service.gov.uk/Notice/015510-2024,BAE Systems Surface Ships Limited
BAE Systems PLC,UK,name,Ministry of Defence,,No end date,active,active,,4904844.0,contract,GBP,False,1,services,,2024-07-01,,,,,2024-07-18,ocds-h6vhtk-047e62,022223-2024-710917450-1,022223-2024-710917450-1,https://www.find-tender.service.gov.uk/Notice/022223-2024,BAE Systems (Operations) Limited
BAE Systems PLC,UK,name,Ministry of Defence,Precision Gunnery Training Equipment (PGTE) & Terrier Training System (TTS) for Contractor Logistic Support (CLS) & Post Design Services (PDS),No end date,active,active,complete,14000000.0,contract,GBP,False,1,services,,2024-08-22,,,,,2024-08-23,ocds-h6vhtk-04936e,027021-2024-711552451(TSSP/147)-1,027021-2024-711552451(TSSP/147)-1,https://www.find-tender.service.gov.uk/Notice/027021-2024,Rheinmetall BAE Systems Land
BAE Systems PLC,UK,name,Ministry of Defence,(FTUAS) Integration into T23 Combat Management,No end date,active,active,complete,1200000.0,contract,GBP,False,1,services,,2021-11-25,,,,,2022-05-31,ocds-h6vhtk-02fa4d,029406-2021-1,029406-2021-1,https://www.find-tender.service.gov.uk/Notice/029406-2021,BAE Systems Surface Ships Ltd
BAE Systems PLC,UK,name,Ministry of Defence,(FTUAS) Integration into T23 Combat Management,No end date,active,active,complete,2124573.0,contract,GBP,False,1,services,,2022-04-01,,,,,2022-05-31,ocds-h6vhtk-02fa4d,015209-2022-1,015209-2022-1,https://www.find-tender.service.gov.uk/Notice/015209-2022,BAE SYSTEMS SURFACE SHIPS
BAE Systems PLC,UK,name,Ministry of Defence,AVPISP/00138 -  Littoral Future PDS,No end date,active,active,complete,11768000.0,contract,GBP,False,1,services,,2021-12-07,,,,,2021-12-07,ocds-h6vhtk-02fe66,030447-2021-1,030447-2021-1,https://www.find-tender.service.gov.uk/Notice/030447-2021,BAE Systems Hägglunds AB
BAE Systems PLC,UK,name,Ministry of Defence,C-130J Core Map And Storage System (CoMPASS),No end date,active,active,complete,55619.52,contract,GBP,False,1,services,,2022-01-24,,,,,2022-03-11,ocds-h6vhtk-032121,006791-2022-1,006791-2022-1,https://www.find-tender.service.gov.uk/Notice/006791-2022,BAE Systems (Operations) Limited
BAE Systems PLC,UK,name,Ministry of Defence,Hawk Integrated Support Solution,No end date,active,active,,591095759.0,contract,GBP,False,1,services,,2022-03-24,,,,,2022-05-24,ocds-h6vhtk-033e3c,014231-2022-702540454-1,014231-2022-702540454-1,https://www.find-tender.service.gov.uk/Notice/014231-2022,BAE SYSTEMS (Operations) Limited
BAE Systems PLC,UK,name,Ministry of Defence,APAC24 Support,No end date,active,active,complete,510000.0,contract,GBP,False,1,services,,2022-08-24,,,,,2023-10-03,ocds-h6vhtk-036271,023604-2022-1,023604-2022-1,https://www.find-tender.service.gov.uk/Notice/023604-2022,BAE Systems Surface Ships Ltd
BAE Systems PLC,UK,name,Ministry of Defence,APAC24 Support,No end date,active,active,complete,475997.49,contract,GBP,False,1,services,,2023-09-04,,,,,2023-10-03,ocds-h6vhtk-036271,029165-2023-705019451-1,029165-2023-705019451-1,https://www.find-tender.service.gov.uk/Notice/029165-2023,BAE Systems Maritime Services
BAE Systems PLC,UK,name,Ministry of Defence,Command Management System (CMS) Joint Support Solution 2 (JSS2) - Contract Amendment,No end date,active,active,complete,10000000.0,contract,GBP,False,1,services,,2022-10-07,,,,,2022-10-07,ocds-h6vhtk-0373f3,028267-2022-1,028267-2022-1,https://www.find-tender.service.gov.uk/Notice/028267-2022,BAE Systems Surface Ships Ltd
BAE Systems PLC,UK,name,Ministry of Defence,https://www.contracts.mod.uk/web/user-guide.html,No end date,active,active,complete,,,GBP,False,1,services,,2023-02-01,,,,,2023-02-01,ocds-h6vhtk-03a1ef,003095-2023-706506451-1,003095-2023-706506451-1,https://www.find-tender.service.gov.uk/Notice/003095-2023,BAE Systems GCS International Ltd
BAE Systems PLC,UK,name,Ministry of Defence,Ship Sensor and Monitoring System (SSAMS),No end date,active,active,complete,4900000.0,contract,GBP,False,1,services,,2023-02-17,,,,,2023-03-15,ocds-h6vhtk-03b2fb,007508-2023-CSA/3060-1,007508-2023-CSA/3060-1,https://www.find-tender.service.gov.uk/Notice/007508-2023,BAE Systems
BAE Systems PLC,UK,name,Ministry of Defence,Modification to Lipless Firing Needle Assembly,No end date,active,active,complete,578899.0,contract,GBP,False,1,goods,,2023-07-20,,,,,2023-07-24,ocds-h6vhtk-03e4e9,021360-2023-704942450-1,021360-2023-704942450-1,https://www.find-tender.service.gov.uk/Notice/021360-2023,Rheinmetall BAE Systems Land (RBSL) ltd
BAE Systems PLC,UK,name,Ministry of Defence,The Supply of the Falcon Training Service (WANT),No end date,active,active,complete,4950000.0,contract,GBP,False,1,services,,2024-03-25,,,,,2024-03-25,ocds-h6vhtk-044c95,009685-2024-710917450-1,009685-2024-710917450-1,https://www.find-tender.service.gov.uk/Notice/009685-2024,BAE Systems Digital Intelligence
BAE Systems PLC,UK,name,Mod Donnington,"The Supply of Viking, BV206 and BRV Spares",No end date,active,active,complete,16000000.0,contract,GBP,True,1,goods,,2023-11-23,,,,,2024-04-23,ocds-h6vhtk-045450,013079-2024-IRM19/7298-1,013079-2024-IRM19/7298-1,https://www.find-tender.service.gov.uk/Notice/013079-2024,BAE Systems Hagglunds AB
BAE Systems PLC,UK,name,Foreign Commonwealth and Development Office,Managed Financial Services,No end date,active,active,complete,4015460.0,contract,GBP,False,1,services,,2024-03-21,,,,,2024-05-13,ocds-h6vhtk-045934,015175-2024-1,015175-2024-1,https://www.find-tender.service.gov.uk/Notice/015175-2024,BAE Systems Applied Intelligence Limited
BAE Systems PLC,UK,name,Ministry of Defence,,No end date,active,active,,1731225.0,contract,GBP,False,1,goods,,2024-02-05,,,,,2025-01-23,ocds-h6vhtk-04d5ad,002348-2025-1,002348-2025-1,https://www.find-tender.service.gov.uk/Notice/002348-2025,Rheinmetall BAE Systems Land (RBSL)
BAE Systems PLC,UK,name,Ministry of Defence,Post Design Services and Industrial Support for the Air Defence Training Simulator,No end date,active,active,,1950000.0,contract,GBP,False,1,services,,2025-02-11,,,,,2025-02-27,ocds-h6vhtk-04e7e8,007207-2025-1,007207-2025-1,https://www.find-tender.service.gov.uk/Notice/007207-2025,BAE Systems – Digital Intelligence - C5ISR
BAE Systems PLC,UK,name,Ministry of Defence,715643455 - CRARRV Brake Light Kits Procurement VTN,No end date,active,active,complete,1660636.94,contract,GBP,False,1,goods,,2025-08-01,,,,,2025-09-18,ocds-h6vhtk-059da6,057906-2025-1,057906-2025-1,https://www.find-tender.service.gov.uk/Notice/057906-2025,Rheinmetall BAE Systems Land Ltd
BAE Systems PLC,UK,name,Ministry of Defence,715643455 CRARRV Brake Light Kits Procurement F18 CAN,No end date,active,active,,1644334.52,contract,GBP,False,1,goods,,2025-12-04,,,,,2026-03-18,ocds-h6vhtk-066d34,024463-2026-715643455-1,024463-2026-715643455-1,https://www.find-tender.service.gov.uk/Notice/024463-2026,Rheinmetall BAE Systems Land (RBSL) Limited
Boeing Co,USA,name,Ministry of Defence,E7 Wedgetail Infrastructure RIBA 4-6,No end date,active,active,,79619028.0,contract,GBP,False,1,works,,2023-01-31,,,,,2023-03-14,ocds-h6vhtk-03b292,007355-2023-701561384-1,007355-2023-701561384-1,https://www.find-tender.service.gov.uk/Notice/007355-2023,Boeing Defence UK Ltd
Boeing Co,USA,name,Ministry of Defence,Defence Operational Training Capability (Air) Core Systems and Services Contract Extension,No end date,active,active,complete,25000000.0,contract,GBP,False,1,services,,2025-04-03,,,,,2025-04-04,ocds-h6vhtk-04fd29,013022-2025-FsASTC/00107-1,013022-2025-FsASTC/00107-1,https://www.find-tender.service.gov.uk/Notice/013022-2025,Boeing Defence United Kingdom Limited
Boeing Co,USA,name,Ministry of Defence,701760450 - AHCSP/0005: Long Term Training and Support Service for Apache AH-64E Air Sys,No end date,active,active,,285915332.0,contract,GBP,False,1,services,,2021-12-21,,,,,2022-01-24,ocds-h6vhtk-030ec4,002091-2022-AHCSP/0005: Long Term Training and Support Service for Apache AH-64E Air Sys-1,002091-2022-AHCSP/0005: Long Term Training and Support Service for Apache AH-64E Air Sys-1,https://www.find-tender.service.gov.uk/Notice/002091-2022,Boeing Defence UK
Cadre Holdings Inc,USA,name,Scottish Police Authority,Award Notice - Direct Award YPO Framework,No end date,active,active,complete,100000000.0,contract,GBP,True,1,goods,,2024-08-05,,,,,2025-03-21,ocds-h6vhtk-044b75,"030543-2024-Lot 6, Lot 7-44","030543-2024-Lot 6, Lot 7-44",https://www.find-tender.service.gov.uk/Notice/030543-2024,Safariland UK Ltd
Cadre Holdings Inc,USA,name,Police And Crime Commissioner For Durham,Body Armour,No end date,active,active,complete,450000.0,contract,GBP,False,1,goods,,2025-10-24,,,,,2026-01-26,ocds-h6vhtk-060ec9,006747-2026-Uniform 93-1,006747-2026-Uniform 93-1,https://www.find-tender.service.gov.uk/Notice/006747-2026,Safariland
Cadre Holdings Inc,USA,name,West Midlands Ambulance Service NHS Foundation Trust,Ballistic PPE - Body Armour,No end date,active,active,complete,4000000.0,contract,GBP,False,2,goods,,2023-02-21,,,,,2023-03-25,ocds-h6vhtk-03b61d,008751-2023-0397-21-N 1-1,008751-2023-0397-21-N 1-1,https://www.find-tender.service.gov.uk/Notice/008751-2023,Safariland UK LTD (Secondary Supplier)
Cadre Holdings Inc,USA,name,Northumbria Police,GP Body Armour,No end date,active,active,complete,2822450.0,contract,GBP,False,1,goods,,2024-01-04,,,,,2024-02-05,ocds-h6vhtk-04371f,003669-2024-1,003669-2024-1,https://www.find-tender.service.gov.uk/Notice/003669-2024,Safariland UK
Caterpillar Inc,USA,name,Ministry of Defence,The Supply of Perkins spares for the CV8 & CV12 engines and the X300 transmission system,No end date,active,active,complete,20000000.0,contract,GBP,True,1,goods,,2022-11-28,,,,,2022-11-30,ocds-h6vhtk-038990,033962-2022-IRM20/7486-1,033962-2022-IRM20/7486-1,https://www.find-tender.service.gov.uk/Notice/033962-2022,Perkins Engines Company Limited
Cellebrite DI Ltd,Israel,name,Police and Crime Commissioner for North Wales Police & North Wales Police ,Digital Intelligence Solutions – Cellebrite Software,No end date,active,active,complete,252000.0,contract,GBP,False,1,services,,2022-08-29,,,,,2022-09-12,ocds-h6vhtk-0367d3,025574-2022-1,025574-2022-1,https://www.find-tender.service.gov.uk/Notice/025574-2022,Cellebrite Ltd
Cellebrite DI Ltd,Israel,name,POLICE & CRIME COMMISSIONER FOR CLEVELAND,Forensic Data Extraction,No end date,active,active,complete,221813.89,contract,GBP,False,1,services,,2023-01-26,,,,,2023-01-26,ocds-h6vhtk-039ada,002421-2023-CPC-0001483-1,002421-2023-CPC-0001483-1,https://www.find-tender.service.gov.uk/Notice/002421-2023,Cellebrite
Cemex SAB de CV,Mexico,name,Derbyshire County Council,ETE067 - Supply of Coated Roadstone Materials,No end date,active,active,complete,2000000.0,contract,GBP,True,1,goods,,2022-01-04,,,,,2022-01-19,ocds-h6vhtk-02e90c,001574-2022-ETE067-3,001574-2022-ETE067-3,https://www.find-tender.service.gov.uk/Notice/001574-2022,Cemex UK Operations Ltd
Cemex SAB de CV,Mexico,name,Derbyshire County Council,ETE066 - Supply of Dry Roadstone Materials,No end date,active,active,complete,3000000.0,contract,GBP,True,1,goods,,2022-01-05,,,,,2022-01-11,ocds-h6vhtk-02e906,000762-2022-ETE066-1,000762-2022-ETE066-1,https://www.find-tender.service.gov.uk/Notice/000762-2022,Cemex UK Operations Ltd
Colt CZ Group SE,Czech Republic,name,Babcock Land Defence Limited,,No end date,active,active,,1000000.0,contract,GBP,False,1,goods,,2022-07-29,,,,,2022-12-21,ocds-h6vhtk-03931e,036126-2022-IRM21/7563-1,036126-2022-IRM21/7563-1,https://www.find-tender.service.gov.uk/Notice/036126-2022,Colt Canada Corporation
Elbit Systems Ltd,Israel,name,Ministry of Defence,,No end date,active,active,,22573.0,contract,GBP,False,1,goods,,2023-03-13,,,,,2023-03-24,ocds-h6vhtk-03b5b9,008607-2023-1,008607-2023-1,https://www.find-tender.service.gov.uk/Notice/008607-2023,INSTRO Precision LTD
Elbit Systems Ltd,Israel,name,Government Commercial Agency,Space Technology Solutions,No end date,active,,active,,,GBP,False,47,goods,,,,,,,2026-10-01,ocds-h6vhtk-0510f8,1,,https://www.find-tender.service.gov.uk/api/1.0/ocdsRecordPackages/ocds-h6vhtk-0510f8,ELBIT SYSTEMS UK LIMITED
Elbit Systems Ltd,Israel,name,Government Commercial Agency,Space Technology Solutions,No end date,active,,active,,,GBP,False,50,goods,,,,,,,2026-10-01,ocds-h6vhtk-0510f8,5,,https://www.find-tender.service.gov.uk/api/1.0/ocdsRecordPackages/ocds-h6vhtk-0510f8,ELBIT SYSTEMS UK LIMITED
Elbit Systems Ltd,Israel,name,Government Commercial Agency,Space Technology Solutions,No end date,active,,active,,,GBP,False,95,goods,,,,,,,2026-10-01,ocds-h6vhtk-0510f8,6,,https://www.find-tender.service.gov.uk/api/1.0/ocdsRecordPackages/ocds-h6vhtk-0510f8,ELBIT SYSTEMS UK LIMITED
Elbit Systems Ltd,Israel,name,Government Commercial Agency,Space Technology Solutions,No end date,active,,active,,,GBP,False,57,goods,,,,,,,2026-10-01,ocds-h6vhtk-0510f8,7,,https://www.find-tender.service.gov.uk/api/1.0/ocdsRecordPackages/ocds-h6vhtk-0510f8,ELBIT SYSTEMS UK LIMITED
Elbit Systems Ltd,Israel,name,Government Commercial Agency,Space Technology Solutions,No end date,active,,active,,,GBP,False,66,goods,,,,,,,2026-10-01,ocds-h6vhtk-0510f8,8,,https://www.find-tender.service.gov.uk/api/1.0/ocdsRecordPackages/ocds-h6vhtk-0510f8,ELBIT SYSTEMS UK LIMITED
Elbit Systems Ltd,Israel,name,Government Commercial Agency,Space Technology Solutions,No end date,active,,active,,,GBP,False,41,goods,,,,,,,2026-10-01,ocds-h6vhtk-0510f8,10,,https://www.find-tender.service.gov.uk/api/1.0/ocdsRecordPackages/ocds-h6vhtk-0510f8,ELBIT SYSTEMS UK LIMITED
Elbit Systems Ltd,Israel,name,Government Commercial Agency,Space Technology Solutions,No end date,active,,active,,,GBP,False,62,goods,,,,,,,2026-10-01,ocds-h6vhtk-0510f8,13,,https://www.find-tender.service.gov.uk/api/1.0/ocdsRecordPackages/ocds-h6vhtk-0510f8,ELBIT SYSTEMS UK LIMITED
Elbit Systems Ltd,Israel,name,Government Commercial Agency,Space Technology Solutions,No end date,active,,active,,,GBP,False,38,goods,,,,,,,2026-10-01,ocds-h6vhtk-0510f8,17,,https://www.find-tender.service.gov.uk/api/1.0/ocdsRecordPackages/ocds-h6vhtk-0510f8,ELBIT SYSTEMS UK LIMITED
Elbit Systems Ltd,Israel,name,Government Commercial Agency,Space Technology Solutions,No end date,active,,active,,,GBP,False,49,goods,,,,,,,2026-10-01,ocds-h6vhtk-0510f8,18,,https://www.find-tender.service.gov.uk/api/1.0/ocdsRecordPackages/ocds-h6vhtk-0510f8,ELBIT SYSTEMS UK LIMITED
Elbit Systems Ltd,Israel,name,Government Commercial Agency,Space Technology Solutions,No end date,active,,active,,,GBP,False,48,goods,,,,,,,2026-10-01,ocds-h6vhtk-0510f8,19,,https://www.find-tender.service.gov.uk/api/1.0/ocdsRecordPackages/ocds-h6vhtk-0510f8,ELBIT SYSTEMS UK LIMITED
Elbit Systems Ltd,Israel,name,Government Commercial Agency,Space Technology Solutions,No end date,active,,active,,,GBP,False,45,goods,,,,,,,2026-10-01,ocds-h6vhtk-0510f8,20,,https://www.find-tender.service.gov.uk/api/1.0/ocdsRecordPackages/ocds-h6vhtk-0510f8,ELBIT SYSTEMS UK LIMITED
Elbit Systems Ltd,Israel,name,Government Commercial Agency,Space Technology Solutions,No end date,active,,active,,,GBP,False,58,goods,,,,,,,2026-10-01,ocds-h6vhtk-0510f8,21,,https://www.find-tender.service.gov.uk/api/1.0/ocdsRecordPackages/ocds-h6vhtk-0510f8,ELBIT SYSTEMS UK LIMITED
Elbit Systems Ltd,Israel,name,Government Commercial Agency,Space Technology Solutions,No end date,active,,active,,,GBP,False,43,goods,,,,,,,2026-10-01,ocds-h6vhtk-0510f8,22,,https://www.find-tender.service.gov.uk/api/1.0/ocdsRecordPackages/ocds-h6vhtk-0510f8,ELBIT SYSTEMS UK LIMITED
Elbit Systems Ltd,Israel,name,Government Commercial Agency,Space Technology Solutions,No end date,active,,active,,,GBP,False,31,goods,,,,,,,2026-10-01,ocds-h6vhtk-0510f8,23,,https://www.find-tender.service.gov.uk/api/1.0/ocdsRecordPackages/ocds-h6vhtk-0510f8,ELBIT SYSTEMS UK LIMITED
Elbit Systems Ltd,Israel,name,Government Commercial Agency,Space Technology Solutions,No end date,active,,active,,,GBP,False,27,goods,,,,,,,2026-10-01,ocds-h6vhtk-0510f8,24,,https://www.find-tender.service.gov.uk/api/1.0/ocdsRecordPackages/ocds-h6vhtk-0510f8,ELBIT SYSTEMS UK LIMITED
Elbit Systems Ltd,Israel,name,Government Commercial Agency,Space Technology Solutions,No end date,active,,active,,,GBP,False,40,goods,,,,,,,2026-10-01,ocds-h6vhtk-0510f8,26,,https://www.find-tender.service.gov.uk/api/1.0/ocdsRecordPackages/ocds-h6vhtk-0510f8,ELBIT SYSTEMS UK LIMITED
Elbit Systems Ltd,Israel,name,Government Commercial Agency,Space Technology Solutions,No end date,active,,active,,,GBP,False,34,goods,,,,,,,2026-10-01,ocds-h6vhtk-0510f8,27,,https://www.find-tender.service.gov.uk/api/1.0/ocdsRecordPackages/ocds-h6vhtk-0510f8,ELBIT SYSTEMS UK LIMITED
Elbit Systems Ltd,Israel,name,Government Commercial Agency,Space Technology Solutions,No end date,active,,active,,,GBP,False,38,goods,,,,,,,2026-10-01,ocds-h6vhtk-0510f8,28,,https://www.find-tender.service.gov.uk/api/1.0/ocdsRecordPackages/ocds-h6vhtk-0510f8,ELBIT SYSTEMS UK LIMITED
Elbit Systems Ltd,Israel,name,Government Commercial Agency,Space Technology Solutions,No end date,active,,active,,,GBP,False,26,goods,,,,,,,2026-10-01,ocds-h6vhtk-0510f8,31,,https://www.find-tender.service.gov.uk/api/1.0/ocdsRecordPackages/ocds-h6vhtk-0510f8,ELBIT SYSTEMS UK LIMITED
Elbit Systems Ltd,Israel,name,Government Commercial Agency,Space Technology Solutions,No end date,active,,active,,,GBP,False,31,goods,,,,,,,2026-10-01,ocds-h6vhtk-0510f8,34,,https://www.find-tender.service.gov.uk/api/1.0/ocdsRecordPackages/ocds-h6vhtk-0510f8,ELBIT SYSTEMS UK LIMITED
Elbit Systems Ltd,Israel,name,Government Commercial Agency,Space Technology Solutions,No end date,active,,active,,,GBP,False,28,goods,,,,,,,2026-10-01,ocds-h6vhtk-0510f8,35,,https://www.find-tender.service.gov.uk/api/1.0/ocdsRecordPackages/ocds-h6vhtk-0510f8,ELBIT SYSTEMS UK LIMITED
Elbit Systems Ltd,Israel,name,Government Commercial Agency,Space Technology Solutions,No end date,active,,active,,,GBP,False,24,goods,,,,,,,2026-10-01,ocds-h6vhtk-0510f8,36,,https://www.find-tender.service.gov.uk/api/1.0/ocdsRecordPackages/ocds-h6vhtk-0510f8,ELBIT SYSTEMS UK LIMITED
Elbit Systems Ltd,Israel,name,Government Commercial Agency,Space Technology Solutions,No end date,active,,active,,,GBP,False,33,goods,,,,,,,2026-10-01,ocds-h6vhtk-0510f8,37,,https://www.find-tender.service.gov.uk/api/1.0/ocdsRecordPackages/ocds-h6vhtk-0510f8,ELBIT SYSTEMS UK LIMITED
Elbit Systems Ltd,Israel,name,Government Commercial Agency,Space Technology Solutions,No end date,active,,active,,,GBP,False,23,goods,,,,,,,2026-10-01,ocds-h6vhtk-0510f8,38,,https://www.find-tender.service.gov.uk/api/1.0/ocdsRecordPackages/ocds-h6vhtk-0510f8,ELBIT SYSTEMS UK LIMITED
Elbit Systems Ltd,Israel,name,Government Commercial Agency,Space Technology Solutions,No end date,active,,active,,,GBP,False,40,goods,,,,,,,2026-10-01,ocds-h6vhtk-0510f8,43,,https://www.find-tender.service.gov.uk/api/1.0/ocdsRecordPackages/ocds-h6vhtk-0510f8,ELBIT SYSTEMS UK LIMITED
Elbit Systems Ltd,Israel,name,Government Commercial Agency,Space Technology Solutions,No end date,active,,active,,,GBP,False,86,goods,,,,,,,2026-10-01,ocds-h6vhtk-0510f8,48,,https://www.find-tender.service.gov.uk/api/1.0/ocdsRecordPackages/ocds-h6vhtk-0510f8,ELBIT SYSTEMS UK LIMITED
Elbit Systems Ltd,Israel,name,Government Commercial Agency,Space Technology Solutions,No end date,active,,active,,,GBP,False,27,goods,,,,,,,2026-10-01,ocds-h6vhtk-0510f8,49,,https://www.find-tender.service.gov.uk/api/1.0/ocdsRecordPackages/ocds-h6vhtk-0510f8,ELBIT SYSTEMS UK LIMITED
Elbit Systems Ltd,Israel,name,Government Commercial Agency,Space Technology Solutions,No end date,active,,active,,,GBP,False,81,goods,,,,,,,2026-10-01,ocds-h6vhtk-0510f8,51,,https://www.find-tender.service.gov.uk/api/1.0/ocdsRecordPackages/ocds-h6vhtk-0510f8,ELBIT SYSTEMS UK LIMITED
Elbit Systems Ltd,Israel,name,Government Commercial Agency,Space Technology Solutions,No end date,active,,active,,,GBP,False,36,goods,,,,,,,2026-10-01,ocds-h6vhtk-0510f8,52,,https://www.find-tender.service.gov.uk/api/1.0/ocdsRecordPackages/ocds-h6vhtk-0510f8,ELBIT SYSTEMS UK LIMITED
Elbit Systems Ltd,Israel,name,Government Commercial Agency,Space Technology Solutions,No end date,active,,active,,,GBP,False,30,goods,,,,,,,2026-10-01,ocds-h6vhtk-0510f8,55,,https://www.find-tender.service.gov.uk/api/1.0/ocdsRecordPackages/ocds-h6vhtk-0510f8,ELBIT SYSTEMS UK LIMITED
Elbit Systems Ltd,Israel,name,Government Commercial Agency,Space Technology Solutions,No end date,active,,active,,,GBP,False,83,goods,,,,,,,2026-10-01,ocds-h6vhtk-0510f8,56,,https://www.find-tender.service.gov.uk/api/1.0/ocdsRecordPackages/ocds-h6vhtk-0510f8,ELBIT SYSTEMS UK LIMITED
Elbit Systems Ltd,Israel,name,Government Commercial Agency,Space Technology Solutions,No end date,active,,active,,,GBP,False,71,goods,,,,,,,2026-10-01,ocds-h6vhtk-0510f8,57,,https://www.find-tender.service.gov.uk/api/1.0/ocdsRecordPackages/ocds-h6vhtk-0510f8,ELBIT SYSTEMS UK LIMITED
Elbit Systems Ltd,Israel,name,Government Commercial Agency,Space Technology Solutions,No end date,active,,active,,,GBP,False,76,goods,,,,,,,2026-10-01,ocds-h6vhtk-0510f8,60,,https://www.find-tender.service.gov.uk/api/1.0/ocdsRecordPackages/ocds-h6vhtk-0510f8,ELBIT SYSTEMS UK LIMITED
Elbit Systems Ltd,Israel,name,Government Commercial Agency,Space Technology Solutions,No end date,active,,active,,,GBP,False,77,goods,,,,,,,2026-10-01,ocds-h6vhtk-0510f8,62,,https://www.find-tender.service.gov.uk/api/1.0/ocdsRecordPackages/ocds-h6vhtk-0510f8,ELBIT SYSTEMS UK LIMITED
Elbit Systems Ltd,Israel,name,Government Commercial Agency,Space Technology Solutions,No end date,active,,active,,,GBP,False,46,goods,,,,,,,2026-10-01,ocds-h6vhtk-0510f8,65,,https://www.find-tender.service.gov.uk/api/1.0/ocdsRecordPackages/ocds-h6vhtk-0510f8,ELBIT SYSTEMS UK LIMITED
Elbit Systems Ltd,Israel,name,Government Commercial Agency,Space Technology Solutions,No end date,active,,active,,,GBP,False,73,goods,,,,,,,2026-10-01,ocds-h6vhtk-0510f8,66,,https://www.find-tender.service.gov.uk/api/1.0/ocdsRecordPackages/ocds-h6vhtk-0510f8,ELBIT SYSTEMS UK LIMITED
Elbit Systems Ltd,Israel,name,Government Commercial Agency,Space Technology Solutions,No end date,active,,active,,,GBP,False,36,goods,,,,,,,2026-10-01,ocds-h6vhtk-0510f8,70,,https://www.find-tender.service.gov.uk/api/1.0/ocdsRecordPackages/ocds-h6vhtk-0510f8,ELBIT SYSTEMS UK LIMITED
Elbit Systems Ltd,Israel,name,Government Commercial Agency,Space Technology Solutions,No end date,active,,active,,,GBP,False,46,goods,,,,,,,2026-10-01,ocds-h6vhtk-0510f8,71,,https://www.find-tender.service.gov.uk/api/1.0/ocdsRecordPackages/ocds-h6vhtk-0510f8,ELBIT SYSTEMS UK LIMITED
Elbit Systems Ltd,Israel,name,Government Commercial Agency,Space Technology Solutions,No end date,active,,active,,,GBP,False,34,goods,,,,,,,2026-10-01,ocds-h6vhtk-0510f8,72,,https://www.find-tender.service.gov.uk/api/1.0/ocdsRecordPackages/ocds-h6vhtk-0510f8,ELBIT SYSTEMS UK LIMITED
Elbit Systems Ltd,Israel,name,Government Commercial Agency,Space Technology Solutions,No end date,active,,active,,,GBP,False,39,goods,,,,,,,2026-10-01,ocds-h6vhtk-0510f8,73,,https://www.find-tender.service.gov.uk/api/1.0/ocdsRecordPackages/ocds-h6vhtk-0510f8,ELBIT SYSTEMS UK LIMITED
Elbit Systems Ltd,Israel,name,Government Commercial Agency,Space Technology Solutions,No end date,active,,active,,,GBP,False,50,goods,,,,,,,2026-10-01,ocds-h6vhtk-0510f8,74,,https://www.find-tender.service.gov.uk/api/1.0/ocdsRecordPackages/ocds-h6vhtk-0510f8,ELBIT SYSTEMS UK LIMITED
Elbit Systems Ltd,Israel,name,Government Commercial Agency,Space Technology Solutions,No end date,active,,active,,,GBP,False,40,goods,,,,,,,2026-10-01,ocds-h6vhtk-0510f8,75,,https://www.find-tender.service.gov.uk/api/1.0/ocdsRecordPackages/ocds-h6vhtk-0510f8,ELBIT SYSTEMS UK LIMITED
Elbit Systems Ltd,Israel,name,Government Commercial Agency,Space Technology Solutions,No end date,active,,active,,,GBP,False,57,goods,,,,,,,2026-10-01,ocds-h6vhtk-0510f8,76,,https://www.find-tender.service.gov.uk/api/1.0/ocdsRecordPackages/ocds-h6vhtk-0510f8,ELBIT SYSTEMS UK LIMITED
Elbit Systems Ltd,Israel,name,Government Commercial Agency,Space Technology Solutions,No end date,active,,active,,,GBP,False,42,goods,,,,,,,2026-10-01,ocds-h6vhtk-0510f8,83,,https://www.find-tender.service.gov.uk/api/1.0/ocdsRecordPackages/ocds-h6vhtk-0510f8,ELBIT SYSTEMS UK LIMITED
Elbit Systems Ltd,Israel,name,Government Commercial Agency,Space Technology Solutions,No end date,active,,active,,,GBP,False,51,goods,,,,,,,2026-10-01,ocds-h6vhtk-0510f8,88,,https://www.find-tender.service.gov.uk/api/1.0/ocdsRecordPackages/ocds-h6vhtk-0510f8,ELBIT SYSTEMS UK LIMITED
Elbit Systems Ltd,Israel,name,Government Commercial Agency,Space Technology Solutions,No end date,active,,active,,,GBP,False,48,goods,,,,,,,2026-10-01,ocds-h6vhtk-0510f8,89,,https://www.find-tender.service.gov.uk/api/1.0/ocdsRecordPackages/ocds-h6vhtk-0510f8,ELBIT SYSTEMS UK LIMITED
Elbit Systems Ltd,Israel,name,Government Commercial Agency,Space Technology Solutions,No end date,active,,active,,,GBP,False,43,goods,,,,,,,2026-10-01,ocds-h6vhtk-0510f8,90,,https://www.find-tender.service.gov.uk/api/1.0/ocdsRecordPackages/ocds-h6vhtk-0510f8,ELBIT SYSTEMS UK LIMITED
Elbit Systems Ltd,Israel,name,Government Commercial Agency,Space Technology Solutions,No end date,active,,active,,,GBP,False,49,goods,,,,,,,2026-10-01,ocds-h6vhtk-0510f8,91,,https://www.find-tender.service.gov.uk/api/1.0/ocdsRecordPackages/ocds-h6vhtk-0510f8,ELBIT SYSTEMS UK LIMITED
Elbit Systems Ltd,Israel,name,Government Commercial Agency,Space Technology Solutions,No end date,active,,active,,,GBP,False,53,goods,,,,,,,2026-10-01,ocds-h6vhtk-0510f8,92,,https://www.find-tender.service.gov.uk/api/1.0/ocdsRecordPackages/ocds-h6vhtk-0510f8,ELBIT SYSTEMS UK LIMITED
Elbit Systems Ltd,Israel,name,Government Commercial Agency,Space Technology Solutions,No end date,active,,active,,,GBP,False,37,goods,,,,,,,2026-10-01,ocds-h6vhtk-0510f8,93,,https://www.find-tender.service.gov.uk/api/1.0/ocdsRecordPackages/ocds-h6vhtk-0510f8,ELBIT SYSTEMS UK LIMITED
Elbit Systems Ltd,Israel,name,Government Commercial Agency,Space Technology Solutions,No end date,active,,active,,,GBP,False,45,goods,,,,,,,2026-10-01,ocds-h6vhtk-0510f8,101,,https://www.find-tender.service.gov.uk/api/1.0/ocdsRecordPackages/ocds-h6vhtk-0510f8,ELBIT SYSTEMS UK LIMITED
Elbit Systems Ltd,Israel,name,Government Commercial Agency,Space Technology Solutions,No end date,active,,active,,,GBP,False,71,goods,,,,,,,2026-10-01,ocds-h6vhtk-0510f8,102,,https://www.find-tender.service.gov.uk/api/1.0/ocdsRecordPackages/ocds-h6vhtk-0510f8,ELBIT SYSTEMS UK LIMITED
Elbit Systems Ltd,Israel,name,Government Commercial Agency,Space Technology Solutions,No end date,active,,active,,,GBP,False,88,goods,,,,,,,2026-10-01,ocds-h6vhtk-0510f8,103,,https://www.find-tender.service.gov.uk/api/1.0/ocdsRecordPackages/ocds-h6vhtk-0510f8,ELBIT SYSTEMS UK LIMITED
Elbit Systems Ltd,Israel,name,Government Commercial Agency,Space Technology Solutions,No end date,active,,active,,,GBP,False,87,goods,,,,,,,2026-10-01,ocds-h6vhtk-0510f8,106,,https://www.find-tender.service.gov.uk/api/1.0/ocdsRecordPackages/ocds-h6vhtk-0510f8,ELBIT SYSTEMS UK LIMITED
Elbit Systems Ltd,Israel,name,Government Commercial Agency,Space Technology Solutions,No end date,active,,active,,,GBP,False,65,goods,,,,,,,2026-10-01,ocds-h6vhtk-0510f8,111,,https://www.find-tender.service.gov.uk/api/1.0/ocdsRecordPackages/ocds-h6vhtk-0510f8,ELBIT SYSTEMS UK LIMITED
Elbit Systems Ltd,Israel,name,Government Commercial Agency,Space Technology Solutions,No end date,active,,active,,,GBP,False,36,goods,,,,,,,2026-10-01,ocds-h6vhtk-0510f8,112,,https://www.find-tender.service.gov.uk/api/1.0/ocdsRecordPackages/ocds-h6vhtk-0510f8,ELBIT SYSTEMS UK LIMITED
Elbit Systems Ltd,Israel,name,Government Commercial Agency,Space Technology Solutions,No end date,active,,active,,,GBP,False,83,goods,,,,,,,2026-10-01,ocds-h6vhtk-0510f8,114,,https://www.find-tender.service.gov.uk/api/1.0/ocdsRecordPackages/ocds-h6vhtk-0510f8,ELBIT SYSTEMS UK LIMITED
Elbit Systems Ltd,Israel,name,Government Commercial Agency,Space Technology Solutions,No end date,active,,active,,,GBP,False,86,goods,,,,,,,2026-10-01,ocds-h6vhtk-0510f8,115,,https://www.find-tender.service.gov.uk/api/1.0/ocdsRecordPackages/ocds-h6vhtk-0510f8,ELBIT SYSTEMS UK LIMITED
Elbit Systems Ltd,Israel,name,Government Commercial Agency,Space Technology Solutions,No end date,active,,active,,,GBP,False,45,goods,,,,,,,2026-10-01,ocds-h6vhtk-0510f8,116,,https://www.find-tender.service.gov.uk/api/1.0/ocdsRecordPackages/ocds-h6vhtk-0510f8,ELBIT SYSTEMS UK LIMITED
Elbit Systems Ltd,Israel,name,Government Commercial Agency,Space Technology Solutions,No end date,active,,active,,,GBP,False,31,goods,,,,,,,2026-10-01,ocds-h6vhtk-0510f8,117,,https://www.find-tender.service.gov.uk/api/1.0/ocdsRecordPackages/ocds-h6vhtk-0510f8,ELBIT SYSTEMS UK LIMITED
Elbit Systems Ltd,Israel,name,Government Commercial Agency,Space Technology Solutions,No end date,active,,active,,,GBP,False,32,goods,,,,,,,2026-10-01,ocds-h6vhtk-0510f8,118,,https://www.find-tender.service.gov.uk/api/1.0/ocdsRecordPackages/ocds-h6vhtk-0510f8,ELBIT SYSTEMS UK LIMITED
Elbit Systems Ltd,Israel,name,Government Commercial Agency,Space Technology Solutions,No end date,active,,active,,,GBP,False,37,goods,,,,,,,2026-10-01,ocds-h6vhtk-0510f8,119,,https://www.find-tender.service.gov.uk/api/1.0/ocdsRecordPackages/ocds-h6vhtk-0510f8,ELBIT SYSTEMS UK LIMITED
Elbit Systems Ltd,Israel,name,Government Commercial Agency,Space Technology Solutions,No end date,active,,active,,,GBP,False,27,goods,,,,,,,2026-10-01,ocds-h6vhtk-0510f8,120,,https://www.find-tender.service.gov.uk/api/1.0/ocdsRecordPackages/ocds-h6vhtk-0510f8,ELBIT SYSTEMS UK LIMITED
Elbit Systems Ltd,Israel,name,Government Commercial Agency,Space Technology Solutions,No end date,active,,active,,,GBP,False,37,goods,,,,,,,2026-10-01,ocds-h6vhtk-0510f8,121,,https://www.find-tender.service.gov.uk/api/1.0/ocdsRecordPackages/ocds-h6vhtk-0510f8,ELBIT SYSTEMS UK LIMITED
Elbit Systems Ltd,Israel,name,Government Commercial Agency,Space Technology Solutions,No end date,active,,active,,,GBP,False,41,goods,,,,,,,2026-10-01,ocds-h6vhtk-0510f8,125,,https://www.find-tender.service.gov.uk/api/1.0/ocdsRecordPackages/ocds-h6vhtk-0510f8,ELBIT SYSTEMS UK LIMITED
Elbit Systems Ltd,Israel,name,Ministry of Defence,,No end date,active,active,,0.0,contract,GBP,False,1,services,,2022-12-20,,,,,2023-02-22,ocds-h6vhtk-03a78b,005325-2023-1,005325-2023-1,https://www.find-tender.service.gov.uk/Notice/005325-2023,Elbit Defence Systems UK Ltd
GE Aerospace,USA,name,Ministry of Defence,Support to Generic Helicopter Health and Usage Monitoring System,No end date,active,active,complete,,,GBP,False,1,goods,,2023-05-15,,,,,2023-05-15,ocds-h6vhtk-03c8cb,013784-2023-707071451-1,013784-2023-707071451-1,https://www.find-tender.service.gov.uk/Notice/013784-2023,General Electric (GE) Aviation System Limited
GE Aerospace,USA,name,Ministry of Defence,Support to Generic Helicopter Health and Usage Monitoring System,No end date,active,active,complete,,,GBP,False,1,goods,,2023-05-15,,,,,2025-01-30,ocds-h6vhtk-04d764,003123-2025-707071451-1,003123-2025-707071451-1,https://www.find-tender.service.gov.uk/Notice/003123-2025,General Electric (GE) Aviation System Limited
General Dynamics Corp,USA,name,Ministry of Defence,Foxhound Command Variant,No end date,active,active,complete,19760000.0,contract,GBP,False,1,services,,2023-11-23,,,,,2023-11-23,ocds-h6vhtk-041c4a,034677-2023-709502450-1,034677-2023-709502450-1,https://www.find-tender.service.gov.uk/Notice/034677-2023,General Dynamics Land Systems UK
General Dynamics Corp,USA,name,Ministry of Defence,JSENS/00196 H21 Cabling,No end date,active,active,,12400.0,contract,GBP,False,1,goods,,2024-05-15,,,,,2024-07-01,ocds-h6vhtk-0478a1,019901-2024-JSENS/00196-1,019901-2024-JSENS/00196-1,https://www.find-tender.service.gov.uk/Notice/019901-2024,General Dynamics United Kingdom Limited
General Dynamics Corp,USA,name,Ministry of Defence,FOXHOUND TECHNICAL DEMONSTRATOR,No end date,active,active,complete,19800000.0,contract,GBP,False,1,goods,,2024-07-12,,,,,2024-07-12,ocds-h6vhtk-047cde,021358-2024-712266451-1,021358-2024-712266451-1,https://www.find-tender.service.gov.uk/Notice/021358-2024,GENERAL DYNAMICS LAND SYSTEMS UK
General Dynamics Corp,USA,name,Ministry of Defence,M3 & BSIA In-Service Support,No end date,active,active,complete,38000000.0,contract,GBP,False,1,services,,2023-02-15,,,,,2023-02-16,ocds-h6vhtk-03a60d,004719-2023-705947451-1,004719-2023-705947451-1,https://www.find-tender.service.gov.uk/Notice/004719-2023,General Dynamics European Land Systems
General Dynamics Corp,USA,name,Ministry of Defence,BSIA In-Service Support,No end date,active,active,complete,500000.0,contract,GBP,False,1,services,,2023-02-17,,,,,2023-02-22,ocds-h6vhtk-03a782,005311-2023-OIP/0047-1,005311-2023-OIP/0047-1,https://www.find-tender.service.gov.uk/Notice/005311-2023,General Dynamics European Land Systems - Bridging Systems
General Dynamics Corp,USA,name,Ministry of Defence,,No end date,active,active,,3224465.0,contract,GBP,False,1,goods,,2024-04-26,,,,,2024-04-29,ocds-h6vhtk-0455a9,013695-2024-705970450-1,013695-2024-705970450-1,https://www.find-tender.service.gov.uk/Notice/013695-2024,General Dynamics
General Dynamics Corp,USA,name,Ministry of Defence,DGM/2022 - Supply of Compatible Blank Ammunition,No end date,active,active,complete,1750000.0,contract,GBP,False,1,goods,,2023-03-31,,,,,2024-10-21,ocds-h6vhtk-03b7ad,009444-2023-DGM/2022-1,009444-2023-DGM/2022-1,https://www.find-tender.service.gov.uk/Notice/009444-2023,General Dynamics Ordnance and Tactical Systems Canada Inc
Heidelberg Materials AG,Germany,name,Dorset Council,Lot 1 - Ready Mix Concrete Lot 2 - Dry Stone Aggregates Lot 3 - Coated Materials Lot 4 - Surface Dressing Aggregates,No end date,active,active,complete,10000000.0,tender,GBP,True,1,goods,,2022-12-16,,,,,2022-12-19,ocds-h6vhtk-036977,035791-2022-DN632834-3,035791-2022-DN632834-3,https://www.find-tender.service.gov.uk/Notice/035791-2022,Hanson UK
Heidelberg Materials AG,Germany,name,AFFINITY WATER LIMITED,"UVDB Powered by Achilles QUDM for Goods, Works and Services",No end date,active,,active,,,GBP,False,550,services,,,,,,,2026-08-19,ocds-h6vhtk-04e7a8,1,,https://www.find-tender.service.gov.uk/api/1.0/ocdsRecordPackages/ocds-h6vhtk-04e7a8,HANSON QUARRY PRODUCTS EUROPE LIMITED
Heidelberg Materials AG,Germany,name,Gateshead Council,TCF - Metro Green - Carriageway Surfacing and Raised Plateau Installation,No end date,active,active,complete,45789.29,contract,GBP,False,1,works,,2024-10-16,,,,,2024-11-27,ocds-h6vhtk-04c081,038329-2024-1,038329-2024-1,https://www.find-tender.service.gov.uk/Notice/038329-2024,Hanson Quarry Products
Heidelberg Materials AG,Germany,name,The Council of the Borough of Kirklees,KMCHS-429 Framework for Surfacing and Planing Works - Yorkshire Alliance Contract,No end date,active,active,complete,24000000.0,contract,GBP,True,11,works,,2025-03-29,,,,,2025-05-22,ocds-h6vhtk-04d6c5,024993-2025-1,024993-2025-1,https://www.find-tender.service.gov.uk/Notice/024993-2025,Hanson Quarry Products Europe Ltd
Heidelberg Materials AG,Germany,name,The Council of the Borough of Kirklees,KMCHS-429 Framework for Surfacing and Planing Works - Yorkshire Alliance Contract,No end date,active,active,complete,8000000.0,contract,GBP,True,11,works,,2025-03-29,,,,,2025-05-22,ocds-h6vhtk-04d6c5,024993-2025-2,024993-2025-2,https://www.find-tender.service.gov.uk/Notice/024993-2025,Hanson Quarry Products Europe Ltd
Heidelberg Materials AG,Germany,name,The Council of the Borough of Kirklees,KMCHS-429 Framework for Surfacing and Planing Works - Yorkshire Alliance Contract,No end date,active,active,complete,10000000.0,contract,GBP,True,11,works,,2025-03-29,,,,,2025-05-22,ocds-h6vhtk-04d6c5,024993-2025-3,024993-2025-3,https://www.find-tender.service.gov.uk/Notice/024993-2025,Hanson Quarry Products Europe Ltd
Heidelberg Materials AG,Germany,name,The Council of the Borough of Kirklees,KMCHS-429 Framework for Surfacing and Planing Works - Yorkshire Alliance Contract,No end date,active,active,complete,16000000.0,contract,GBP,True,11,works,,2025-03-29,,,,,2025-05-22,ocds-h6vhtk-04d6c5,024993-2025-4,024993-2025-4,https://www.find-tender.service.gov.uk/Notice/024993-2025,Hanson Quarry Products Europe Ltd
Heidelberg Materials AG,Germany,name,The Council of the Borough of Kirklees,KMCHS-429 Framework for Surfacing and Planing Works - Yorkshire Alliance Contract,No end date,active,active,complete,20000000.0,contract,GBP,True,11,works,,2025-03-29,,,,,2025-05-22,ocds-h6vhtk-04d6c5,024993-2025-5,024993-2025-5,https://www.find-tender.service.gov.uk/Notice/024993-2025,Hanson Quarry Products Europe Ltd
Heidelberg Materials AG,Germany,name,The Council of the Borough of Kirklees,KMCHS-429 Framework for Surfacing and Planing Works - Yorkshire Alliance Contract,No end date,active,active,complete,4000000.0,contract,GBP,True,10,works,,2025-03-29,,,,,2025-05-22,ocds-h6vhtk-04d6c5,024993-2025-6,024993-2025-6,https://www.find-tender.service.gov.uk/Notice/024993-2025,Hanson Quarry Products Europe Ltd
Honeywell Aerospace Inc,USA,check,North Cumbria Integrated Care NHS Trust,Honeywell building control system,No end date,active,active,complete,352000.0,contract,GBP,False,1,goods,,2022-03-09,,,,,2022-03-21,ocds-h6vhtk-031f9a,006401-2022-1,006401-2022-1,https://www.find-tender.service.gov.uk/Notice/006401-2022,Honeywell Control Systems Ltd
Honeywell Aerospace Inc,USA,check,North Cumbria Integrated Care NHS Trust,Honeywell building control system,No end date,active,active,complete,352000.0,contract,GBP,False,1,goods,,2022-03-21,,,,,2022-03-21,ocds-h6vhtk-031f9a,007519-2022-1,007519-2022-1,https://www.find-tender.service.gov.uk/Notice/007519-2022,Honeywell Control Systems Ltd
Honeywell Aerospace Inc,USA,check,Ministry of Defence,Subject Matter Expert (SME) Support for Initial Certification,No end date,active,active,complete,213876.15,contract,USD,False,1,services,,2022-05-31,,,,,2023-01-26,ocds-h6vhtk-039af4,002458-2023-RPAS/0009-1,002458-2023-RPAS/0009-1,https://www.find-tender.service.gov.uk/Notice/002458-2023,Honeywell International Inc.
Honeywell Aerospace Inc,USA,check,NHS Wales Shared Services Partnership-Procurement Services (hosted by Velindre University NHS Trust),Improved Building Management System for Hospital,No end date,active,active,complete,786600.0,contract,GBP,False,1,works,,2023-06-20,,,,,2023-09-08,ocds-h6vhtk-03d85a,017707-2023-1,017707-2023-1,https://www.find-tender.service.gov.uk/Notice/017707-2023,Honeywell Building Solutions
Honeywell Aerospace Inc,USA,check,NHS Wales Shared Services Partnership-Procurement Services (hosted by Velindre University NHS Trust),Improved Building Management System for Hospital,No end date,active,active,complete,786600.0,contract,GBP,False,1,works,,2023-07-19,,,,,2023-09-08,ocds-h6vhtk-03d85a,026570-2023-1,026570-2023-1,https://www.find-tender.service.gov.uk/Notice/026570-2023,Honeywell Building Solutions
Honeywell Aerospace Inc,USA,check,University of Dundee,Honeywell Control System,No end date,active,active,complete,740000.0,contract,GBP,False,1,services,,2023-07-03,,,,,2023-09-01,ocds-h6vhtk-03f8e8,025781-2023-UoD-EFM054-TC-2023-NCA-1,025781-2023-UoD-EFM054-TC-2023-NCA-1,https://www.find-tender.service.gov.uk/Notice/025781-2023,Honeywell Control Systems Ltd
Honeywell Aerospace Inc,USA,check,NHS Wales Shared Services Partnership-Procurement Services (hosted by Velindre University NHS Trust),BMS Upgrades - Betsi Cadwaladr UHB (West),No end date,active,active,complete,160909.0,contract,GBP,False,1,services,,2023-08-03,,,,,2025-01-22,ocds-h6vhtk-03ecdd,022641-2023-1,022641-2023-1,https://www.find-tender.service.gov.uk/Notice/022641-2023,Honeywell Building Solutions
Honeywell Aerospace Inc,USA,check,NHS Wales Shared Services Partnership-Procurement Services (hosted by Velindre University NHS Trust),BMS Upgrades - Betsi Cadwaladr UHB (West),No end date,active,active,complete,160909.0,contract,GBP,False,1,services,,2023-08-03,,,,,2025-01-22,ocds-h6vhtk-03ecdd,002233-2025-1,002233-2025-1,https://www.find-tender.service.gov.uk/Notice/002233-2025,Honeywell Building Solutions
Honeywell Aerospace Inc,USA,check,NHS Shared Business Services Limited,Hard Facilities Management 2,No end date,active,active,complete,800000000.0,contract,GBP,True,1,services,,2022-04-12,,,,,2022-06-23,ocds-h6vhtk-03485a,016821-2022-67,016821-2022-67,https://www.find-tender.service.gov.uk/Notice/016821-2022,Honeywell Building Solutions
Honeywell Aerospace Inc,USA,check,London Borough of Hillingdon,"Mechanical, Electrical & HVAC Contract for Civic Centre & Corporate Properties",No end date,active,active,complete,433855.0,contract,GBP,False,1,services,,2022-12-01,,,,,2023-07-17,ocds-h6vhtk-03e267,020434-2023-1,020434-2023-1,https://www.find-tender.service.gov.uk/Notice/020434-2023,HONEYWELL CONTROL SYSTEMS LIMITED
International Business Machines Corp,USA,name,THAMES WATER UTILITIES LIMITED,Lot 1 - Strategy and operational model; Lot 2 - Performance improvement; Lot 3 - Project management,No end date,active,active,complete,136000000.0,tender,GBP,True,1,services,,2023-05-31,,,,,2024-02-08,ocds-h6vhtk-0300cf,004262-2024-22,004262-2024-22,https://www.find-tender.service.gov.uk/Notice/004262-2024,IBM United Kingdom Limited
International Business Machines Corp,USA,name,GENOMICS ENGLAND LIMITED,Platform Engineering Services - Partner,No end date,active,active,complete,2500000.0,contract,GBP,False,1,services,,2021-11-07,,,,,2022-01-06,ocds-h6vhtk-0307d5,000320-2022-1,000320-2022-1,https://www.find-tender.service.gov.uk/Notice/000320-2022,IBM UK Limited
International Business Machines Corp,USA,name,Department for Work and Pensions,"IBM Services Special Option (SSSO) Offerings comprised of Products and Programs, IBM Subscription and Support (ecm_10789).",No end date,active,active,complete,9950000.0,contract,GBP,False,1,goods,,2022-12-22,,,,,2023-01-23,ocds-h6vhtk-0399f3,002077-2023-ecm_10789-1,002077-2023-ecm_10789-1,https://www.find-tender.service.gov.uk/Notice/002077-2023,IBM UK Ltd
International Business Machines Corp,USA,name,Ministry of Defence,HMT Lot 4.2 - Data as a Service,No end date,active,active,,16068277.58,contract,GBP,False,1,services,,2022-09-16,,,,,2023-02-28,ocds-h6vhtk-03acae,005784-2023-1,005784-2023-1,https://www.find-tender.service.gov.uk/Notice/005784-2023,IBM UK Ltd
International Business Machines Corp,USA,name,Defra Network eTendering Portal,IBM Passport Renewal 2023,No end date,active,active,complete,7130000.0,contract,GBP,False,1,services,,2023-06-14,,,,,2024-02-14,ocds-h6vhtk-0439ef,004874-2024-1,004874-2024-1,https://www.find-tender.service.gov.uk/Notice/004874-2024,IBM United Kingdom Limited
International Business Machines Corp,USA,name,Government Commercial Agency,Space Technology Solutions,No end date,active,,active,,,GBP,False,95,goods,,,,,,,2026-10-01,ocds-h6vhtk-0510f8,6,,https://www.find-tender.service.gov.uk/api/1.0/ocdsRecordPackages/ocds-h6vhtk-0510f8,IBM UNITED KINGDOM LIMITED
International Business Machines Corp,USA,name,Government Commercial Agency,Space Technology Solutions,No end date,active,,active,,,GBP,False,40,goods,,,,,,,2026-10-01,ocds-h6vhtk-0510f8,12,,https://www.find-tender.service.gov.uk/api/1.0/ocdsRecordPackages/ocds-h6vhtk-0510f8,IBM UNITED KINGDOM LIMITED
International Business Machines Corp,USA,name,Government Commercial Agency,Space Technology Solutions,No end date,active,,active,,,GBP,False,48,goods,,,,,,,2026-10-01,ocds-h6vhtk-0510f8,19,,https://www.find-tender.service.gov.uk/api/1.0/ocdsRecordPackages/ocds-h6vhtk-0510f8,IBM UNITED KINGDOM LIMITED
International Business Machines Corp,USA,name,Government Commercial Agency,Space Technology Solutions,No end date,active,,active,,,GBP,False,58,goods,,,,,,,2026-10-01,ocds-h6vhtk-0510f8,21,,https://www.find-tender.service.gov.uk/api/1.0/ocdsRecordPackages/ocds-h6vhtk-0510f8,IBM UNITED KINGDOM LIMITED
International Business Machines Corp,USA,name,Government Commercial Agency,Space Technology Solutions,No end date,active,,active,,,GBP,False,86,goods,,,,,,,2026-10-01,ocds-h6vhtk-0510f8,48,,https://www.find-tender.service.gov.uk/api/1.0/ocdsRecordPackages/ocds-h6vhtk-0510f8,IBM UNITED KINGDOM LIMITED
International Business Machines Corp,USA,name,Government Commercial Agency,Space Technology Solutions,No end date,active,,active,,,GBP,False,27,goods,,,,,,,2026-10-01,ocds-h6vhtk-0510f8,49,,https://www.find-tender.service.gov.uk/api/1.0/ocdsRecordPackages/ocds-h6vhtk-0510f8,IBM UNITED KINGDOM LIMITED
International Business Machines Corp,USA,name,Government Commercial Agency,Space Technology Solutions,No end date,active,,active,,,GBP,False,47,goods,,,,,,,2026-10-01,ocds-h6vhtk-0510f8,50,,https://www.find-tender.service.gov.uk/api/1.0/ocdsRecordPackages/ocds-h6vhtk-0510f8,IBM UNITED KINGDOM LIMITED
International Business Machines Corp,USA,name,Government Commercial Agency,Space Technology Solutions,No end date,active,,active,,,GBP,False,81,goods,,,,,,,2026-10-01,ocds-h6vhtk-0510f8,51,,https://www.find-tender.service.gov.uk/api/1.0/ocdsRecordPackages/ocds-h6vhtk-0510f8,IBM UNITED KINGDOM LIMITED
International Business Machines Corp,USA,name,Government Commercial Agency,Space Technology Solutions,No end date,active,,active,,,GBP,False,42,goods,,,,,,,2026-10-01,ocds-h6vhtk-0510f8,53,,https://www.find-tender.service.gov.uk/api/1.0/ocdsRecordPackages/ocds-h6vhtk-0510f8,IBM UNITED KINGDOM LIMITED
International Business Machines Corp,USA,name,Government Commercial Agency,Space Technology Solutions,No end date,active,,active,,,GBP,False,83,goods,,,,,,,2026-10-01,ocds-h6vhtk-0510f8,56,,https://www.find-tender.service.gov.uk/api/1.0/ocdsRecordPackages/ocds-h6vhtk-0510f8,IBM UNITED KINGDOM LIMITED
International Business Machines Corp,USA,name,Government Commercial Agency,Space Technology Solutions,No end date,active,,active,,,GBP,False,67,goods,,,,,,,2026-10-01,ocds-h6vhtk-0510f8,58,,https://www.find-tender.service.gov.uk/api/1.0/ocdsRecordPackages/ocds-h6vhtk-0510f8,IBM UNITED KINGDOM LIMITED
International Business Machines Corp,USA,name,Government Commercial Agency,Space Technology Solutions,No end date,active,,active,,,GBP,False,76,goods,,,,,,,2026-10-01,ocds-h6vhtk-0510f8,60,,https://www.find-tender.service.gov.uk/api/1.0/ocdsRecordPackages/ocds-h6vhtk-0510f8,IBM UNITED KINGDOM LIMITED
International Business Machines Corp,USA,name,Government Commercial Agency,Space Technology Solutions,No end date,active,,active,,,GBP,False,77,goods,,,,,,,2026-10-01,ocds-h6vhtk-0510f8,62,,https://www.find-tender.service.gov.uk/api/1.0/ocdsRecordPackages/ocds-h6vhtk-0510f8,IBM UNITED KINGDOM LIMITED
International Business Machines Corp,USA,name,Government Commercial Agency,Space Technology Solutions,No end date,active,,active,,,GBP,False,46,goods,,,,,,,2026-10-01,ocds-h6vhtk-0510f8,65,,https://www.find-tender.service.gov.uk/api/1.0/ocdsRecordPackages/ocds-h6vhtk-0510f8,IBM UNITED KINGDOM LIMITED
International Business Machines Corp,USA,name,Government Commercial Agency,Space Technology Solutions,No end date,active,,active,,,GBP,False,73,goods,,,,,,,2026-10-01,ocds-h6vhtk-0510f8,66,,https://www.find-tender.service.gov.uk/api/1.0/ocdsRecordPackages/ocds-h6vhtk-0510f8,IBM UNITED KINGDOM LIMITED
International Business Machines Corp,USA,name,Government Commercial Agency,Space Technology Solutions,No end date,active,,active,,,GBP,False,79,goods,,,,,,,2026-10-01,ocds-h6vhtk-0510f8,67,,https://www.find-tender.service.gov.uk/api/1.0/ocdsRecordPackages/ocds-h6vhtk-0510f8,IBM UNITED KINGDOM LIMITED
International Business Machines Corp,USA,name,Government Commercial Agency,Space Technology Solutions,No end date,active,,active,,,GBP,False,93,goods,,,,,,,2026-10-01,ocds-h6vhtk-0510f8,68,,https://www.find-tender.service.gov.uk/api/1.0/ocdsRecordPackages/ocds-h6vhtk-0510f8,IBM UNITED KINGDOM LIMITED
International Business Machines Corp,USA,name,Government Commercial Agency,Space Technology Solutions,No end date,active,,active,,,GBP,False,71,goods,,,,,,,2026-10-01,ocds-h6vhtk-0510f8,102,,https://www.find-tender.service.gov.uk/api/1.0/ocdsRecordPackages/ocds-h6vhtk-0510f8,IBM UNITED KINGDOM LIMITED
International Business Machines Corp,USA,name,Government Commercial Agency,Space Technology Solutions,No end date,active,,active,,,GBP,False,65,goods,,,,,,,2026-10-01,ocds-h6vhtk-0510f8,104,,https://www.find-tender.service.gov.uk/api/1.0/ocdsRecordPackages/ocds-h6vhtk-0510f8,IBM UNITED KINGDOM LIMITED
International Business Machines Corp,USA,name,Government Commercial Agency,Space Technology Solutions,No end date,active,,active,,,GBP,False,43,goods,,,,,,,2026-10-01,ocds-h6vhtk-0510f8,105,,https://www.find-tender.service.gov.uk/api/1.0/ocdsRecordPackages/ocds-h6vhtk-0510f8,IBM UNITED KINGDOM LIMITED
International Business Machines Corp,USA,name,Government Commercial Agency,Space Technology Solutions,No end date,active,,active,,,GBP,False,87,goods,,,,,,,2026-10-01,ocds-h6vhtk-0510f8,106,,https://www.find-tender.service.gov.uk/api/1.0/ocdsRecordPackages/ocds-h6vhtk-0510f8,IBM UNITED KINGDOM LIMITED
International Business Machines Corp,USA,name,Government Commercial Agency,Space Technology Solutions,No end date,active,,active,,,GBP,False,39,goods,,,,,,,2026-10-01,ocds-h6vhtk-0510f8,107,,https://www.find-tender.service.gov.uk/api/1.0/ocdsRecordPackages/ocds-h6vhtk-0510f8,IBM UNITED KINGDOM LIMITED
International Business Machines Corp,USA,name,Government Commercial Agency,Space Technology Solutions,No end date,active,,active,,,GBP,False,65,goods,,,,,,,2026-10-01,ocds-h6vhtk-0510f8,111,,https://www.find-tender.service.gov.uk/api/1.0/ocdsRecordPackages/ocds-h6vhtk-0510f8,IBM UNITED KINGDOM LIMITED
International Business Machines Corp,USA,name,Government Commercial Agency,Space Technology Solutions,No end date,active,,active,,,GBP,False,83,goods,,,,,,,2026-10-01,ocds-h6vhtk-0510f8,114,,https://www.find-tender.service.gov.uk/api/1.0/ocdsRecordPackages/ocds-h6vhtk-0510f8,IBM UNITED KINGDOM LIMITED
International Business Machines Corp,USA,name,HM Revenue & Customs,HMRC Virtual Desktop Service (vSTRIDE),No end date,active,active,complete,10103673.0,contract,GBP,False,1,services,,2025-09-11,,,,,2025-09-29,ocds-h6vhtk-05a3d4,060427-2025-1,060427-2025-1,https://www.find-tender.service.gov.uk/Notice/060427-2025,IBM United kingdom limited
International Business Machines Corp,USA,name,GENOMICS ENGLAND LIMITED,Software Engineering Services Interim - NGIS,No end date,active,active,complete,4600000.0,contract,GBP,False,1,services,,2021-11-07,,,,,2022-01-06,ocds-h6vhtk-0307d1,000316-2022-1,000316-2022-1,https://www.find-tender.service.gov.uk/Notice/000316-2022,IBM UK Limited
International Business Machines Corp,USA,name,UK Research & Innovation,UKRI-3081 Software Subscription and Support Renewal,No end date,active,active,complete,137987.06,contract,GBP,False,1,goods,,2023-05-03,,,,,2023-05-04,ocds-h6vhtk-03c631,012747-2023-1,012747-2023-1,https://www.find-tender.service.gov.uk/Notice/012747-2023,IBM UK Limited
International Business Machines Corp,USA,name,GENOMICS ENGLAND LIMITED,Software Engineering Partner,No end date,active,active,complete,875000.0,contract,GBP,False,1,services,,2023-08-18,,,,,2024-01-22,ocds-h6vhtk-042edd,002068-2024-1,002068-2024-1,https://www.find-tender.service.gov.uk/Notice/002068-2024,IBM United Kingdom Limited
International Business Machines Corp,USA,name,BlueLight Commercial ,RPA Professional Services,No end date,active,active,complete,26000000.0,contract,GBP,True,1,goods,,2025-08-21,,,,,2025-08-21,ocds-h6vhtk-04cc56,050646-2025-BLC0206-10,050646-2025-BLC0206-10,https://www.find-tender.service.gov.uk/Notice/050646-2025,IBM United Kingdom Limited
International Business Machines Corp,USA,name,BlueLight Commercial ,RPA Specialist Resources,No end date,active,active,complete,26000000.0,contract,GBP,True,1,goods,,2025-08-21,,,,,2025-08-21,ocds-h6vhtk-04cc56,050646-2025-BLC0206-16,050646-2025-BLC0206-16,https://www.find-tender.service.gov.uk/Notice/050646-2025,IBM United Kingdom Limited
International Business Machines Corp,USA,name,NATIONAL GRID UK LIMITED,2025 - National Grid - Establishing a Dynamic Market for Outsourced Functional Services,No end date,active,,complete,,,GBP,False,15,services,,,,,,,2026-05-11,ocds-h6vhtk-05937d,1,,https://www.find-tender.service.gov.uk/api/1.0/ocdsRecordPackages/ocds-h6vhtk-05937d,IBM UNITED KINGDOM LIMITED
International Business Machines Corp,USA,name,GENOMICS ENGLAND LIMITED,Architecture services - partner,No end date,active,active,complete,750000.0,contract,GBP,False,1,services,,2022-06-10,,,,,2022-07-14,ocds-h6vhtk-0351fd,019285-2022-1,019285-2022-1,https://www.find-tender.service.gov.uk/Notice/019285-2022,IBM Group
International Business Machines Corp,USA,name,GENOMICS ENGLAND LIMITED,Service Operations,No end date,active,active,complete,215181.0,contract,GBP,False,1,services,,2022-06-19,,,,,2022-07-27,ocds-h6vhtk-035655,020399-2022-1,020399-2022-1,https://www.find-tender.service.gov.uk/Notice/020399-2022,IBM Ltd
International Business Machines Corp,USA,name,Digital Health and Care Wales,Electronic Master Patient Index (“eMPI”) Software and Support,No end date,active,active,complete,553554.2,contract,GBP,False,1,goods,,2023-06-07,,,,,2023-07-20,ocds-h6vhtk-03e3be,020919-2023-P817-1,020919-2023-P817-1,https://www.find-tender.service.gov.uk/Notice/020919-2023,IBM UK Ltd
International Business Machines Corp,USA,name,Northern Ireland Electricity Networks,Chief Information Office (CIO) Consultancy Support Services,No end date,active,active,complete,480000.0,contract,GBP,True,1,services,,2024-06-13,,,,,2024-08-06,ocds-h6vhtk-047a59,020342-2024-1,020342-2024-1,https://www.find-tender.service.gov.uk/Notice/020342-2024,IBM United Kingdom Limited
International Business Machines Corp,USA,name,Northern Ireland Electricity Networks,Chief Information Office (CIO) Consultancy Support Services,No end date,active,active,complete,480000.0,contract,GBP,True,1,services,,2024-08-06,,,,,2024-08-06,ocds-h6vhtk-047a59,024726-2024-1,024726-2024-1,https://www.find-tender.service.gov.uk/Notice/024726-2024,IBM United Kingdom Limited
International Business Machines Corp,USA,name,Ministry of Defence,GUARDIAN UK Delivery and In-Service Support,No end date,active,active,complete,30000000.0,contract,GBP,False,1,goods,,2024-10-15,,,,,2024-10-16,ocds-h6vhtk-04aca9,033314-2024-1,033314-2024-1,https://www.find-tender.service.gov.uk/Notice/033314-2024,IBM United Kingdom Limited
International Business Machines Corp,USA,name,HM Land Registry,eSecurity Support (IBM),No end date,active,active,complete,,,GBP,False,1,services,,2024-10-01,,,,,2024-10-22,ocds-h6vhtk-04b02b,034161-2024-1,034161-2024-1,https://www.find-tender.service.gov.uk/Notice/034161-2024,IBM United Kingdom Ltd
International Business Machines Corp,USA,name,"DEPARTMENT OF ENVIRONMENT, FOOD AND RURAL AFFAIRS (Defra Network eTendering Portal)",FinOps and Cloud Cost Management System and related Services,No end date,active,active,complete,733586.0,contract,GBP,True,1,services,,2024-09-30,,,,,2024-10-29,ocds-h6vhtk-04b211,034949-2024-1,034949-2024-1,https://www.find-tender.service.gov.uk/Notice/034949-2024,IBM United Kingdom Limited
International Business Machines Corp,USA,name,Department for Work and Pensions,DWP Project_25855 - IBM Standard Support Agreement (2025),No end date,active,active,complete,13500000.0,contract,GBP,False,1,goods,,2024-12-12,,,,,2025-01-10,ocds-h6vhtk-04cf43,000925-2025-ecm_12533-1,000925-2025-ecm_12533-1,https://www.find-tender.service.gov.uk/Notice/000925-2025,IBM UK Ltd
International Business Machines Corp,USA,name,Sussex Police,Robotic Process Automation,No end date,active,active,complete,299887.0,contract,GBP,False,1,services,,2025-01-02,,,,,2025-01-23,ocds-h6vhtk-04d5b2,002359-2025-1,002359-2025-1,https://www.find-tender.service.gov.uk/Notice/002359-2025,IBM United Kingdom Limited
International Business Machines Corp,USA,name,Northern Ireland Electricity Networks,Chief Information Office (CIO) Professional Services,No end date,active,active,complete,962000.0,contract,GBP,True,1,services,,2025-02-17,,,,,2025-03-24,ocds-h6vhtk-04e32d,005552-2025-1,005552-2025-1,https://www.find-tender.service.gov.uk/Notice/005552-2025,IBM United Kingdom Limited
International Business Machines Corp,USA,name,Northern Ireland Electricity Networks,Chief Information Office (CIO) Consultancy Support Services,No end date,active,active,complete,962000.0,contract,GBP,True,1,services,,2025-02-17,,,,,2025-03-24,ocds-h6vhtk-04e32d,010893-2025-1,010893-2025-1,https://www.find-tender.service.gov.uk/Notice/010893-2025,IBM United Kingdom Limited
International Business Machines Corp,USA,name,Department for Work & Pensions,Nexus AI,No end date,active,active,complete,9000000.0,contract,GBP,False,1,services,,2025-09-12,,,,,2025-09-29,ocds-h6vhtk-04e789,060504-2025-1,060504-2025-1,https://www.find-tender.service.gov.uk/Notice/060504-2025,IBM UK Ltd
International Business Machines Corp,USA,name,GENOMICS ENGLAND LIMITED,Migration of Research Data to Cloud,No end date,active,active,complete,397800.0,contract,GBP,False,1,services,,2025-03-31,,,,,2025-04-02,ocds-h6vhtk-04fbe8,012501-2025-GEL-RE-25138-1,012501-2025-GEL-RE-25138-1,https://www.find-tender.service.gov.uk/Notice/012501-2025,IBM United Kingdom Limited
International Business Machines Corp,USA,name,UK BIOBANK LIMITED,Threat Intelligence Services,No end date,active,active,complete,364775.0,contract,GBP,False,1,services,,2026-09-01,,,,,2026-09-01,ocds-h6vhtk-06efcf,082790-2026-1,082790-2026-1,https://www.find-tender.service.gov.uk/Notice/082790-2026,IBM UK Limited
International Business Machines Corp,USA,name,NS&I,Digital Experience and Digital Enablement,No end date,active,active,complete,99835217.0,contract,GBP,True,1,services,,2023-11-13,,,,,2023-12-21,ocds-h6vhtk-03c39a,037627-2023-NS&I-23-F-04-1,037627-2023-NS&I-23-F-04-1,https://www.find-tender.service.gov.uk/Notice/037627-2023,IBM United Kingdom Limited
International Business Machines Corp,USA,name,Scottish Parliamentary Corporate Body,Security Vetting Software,No end date,active,active,complete,138188.14,contract,GBP,False,1,services,,2024-05-10,,,,,2024-06-10,ocds-h6vhtk-046e9f,017853-2024-ICT-SER-93-1,017853-2024-ICT-SER-93-1,https://www.find-tender.service.gov.uk/Notice/017853-2024,IBM UK Ltd
International Business Machines Corp,USA,name,GENOMICS ENGLAND LIMITED,Non Engineering Resource - Programme Manager,No end date,active,active,complete,256500.0,contract,GBP,False,1,services,,2025-03-14,,,,,2025-03-24,ocds-h6vhtk-04f7d8,010877-2025-GEL-ST-952-24-1,010877-2025-GEL-ST-952-24-1,https://www.find-tender.service.gov.uk/Notice/010877-2025,IBM United Kingdom Limited
International Business Machines Corp,USA,name,GENOMICS ENGLAND LIMITED,Security First Manager,No end date,active,active,complete,126000.0,contract,GBP,False,1,services,,2025-03-25,,,,,2025-03-25,ocds-h6vhtk-04f85d,011095-2025-GEL-ST-25018-1,011095-2025-GEL-ST-25018-1,https://www.find-tender.service.gov.uk/Notice/011095-2025,IBM UK Ltd
Kongsberg Gruppen ASA,Norway,name,Ministry of Defence,S&MOCB/8007: Provision of UUV System Midlife Capability Upgrade (701551797),No end date,active,active,complete,815206.0,contract,GBP,False,1,services,,2021-10-13,,,,,2021-11-08,ocds-h6vhtk-02b92f,028004-2021-1,028004-2021-1,https://www.find-tender.service.gov.uk/Notice/028004-2021,Kongsberg Maritime AS
Kongsberg Gruppen ASA,Norway,name,Government Commercial Agency,Space Technology Solutions,No end date,active,,active,,,GBP,False,47,goods,,,,,,,2026-10-01,ocds-h6vhtk-0510f8,1,,https://www.find-tender.service.gov.uk/api/1.0/ocdsRecordPackages/ocds-h6vhtk-0510f8,KONGSBERG NORCONTROL LIMITED
Kongsberg Gruppen ASA,Norway,name,Government Commercial Agency,Space Technology Solutions,No end date,active,,active,,,GBP,False,37,goods,,,,,,,2026-10-01,ocds-h6vhtk-0510f8,2,,https://www.find-tender.service.gov.uk/api/1.0/ocdsRecordPackages/ocds-h6vhtk-0510f8,KONGSBERG NORCONTROL LIMITED
Kongsberg Gruppen ASA,Norway,name,Government Commercial Agency,Space Technology Solutions,No end date,active,,active,,,GBP,False,30,goods,,,,,,,2026-10-01,ocds-h6vhtk-0510f8,3,,https://www.find-tender.service.gov.uk/api/1.0/ocdsRecordPackages/ocds-h6vhtk-0510f8,KONGSBERG NORCONTROL LIMITED
Kongsberg Gruppen ASA,Norway,name,Government Commercial Agency,Space Technology Solutions,No end date,active,,active,,,GBP,False,32,goods,,,,,,,2026-10-01,ocds-h6vhtk-0510f8,4,,https://www.find-tender.service.gov.uk/api/1.0/ocdsRecordPackages/ocds-h6vhtk-0510f8,KONGSBERG NORCONTROL LIMITED
Kongsberg Gruppen ASA,Norway,name,Government Commercial Agency,Space Technology Solutions,No end date,active,,active,,,GBP,False,50,goods,,,,,,,2026-10-01,ocds-h6vhtk-0510f8,5,,https://www.find-tender.service.gov.uk/api/1.0/ocdsRecordPackages/ocds-h6vhtk-0510f8,KONGSBERG NORCONTROL LIMITED
Kongsberg Gruppen ASA,Norway,name,Government Commercial Agency,Space Technology Solutions,No end date,active,,active,,,GBP,False,95,goods,,,,,,,2026-10-01,ocds-h6vhtk-0510f8,6,,https://www.find-tender.service.gov.uk/api/1.0/ocdsRecordPackages/ocds-h6vhtk-0510f8,KONGSBERG NORCONTROL LIMITED
Kongsberg Gruppen ASA,Norway,name,Government Commercial Agency,Space Technology Solutions,No end date,active,,active,,,GBP,False,57,goods,,,,,,,2026-10-01,ocds-h6vhtk-0510f8,7,,https://www.find-tender.service.gov.uk/api/1.0/ocdsRecordPackages/ocds-h6vhtk-0510f8,KONGSBERG NORCONTROL LIMITED
Kongsberg Gruppen ASA,Norway,name,Government Commercial Agency,Space Technology Solutions,No end date,active,,active,,,GBP,False,66,goods,,,,,,,2026-10-01,ocds-h6vhtk-0510f8,8,,https://www.find-tender.service.gov.uk/api/1.0/ocdsRecordPackages/ocds-h6vhtk-0510f8,KONGSBERG NORCONTROL LIMITED
Kongsberg Gruppen ASA,Norway,name,Government Commercial Agency,Space Technology Solutions,No end date,active,,active,,,GBP,False,23,goods,,,,,,,2026-10-01,ocds-h6vhtk-0510f8,9,,https://www.find-tender.service.gov.uk/api/1.0/ocdsRecordPackages/ocds-h6vhtk-0510f8,KONGSBERG NORCONTROL LIMITED
Kongsberg Gruppen ASA,Norway,name,Government Commercial Agency,Space Technology Solutions,No end date,active,,active,,,GBP,False,41,goods,,,,,,,2026-10-01,ocds-h6vhtk-0510f8,10,,https://www.find-tender.service.gov.uk/api/1.0/ocdsRecordPackages/ocds-h6vhtk-0510f8,KONGSBERG NORCONTROL LIMITED
Kongsberg Gruppen ASA,Norway,name,Government Commercial Agency,Space Technology Solutions,No end date,active,,active,,,GBP,False,20,goods,,,,,,,2026-10-01,ocds-h6vhtk-0510f8,11,,https://www.find-tender.service.gov.uk/api/1.0/ocdsRecordPackages/ocds-h6vhtk-0510f8,KONGSBERG NORCONTROL LIMITED
Kongsberg Gruppen ASA,Norway,name,Government Commercial Agency,Space Technology Solutions,No end date,active,,active,,,GBP,False,40,goods,,,,,,,2026-10-01,ocds-h6vhtk-0510f8,12,,https://www.find-tender.service.gov.uk/api/1.0/ocdsRecordPackages/ocds-h6vhtk-0510f8,KONGSBERG NORCONTROL LIMITED
Kongsberg Gruppen ASA,Norway,name,Government Commercial Agency,Space Technology Solutions,No end date,active,,active,,,GBP,False,62,goods,,,,,,,2026-10-01,ocds-h6vhtk-0510f8,13,,https://www.find-tender.service.gov.uk/api/1.0/ocdsRecordPackages/ocds-h6vhtk-0510f8,KONGSBERG NORCONTROL LIMITED
Kongsberg Gruppen ASA,Norway,name,Government Commercial Agency,Space Technology Solutions,No end date,active,,active,,,GBP,False,27,goods,,,,,,,2026-10-01,ocds-h6vhtk-0510f8,14,,https://www.find-tender.service.gov.uk/api/1.0/ocdsRecordPackages/ocds-h6vhtk-0510f8,KONGSBERG NORCONTROL LIMITED
Kongsberg Gruppen ASA,Norway,name,Government Commercial Agency,Space Technology Solutions,No end date,active,,active,,,GBP,False,22,goods,,,,,,,2026-10-01,ocds-h6vhtk-0510f8,15,,https://www.find-tender.service.gov.uk/api/1.0/ocdsRecordPackages/ocds-h6vhtk-0510f8,KONGSBERG NORCONTROL LIMITED
Kongsberg Gruppen ASA,Norway,name,Government Commercial Agency,Space Technology Solutions,No end date,active,,active,,,GBP,False,17,goods,,,,,,,2026-10-01,ocds-h6vhtk-0510f8,16,,https://www.find-tender.service.gov.uk/api/1.0/ocdsRecordPackages/ocds-h6vhtk-0510f8,KONGSBERG NORCONTROL LIMITED
Kongsberg Gruppen ASA,Norway,name,Government Commercial Agency,Space Technology Solutions,No end date,active,,active,,,GBP,False,38,goods,,,,,,,2026-10-01,ocds-h6vhtk-0510f8,17,,https://www.find-tender.service.gov.uk/api/1.0/ocdsRecordPackages/ocds-h6vhtk-0510f8,KONGSBERG NORCONTROL LIMITED
Kongsberg Gruppen ASA,Norway,name,Government Commercial Agency,Space Technology Solutions,No end date,active,,active,,,GBP,False,49,goods,,,,,,,2026-10-01,ocds-h6vhtk-0510f8,18,,https://www.find-tender.service.gov.uk/api/1.0/ocdsRecordPackages/ocds-h6vhtk-0510f8,KONGSBERG NORCONTROL LIMITED
Kongsberg Gruppen ASA,Norway,name,Government Commercial Agency,Space Technology Solutions,No end date,active,,active,,,GBP,False,48,goods,,,,,,,2026-10-01,ocds-h6vhtk-0510f8,19,,https://www.find-tender.service.gov.uk/api/1.0/ocdsRecordPackages/ocds-h6vhtk-0510f8,KONGSBERG NORCONTROL LIMITED
Kongsberg Gruppen ASA,Norway,name,Government Commercial Agency,Space Technology Solutions,No end date,active,,active,,,GBP,False,45,goods,,,,,,,2026-10-01,ocds-h6vhtk-0510f8,20,,https://www.find-tender.service.gov.uk/api/1.0/ocdsRecordPackages/ocds-h6vhtk-0510f8,KONGSBERG NORCONTROL LIMITED
Kongsberg Gruppen ASA,Norway,name,Government Commercial Agency,Space Technology Solutions,No end date,active,,active,,,GBP,False,58,goods,,,,,,,2026-10-01,ocds-h6vhtk-0510f8,21,,https://www.find-tender.service.gov.uk/api/1.0/ocdsRecordPackages/ocds-h6vhtk-0510f8,KONGSBERG NORCONTROL LIMITED
Kongsberg Gruppen ASA,Norway,name,Government Commercial Agency,Space Technology Solutions,No end date,active,,active,,,GBP,False,43,goods,,,,,,,2026-10-01,ocds-h6vhtk-0510f8,22,,https://www.find-tender.service.gov.uk/api/1.0/ocdsRecordPackages/ocds-h6vhtk-0510f8,KONGSBERG NORCONTROL LIMITED
Kongsberg Gruppen ASA,Norway,name,Government Commercial Agency,Space Technology Solutions,No end date,active,,active,,,GBP,False,31,goods,,,,,,,2026-10-01,ocds-h6vhtk-0510f8,23,,https://www.find-tender.service.gov.uk/api/1.0/ocdsRecordPackages/ocds-h6vhtk-0510f8,KONGSBERG NORCONTROL LIMITED
Kongsberg Gruppen ASA,Norway,name,Government Commercial Agency,Space Technology Solutions,No end date,active,,active,,,GBP,False,27,goods,,,,,,,2026-10-01,ocds-h6vhtk-0510f8,24,,https://www.find-tender.service.gov.uk/api/1.0/ocdsRecordPackages/ocds-h6vhtk-0510f8,KONGSBERG NORCONTROL LIMITED
Kongsberg Gruppen ASA,Norway,name,Government Commercial Agency,Space Technology Solutions,No end date,active,,active,,,GBP,False,21,goods,,,,,,,2026-10-01,ocds-h6vhtk-0510f8,25,,https://www.find-tender.service.gov.uk/api/1.0/ocdsRecordPackages/ocds-h6vhtk-0510f8,KONGSBERG NORCONTROL LIMITED
Kongsberg Gruppen ASA,Norway,name,Government Commercial Agency,Space Technology Solutions,No end date,active,,active,,,GBP,False,40,goods,,,,,,,2026-10-01,ocds-h6vhtk-0510f8,26,,https://www.find-tender.service.gov.uk/api/1.0/ocdsRecordPackages/ocds-h6vhtk-0510f8,KONGSBERG NORCONTROL LIMITED
Kongsberg Gruppen ASA,Norway,name,Government Commercial Agency,Space Technology Solutions,No end date,active,,active,,,GBP,False,34,goods,,,,,,,2026-10-01,ocds-h6vhtk-0510f8,27,,https://www.find-tender.service.gov.uk/api/1.0/ocdsRecordPackages/ocds-h6vhtk-0510f8,KONGSBERG NORCONTROL LIMITED
Kongsberg Gruppen ASA,Norway,name,Government Commercial Agency,Space Technology Solutions,No end date,active,,active,,,GBP,False,38,goods,,,,,,,2026-10-01,ocds-h6vhtk-0510f8,28,,https://www.find-tender.service.gov.uk/api/1.0/ocdsRecordPackages/ocds-h6vhtk-0510f8,KONGSBERG NORCONTROL LIMITED
Kongsberg Gruppen ASA,Norway,name,Government Commercial Agency,Space Technology Solutions,No end date,active,,active,,,GBP,False,19,goods,,,,,,,2026-10-01,ocds-h6vhtk-0510f8,29,,https://www.find-tender.service.gov.uk/api/1.0/ocdsRecordPackages/ocds-h6vhtk-0510f8,KONGSBERG NORCONTROL LIMITED
Kongsberg Gruppen ASA,Norway,name,Government Commercial Agency,Space Technology Solutions,No end date,active,,active,,,GBP,False,22,goods,,,,,,,2026-10-01,ocds-h6vhtk-0510f8,30,,https://www.find-tender.service.gov.uk/api/1.0/ocdsRecordPackages/ocds-h6vhtk-0510f8,KONGSBERG NORCONTROL LIMITED
Kongsberg Gruppen ASA,Norway,name,Government Commercial Agency,Space Technology Solutions,No end date,active,,active,,,GBP,False,26,goods,,,,,,,2026-10-01,ocds-h6vhtk-0510f8,31,,https://www.find-tender.service.gov.uk/api/1.0/ocdsRecordPackages/ocds-h6vhtk-0510f8,KONGSBERG NORCONTROL LIMITED
Kongsberg Gruppen ASA,Norway,name,Government Commercial Agency,Space Technology Solutions,No end date,active,,active,,,GBP,False,19,goods,,,,,,,2026-10-01,ocds-h6vhtk-0510f8,32,,https://www.find-tender.service.gov.uk/api/1.0/ocdsRecordPackages/ocds-h6vhtk-0510f8,KONGSBERG NORCONTROL LIMITED
Kongsberg Gruppen ASA,Norway,name,Government Commercial Agency,Space Technology Solutions,No end date,active,,active,,,GBP,False,27,goods,,,,,,,2026-10-01,ocds-h6vhtk-0510f8,33,,https://www.find-tender.service.gov.uk/api/1.0/ocdsRecordPackages/ocds-h6vhtk-0510f8,KONGSBERG NORCONTROL LIMITED
Kongsberg Gruppen ASA,Norway,name,Government Commercial Agency,Space Technology Solutions,No end date,active,,active,,,GBP,False,31,goods,,,,,,,2026-10-01,ocds-h6vhtk-0510f8,34,,https://www.find-tender.service.gov.uk/api/1.0/ocdsRecordPackages/ocds-h6vhtk-0510f8,KONGSBERG NORCONTROL LIMITED
Kongsberg Gruppen ASA,Norway,name,Government Commercial Agency,Space Technology Solutions,No end date,active,,active,,,GBP,False,28,goods,,,,,,,2026-10-01,ocds-h6vhtk-0510f8,35,,https://www.find-tender.service.gov.uk/api/1.0/ocdsRecordPackages/ocds-h6vhtk-0510f8,KONGSBERG NORCONTROL LIMITED
Kongsberg Gruppen ASA,Norway,name,Government Commercial Agency,Space Technology Solutions,No end date,active,,active,,,GBP,False,24,goods,,,,,,,2026-10-01,ocds-h6vhtk-0510f8,36,,https://www.find-tender.service.gov.uk/api/1.0/ocdsRecordPackages/ocds-h6vhtk-0510f8,KONGSBERG NORCONTROL LIMITED
Kongsberg Gruppen ASA,Norway,name,Government Commercial Agency,Space Technology Solutions,No end date,active,,active,,,GBP,False,33,goods,,,,,,,2026-10-01,ocds-h6vhtk-0510f8,37,,https://www.find-tender.service.gov.uk/api/1.0/ocdsRecordPackages/ocds-h6vhtk-0510f8,KONGSBERG NORCONTROL LIMITED
Kongsberg Gruppen ASA,Norway,name,Government Commercial Agency,Space Technology Solutions,No end date,active,,active,,,GBP,False,23,goods,,,,,,,2026-10-01,ocds-h6vhtk-0510f8,38,,https://www.find-tender.service.gov.uk/api/1.0/ocdsRecordPackages/ocds-h6vhtk-0510f8,KONGSBERG NORCONTROL LIMITED
Kongsberg Gruppen ASA,Norway,name,Government Commercial Agency,Space Technology Solutions,No end date,active,,active,,,GBP,False,18,goods,,,,,,,2026-10-01,ocds-h6vhtk-0510f8,39,,https://www.find-tender.service.gov.uk/api/1.0/ocdsRecordPackages/ocds-h6vhtk-0510f8,KONGSBERG NORCONTROL LIMITED
Kongsberg Gruppen ASA,Norway,name,Government Commercial Agency,Space Technology Solutions,No end date,active,,active,,,GBP,False,26,goods,,,,,,,2026-10-01,ocds-h6vhtk-0510f8,40,,https://www.find-tender.service.gov.uk/api/1.0/ocdsRecordPackages/ocds-h6vhtk-0510f8,KONGSBERG NORCONTROL LIMITED
Kongsberg Gruppen ASA,Norway,name,Government Commercial Agency,Space Technology Solutions,No end date,active,,active,,,GBP,False,32,goods,,,,,,,2026-10-01,ocds-h6vhtk-0510f8,41,,https://www.find-tender.service.gov.uk/api/1.0/ocdsRecordPackages/ocds-h6vhtk-0510f8,KONGSBERG NORCONTROL LIMITED
Kongsberg Gruppen ASA,Norway,name,Government Commercial Agency,Space Technology Solutions,No end date,active,,active,,,GBP,False,41,goods,,,,,,,2026-10-01,ocds-h6vhtk-0510f8,42,,https://www.find-tender.service.gov.uk/api/1.0/ocdsRecordPackages/ocds-h6vhtk-0510f8,KONGSBERG NORCONTROL LIMITED
Kongsberg Gruppen ASA,Norway,name,Government Commercial Agency,Space Technology Solutions,No end date,active,,active,,,GBP,False,40,goods,,,,,,,2026-10-01,ocds-h6vhtk-0510f8,43,,https://www.find-tender.service.gov.uk/api/1.0/ocdsRecordPackages/ocds-h6vhtk-0510f8,KONGSBERG NORCONTROL LIMITED
Kongsberg Gruppen ASA,Norway,name,Government Commercial Agency,Space Technology Solutions,No end date,active,,active,,,GBP,False,45,goods,,,,,,,2026-10-01,ocds-h6vhtk-0510f8,44,,https://www.find-tender.service.gov.uk/api/1.0/ocdsRecordPackages/ocds-h6vhtk-0510f8,KONGSBERG NORCONTROL LIMITED
Kongsberg Gruppen ASA,Norway,name,Government Commercial Agency,Space Technology Solutions,No end date,active,,active,,,GBP,False,47,goods,,,,,,,2026-10-01,ocds-h6vhtk-0510f8,45,,https://www.find-tender.service.gov.uk/api/1.0/ocdsRecordPackages/ocds-h6vhtk-0510f8,KONGSBERG NORCONTROL LIMITED
Kongsberg Gruppen ASA,Norway,name,Government Commercial Agency,Space Technology Solutions,No end date,active,,active,,,GBP,False,15,goods,,,,,,,2026-10-01,ocds-h6vhtk-0510f8,46,,https://www.find-tender.service.gov.uk/api/1.0/ocdsRecordPackages/ocds-h6vhtk-0510f8,KONGSBERG NORCONTROL LIMITED
Kongsberg Gruppen ASA,Norway,name,Government Commercial Agency,Space Technology Solutions,No end date,active,,active,,,GBP,False,40,goods,,,,,,,2026-10-01,ocds-h6vhtk-0510f8,47,,https://www.find-tender.service.gov.uk/api/1.0/ocdsRecordPackages/ocds-h6vhtk-0510f8,KONGSBERG NORCONTROL LIMITED
Kongsberg Gruppen ASA,Norway,name,Government Commercial Agency,Space Technology Solutions,No end date,active,,active,,,GBP,False,86,goods,,,,,,,2026-10-01,ocds-h6vhtk-0510f8,48,,https://www.find-tender.service.gov.uk/api/1.0/ocdsRecordPackages/ocds-h6vhtk-0510f8,KONGSBERG NORCONTROL LIMITED
Kongsberg Gruppen ASA,Norway,name,Government Commercial Agency,Space Technology Solutions,No end date,active,,active,,,GBP,False,27,goods,,,,,,,2026-10-01,ocds-h6vhtk-0510f8,49,,https://www.find-tender.service.gov.uk/api/1.0/ocdsRecordPackages/ocds-h6vhtk-0510f8,KONGSBERG NORCONTROL LIMITED
Kongsberg Gruppen ASA,Norway,name,Government Commercial Agency,Space Technology Solutions,No end date,active,,active,,,GBP,False,47,goods,,,,,,,2026-10-01,ocds-h6vhtk-0510f8,50,,https://www.find-tender.service.gov.uk/api/1.0/ocdsRecordPackages/ocds-h6vhtk-0510f8,KONGSBERG NORCONTROL LIMITED
Kongsberg Gruppen ASA,Norway,name,Government Commercial Agency,Space Technology Solutions,No end date,active,,active,,,GBP,False,81,goods,,,,,,,2026-10-01,ocds-h6vhtk-0510f8,51,,https://www.find-tender.service.gov.uk/api/1.0/ocdsRecordPackages/ocds-h6vhtk-0510f8,KONGSBERG NORCONTROL LIMITED
Kongsberg Gruppen ASA,Norway,name,Government Commercial Agency,Space Technology Solutions,No end date,active,,active,,,GBP,False,36,goods,,,,,,,2026-10-01,ocds-h6vhtk-0510f8,52,,https://www.find-tender.service.gov.uk/api/1.0/ocdsRecordPackages/ocds-h6vhtk-0510f8,KONGSBERG NORCONTROL LIMITED
Kongsberg Gruppen ASA,Norway,name,Government Commercial Agency,Space Technology Solutions,No end date,active,,active,,,GBP,False,42,goods,,,,,,,2026-10-01,ocds-h6vhtk-0510f8,53,,https://www.find-tender.service.gov.uk/api/1.0/ocdsRecordPackages/ocds-h6vhtk-0510f8,KONGSBERG NORCONTROL LIMITED
Kongsberg Gruppen ASA,Norway,name,Government Commercial Agency,Space Technology Solutions,No end date,active,,active,,,GBP,False,49,goods,,,,,,,2026-10-01,ocds-h6vhtk-0510f8,54,,https://www.find-tender.service.gov.uk/api/1.0/ocdsRecordPackages/ocds-h6vhtk-0510f8,KONGSBERG NORCONTROL LIMITED
Kongsberg Gruppen ASA,Norway,name,Government Commercial Agency,Space Technology Solutions,No end date,active,,active,,,GBP,False,30,goods,,,,,,,2026-10-01,ocds-h6vhtk-0510f8,55,,https://www.find-tender.service.gov.uk/api/1.0/ocdsRecordPackages/ocds-h6vhtk-0510f8,KONGSBERG NORCONTROL LIMITED
Kongsberg Gruppen ASA,Norway,name,Government Commercial Agency,Space Technology Solutions,No end date,active,,active,,,GBP,False,83,goods,,,,,,,2026-10-01,ocds-h6vhtk-0510f8,56,,https://www.find-tender.service.gov.uk/api/1.0/ocdsRecordPackages/ocds-h6vhtk-0510f8,KONGSBERG NORCONTROL LIMITED
Kongsberg Gruppen ASA,Norway,name,Government Commercial Agency,Space Technology Solutions,No end date,active,,active,,,GBP,False,71,goods,,,,,,,2026-10-01,ocds-h6vhtk-0510f8,57,,https://www.find-tender.service.gov.uk/api/1.0/ocdsRecordPackages/ocds-h6vhtk-0510f8,KONGSBERG NORCONTROL LIMITED
Kongsberg Gruppen ASA,Norway,name,Government Commercial Agency,Space Technology Solutions,No end date,active,,active,,,GBP,False,67,goods,,,,,,,2026-10-01,ocds-h6vhtk-0510f8,58,,https://www.find-tender.service.gov.uk/api/1.0/ocdsRecordPackages/ocds-h6vhtk-0510f8,KONGSBERG NORCONTROL LIMITED
Kongsberg Gruppen ASA,Norway,name,Government Commercial Agency,Space Technology Solutions,No end date,active,,active,,,GBP,False,18,goods,,,,,,,2026-10-01,ocds-h6vhtk-0510f8,59,,https://www.find-tender.service.gov.uk/api/1.0/ocdsRecordPackages/ocds-h6vhtk-0510f8,KONGSBERG NORCONTROL LIMITED
Kongsberg Gruppen ASA,Norway,name,Government Commercial Agency,Space Technology Solutions,No end date,active,,active,,,GBP,False,76,goods,,,,,,,2026-10-01,ocds-h6vhtk-0510f8,60,,https://www.find-tender.service.gov.uk/api/1.0/ocdsRecordPackages/ocds-h6vhtk-0510f8,KONGSBERG NORCONTROL LIMITED
Kongsberg Gruppen ASA,Norway,name,Government Commercial Agency,Space Technology Solutions,No end date,active,,active,,,GBP,False,22,goods,,,,,,,2026-10-01,ocds-h6vhtk-0510f8,61,,https://www.find-tender.service.gov.uk/api/1.0/ocdsRecordPackages/ocds-h6vhtk-0510f8,KONGSBERG NORCONTROL LIMITED
Kongsberg Gruppen ASA,Norway,name,Government Commercial Agency,Space Technology Solutions,No end date,active,,active,,,GBP,False,77,goods,,,,,,,2026-10-01,ocds-h6vhtk-0510f8,62,,https://www.find-tender.service.gov.uk/api/1.0/ocdsRecordPackages/ocds-h6vhtk-0510f8,KONGSBERG NORCONTROL LIMITED
Kongsberg Gruppen ASA,Norway,name,Government Commercial Agency,Space Technology Solutions,No end date,active,,active,,,GBP,False,15,goods,,,,,,,2026-10-01,ocds-h6vhtk-0510f8,63,,https://www.find-tender.service.gov.uk/api/1.0/ocdsRecordPackages/ocds-h6vhtk-0510f8,KONGSBERG NORCONTROL LIMITED
Kongsberg Gruppen ASA,Norway,name,Government Commercial Agency,Space Technology Solutions,No end date,active,,active,,,GBP,False,15,goods,,,,,,,2026-10-01,ocds-h6vhtk-0510f8,64,,https://www.find-tender.service.gov.uk/api/1.0/ocdsRecordPackages/ocds-h6vhtk-0510f8,KONGSBERG NORCONTROL LIMITED
Kongsberg Gruppen ASA,Norway,name,Government Commercial Agency,Space Technology Solutions,No end date,active,,active,,,GBP,False,46,goods,,,,,,,2026-10-01,ocds-h6vhtk-0510f8,65,,https://www.find-tender.service.gov.uk/api/1.0/ocdsRecordPackages/ocds-h6vhtk-0510f8,KONGSBERG NORCONTROL LIMITED
Kongsberg Gruppen ASA,Norway,name,Government Commercial Agency,Space Technology Solutions,No end date,active,,active,,,GBP,False,73,goods,,,,,,,2026-10-01,ocds-h6vhtk-0510f8,66,,https://www.find-tender.service.gov.uk/api/1.0/ocdsRecordPackages/ocds-h6vhtk-0510f8,KONGSBERG NORCONTROL LIMITED
Kongsberg Gruppen ASA,Norway,name,Government Commercial Agency,Space Technology Solutions,No end date,active,,active,,,GBP,False,79,goods,,,,,,,2026-10-01,ocds-h6vhtk-0510f8,67,,https://www.find-tender.service.gov.uk/api/1.0/ocdsRecordPackages/ocds-h6vhtk-0510f8,KONGSBERG NORCONTROL LIMITED
Kongsberg Gruppen ASA,Norway,name,Government Commercial Agency,Space Technology Solutions,No end date,active,,active,,,GBP,False,93,goods,,,,,,,2026-10-01,ocds-h6vhtk-0510f8,68,,https://www.find-tender.service.gov.uk/api/1.0/ocdsRecordPackages/ocds-h6vhtk-0510f8,KONGSBERG NORCONTROL LIMITED
Kongsberg Gruppen ASA,Norway,name,Government Commercial Agency,Space Technology Solutions,No end date,active,,active,,,GBP,False,34,goods,,,,,,,2026-10-01,ocds-h6vhtk-0510f8,69,,https://www.find-tender.service.gov.uk/api/1.0/ocdsRecordPackages/ocds-h6vhtk-0510f8,KONGSBERG NORCONTROL LIMITED
Kongsberg Gruppen ASA,Norway,name,Government Commercial Agency,Space Technology Solutions,No end date,active,,active,,,GBP,False,36,goods,,,,,,,2026-10-01,ocds-h6vhtk-0510f8,70,,https://www.find-tender.service.gov.uk/api/1.0/ocdsRecordPackages/ocds-h6vhtk-0510f8,KONGSBERG NORCONTROL LIMITED
Kongsberg Gruppen ASA,Norway,name,Government Commercial Agency,Space Technology Solutions,No end date,active,,active,,,GBP,False,46,goods,,,,,,,2026-10-01,ocds-h6vhtk-0510f8,71,,https://www.find-tender.service.gov.uk/api/1.0/ocdsRecordPackages/ocds-h6vhtk-0510f8,KONGSBERG NORCONTROL LIMITED
Kongsberg Gruppen ASA,Norway,name,Government Commercial Agency,Space Technology Solutions,No end date,active,,active,,,GBP,False,34,goods,,,,,,,2026-10-01,ocds-h6vhtk-0510f8,72,,https://www.find-tender.service.gov.uk/api/1.0/ocdsRecordPackages/ocds-h6vhtk-0510f8,KONGSBERG NORCONTROL LIMITED
Kongsberg Gruppen ASA,Norway,name,Government Commercial Agency,Space Technology Solutions,No end date,active,,active,,,GBP,False,39,goods,,,,,,,2026-10-01,ocds-h6vhtk-0510f8,73,,https://www.find-tender.service.gov.uk/api/1.0/ocdsRecordPackages/ocds-h6vhtk-0510f8,KONGSBERG NORCONTROL LIMITED
Kongsberg Gruppen ASA,Norway,name,Government Commercial Agency,Space Technology Solutions,No end date,active,,active,,,GBP,False,50,goods,,,,,,,2026-10-01,ocds-h6vhtk-0510f8,74,,https://www.find-tender.service.gov.uk/api/1.0/ocdsRecordPackages/ocds-h6vhtk-0510f8,KONGSBERG NORCONTROL LIMITED
Kongsberg Gruppen ASA,Norway,name,Government Commercial Agency,Space Technology Solutions,No end date,active,,active,,,GBP,False,40,goods,,,,,,,2026-10-01,ocds-h6vhtk-0510f8,75,,https://www.find-tender.service.gov.uk/api/1.0/ocdsRecordPackages/ocds-h6vhtk-0510f8,KONGSBERG NORCONTROL LIMITED
Kongsberg Gruppen ASA,Norway,name,Government Commercial Agency,Space Technology Solutions,No end date,active,,active,,,GBP,False,57,goods,,,,,,,2026-10-01,ocds-h6vhtk-0510f8,76,,https://www.find-tender.service.gov.uk/api/1.0/ocdsRecordPackages/ocds-h6vhtk-0510f8,KONGSBERG NORCONTROL LIMITED
Kongsberg Gruppen ASA,Norway,name,Government Commercial Agency,Space Technology Solutions,No end date,active,,active,,,GBP,False,17,goods,,,,,,,2026-10-01,ocds-h6vhtk-0510f8,77,,https://www.find-tender.service.gov.uk/api/1.0/ocdsRecordPackages/ocds-h6vhtk-0510f8,KONGSBERG NORCONTROL LIMITED
Kongsberg Gruppen ASA,Norway,name,Government Commercial Agency,Space Technology Solutions,No end date,active,,active,,,GBP,False,37,goods,,,,,,,2026-10-01,ocds-h6vhtk-0510f8,78,,https://www.find-tender.service.gov.uk/api/1.0/ocdsRecordPackages/ocds-h6vhtk-0510f8,KONGSBERG NORCONTROL LIMITED
Kongsberg Gruppen ASA,Norway,name,Government Commercial Agency,Space Technology Solutions,No end date,active,,active,,,GBP,False,17,goods,,,,,,,2026-10-01,ocds-h6vhtk-0510f8,79,,https://www.find-tender.service.gov.uk/api/1.0/ocdsRecordPackages/ocds-h6vhtk-0510f8,KONGSBERG NORCONTROL LIMITED
Kongsberg Gruppen ASA,Norway,name,Government Commercial Agency,Space Technology Solutions,No end date,active,,active,,,GBP,False,29,goods,,,,,,,2026-10-01,ocds-h6vhtk-0510f8,80,,https://www.find-tender.service.gov.uk/api/1.0/ocdsRecordPackages/ocds-h6vhtk-0510f8,KONGSBERG NORCONTROL LIMITED
Kongsberg Gruppen ASA,Norway,name,Government Commercial Agency,Space Technology Solutions,No end date,active,,active,,,GBP,False,29,goods,,,,,,,2026-10-01,ocds-h6vhtk-0510f8,81,,https://www.find-tender.service.gov.uk/api/1.0/ocdsRecordPackages/ocds-h6vhtk-0510f8,KONGSBERG NORCONTROL LIMITED
Kongsberg Gruppen ASA,Norway,name,Government Commercial Agency,Space Technology Solutions,No end date,active,,active,,,GBP,False,40,goods,,,,,,,2026-10-01,ocds-h6vhtk-0510f8,82,,https://www.find-tender.service.gov.uk/api/1.0/ocdsRecordPackages/ocds-h6vhtk-0510f8,KONGSBERG NORCONTROL LIMITED
Kongsberg Gruppen ASA,Norway,name,Government Commercial Agency,Space Technology Solutions,No end date,active,,active,,,GBP,False,42,goods,,,,,,,2026-10-01,ocds-h6vhtk-0510f8,83,,https://www.find-tender.service.gov.uk/api/1.0/ocdsRecordPackages/ocds-h6vhtk-0510f8,KONGSBERG NORCONTROL LIMITED
Kongsberg Gruppen ASA,Norway,name,Government Commercial Agency,Space Technology Solutions,No end date,active,,active,,,GBP,False,42,goods,,,,,,,2026-10-01,ocds-h6vhtk-0510f8,84,,https://www.find-tender.service.gov.uk/api/1.0/ocdsRecordPackages/ocds-h6vhtk-0510f8,KONGSBERG NORCONTROL LIMITED
Kongsberg Gruppen ASA,Norway,name,Government Commercial Agency,Space Technology Solutions,No end date,active,,active,,,GBP,False,45,goods,,,,,,,2026-10-01,ocds-h6vhtk-0510f8,85,,https://www.find-tender.service.gov.uk/api/1.0/ocdsRecordPackages/ocds-h6vhtk-0510f8,KONGSBERG NORCONTROL LIMITED
Kongsberg Gruppen ASA,Norway,name,Government Commercial Agency,Space Technology Solutions,No end date,active,,active,,,GBP,False,19,goods,,,,,,,2026-10-01,ocds-h6vhtk-0510f8,86,,https://www.find-tender.service.gov.uk/api/1.0/ocdsRecordPackages/ocds-h6vhtk-0510f8,KONGSBERG NORCONTROL LIMITED
Kongsberg Gruppen ASA,Norway,name,Government Commercial Agency,Space Technology Solutions,No end date,active,,active,,,GBP,False,42,goods,,,,,,,2026-10-01,ocds-h6vhtk-0510f8,87,,https://www.find-tender.service.gov.uk/api/1.0/ocdsRecordPackages/ocds-h6vhtk-0510f8,KONGSBERG NORCONTROL LIMITED
Kongsberg Gruppen ASA,Norway,name,Government Commercial Agency,Space Technology Solutions,No end date,active,,active,,,GBP,False,51,goods,,,,,,,2026-10-01,ocds-h6vhtk-0510f8,88,,https://www.find-tender.service.gov.uk/api/1.0/ocdsRecordPackages/ocds-h6vhtk-0510f8,KONGSBERG NORCONTROL LIMITED
Kongsberg Gruppen ASA,Norway,name,Government Commercial Agency,Space Technology Solutions,No end date,active,,active,,,GBP,False,48,goods,,,,,,,2026-10-01,ocds-h6vhtk-0510f8,89,,https://www.find-tender.service.gov.uk/api/1.0/ocdsRecordPackages/ocds-h6vhtk-0510f8,KONGSBERG NORCONTROL LIMITED
Kongsberg Gruppen ASA,Norway,name,Government Commercial Agency,Space Technology Solutions,No end date,active,,active,,,GBP,False,43,goods,,,,,,,2026-10-01,ocds-h6vhtk-0510f8,90,,https://www.find-tender.service.gov.uk/api/1.0/ocdsRecordPackages/ocds-h6vhtk-0510f8,KONGSBERG NORCONTROL LIMITED
Kongsberg Gruppen ASA,Norway,name,Government Commercial Agency,Space Technology Solutions,No end date,active,,active,,,GBP,False,49,goods,,,,,,,2026-10-01,ocds-h6vhtk-0510f8,91,,https://www.find-tender.service.gov.uk/api/1.0/ocdsRecordPackages/ocds-h6vhtk-0510f8,KONGSBERG NORCONTROL LIMITED
Kongsberg Gruppen ASA,Norway,name,Government Commercial Agency,Space Technology Solutions,No end date,active,,active,,,GBP,False,53,goods,,,,,,,2026-10-01,ocds-h6vhtk-0510f8,92,,https://www.find-tender.service.gov.uk/api/1.0/ocdsRecordPackages/ocds-h6vhtk-0510f8,KONGSBERG NORCONTROL LIMITED
Kongsberg Gruppen ASA,Norway,name,Government Commercial Agency,Space Technology Solutions,No end date,active,,active,,,GBP,False,37,goods,,,,,,,2026-10-01,ocds-h6vhtk-0510f8,93,,https://www.find-tender.service.gov.uk/api/1.0/ocdsRecordPackages/ocds-h6vhtk-0510f8,KONGSBERG NORCONTROL LIMITED
Kongsberg Gruppen ASA,Norway,name,Government Commercial Agency,Space Technology Solutions,No end date,active,,active,,,GBP,False,38,goods,,,,,,,2026-10-01,ocds-h6vhtk-0510f8,94,,https://www.find-tender.service.gov.uk/api/1.0/ocdsRecordPackages/ocds-h6vhtk-0510f8,KONGSBERG NORCONTROL LIMITED
Kongsberg Gruppen ASA,Norway,name,Government Commercial Agency,Space Technology Solutions,No end date,active,,active,,,GBP,False,41,goods,,,,,,,2026-10-01,ocds-h6vhtk-0510f8,95,,https://www.find-tender.service.gov.uk/api/1.0/ocdsRecordPackages/ocds-h6vhtk-0510f8,KONGSBERG NORCONTROL LIMITED
Kongsberg Gruppen ASA,Norway,name,Government Commercial Agency,Space Technology Solutions,No end date,active,,active,,,GBP,False,28,goods,,,,,,,2026-10-01,ocds-h6vhtk-0510f8,96,,https://www.find-tender.service.gov.uk/api/1.0/ocdsRecordPackages/ocds-h6vhtk-0510f8,KONGSBERG NORCONTROL LIMITED
Kongsberg Gruppen ASA,Norway,name,Government Commercial Agency,Space Technology Solutions,No end date,active,,active,,,GBP,False,37,goods,,,,,,,2026-10-01,ocds-h6vhtk-0510f8,97,,https://www.find-tender.service.gov.uk/api/1.0/ocdsRecordPackages/ocds-h6vhtk-0510f8,KONGSBERG NORCONTROL LIMITED
Kongsberg Gruppen ASA,Norway,name,Government Commercial Agency,Space Technology Solutions,No end date,active,,active,,,GBP,False,34,goods,,,,,,,2026-10-01,ocds-h6vhtk-0510f8,98,,https://www.find-tender.service.gov.uk/api/1.0/ocdsRecordPackages/ocds-h6vhtk-0510f8,KONGSBERG NORCONTROL LIMITED
Kongsberg Gruppen ASA,Norway,name,Government Commercial Agency,Space Technology Solutions,No end date,active,,active,,,GBP,False,41,goods,,,,,,,2026-10-01,ocds-h6vhtk-0510f8,99,,https://www.find-tender.service.gov.uk/api/1.0/ocdsRecordPackages/ocds-h6vhtk-0510f8,KONGSBERG NORCONTROL LIMITED
Kongsberg Gruppen ASA,Norway,name,Government Commercial Agency,Space Technology Solutions,No end date,active,,active,,,GBP,False,28,goods,,,,,,,2026-10-01,ocds-h6vhtk-0510f8,100,,https://www.find-tender.service.gov.uk/api/1.0/ocdsRecordPackages/ocds-h6vhtk-0510f8,KONGSBERG NORCONTROL LIMITED
Kongsberg Gruppen ASA,Norway,name,Government Commercial Agency,Space Technology Solutions,No end date,active,,active,,,GBP,False,45,goods,,,,,,,2026-10-01,ocds-h6vhtk-0510f8,101,,https://www.find-tender.service.gov.uk/api/1.0/ocdsRecordPackages/ocds-h6vhtk-0510f8,KONGSBERG NORCONTROL LIMITED
Kongsberg Gruppen ASA,Norway,name,Government Commercial Agency,Space Technology Solutions,No end date,active,,active,,,GBP,False,71,goods,,,,,,,2026-10-01,ocds-h6vhtk-0510f8,102,,https://www.find-tender.service.gov.uk/api/1.0/ocdsRecordPackages/ocds-h6vhtk-0510f8,KONGSBERG NORCONTROL LIMITED
Kongsberg Gruppen ASA,Norway,name,Government Commercial Agency,Space Technology Solutions,No end date,active,,active,,,GBP,False,88,goods,,,,,,,2026-10-01,ocds-h6vhtk-0510f8,103,,https://www.find-tender.service.gov.uk/api/1.0/ocdsRecordPackages/ocds-h6vhtk-0510f8,KONGSBERG NORCONTROL LIMITED
Kongsberg Gruppen ASA,Norway,name,Government Commercial Agency,Space Technology Solutions,No end date,active,,active,,,GBP,False,65,goods,,,,,,,2026-10-01,ocds-h6vhtk-0510f8,104,,https://www.find-tender.service.gov.uk/api/1.0/ocdsRecordPackages/ocds-h6vhtk-0510f8,KONGSBERG NORCONTROL LIMITED
Kongsberg Gruppen ASA,Norway,name,Government Commercial Agency,Space Technology Solutions,No end date,active,,active,,,GBP,False,43,goods,,,,,,,2026-10-01,ocds-h6vhtk-0510f8,105,,https://www.find-tender.service.gov.uk/api/1.0/ocdsRecordPackages/ocds-h6vhtk-0510f8,KONGSBERG NORCONTROL LIMITED
Kongsberg Gruppen ASA,Norway,name,Government Commercial Agency,Space Technology Solutions,No end date,active,,active,,,GBP,False,87,goods,,,,,,,2026-10-01,ocds-h6vhtk-0510f8,106,,https://www.find-tender.service.gov.uk/api/1.0/ocdsRecordPackages/ocds-h6vhtk-0510f8,KONGSBERG NORCONTROL LIMITED
Kongsberg Gruppen ASA,Norway,name,Government Commercial Agency,Space Technology Solutions,No end date,active,,active,,,GBP,False,39,goods,,,,,,,2026-10-01,ocds-h6vhtk-0510f8,107,,https://www.find-tender.service.gov.uk/api/1.0/ocdsRecordPackages/ocds-h6vhtk-0510f8,KONGSBERG NORCONTROL LIMITED
Kongsberg Gruppen ASA,Norway,name,Government Commercial Agency,Space Technology Solutions,No end date,active,,active,,,GBP,False,36,goods,,,,,,,2026-10-01,ocds-h6vhtk-0510f8,108,,https://www.find-tender.service.gov.uk/api/1.0/ocdsRecordPackages/ocds-h6vhtk-0510f8,KONGSBERG NORCONTROL LIMITED
Kongsberg Gruppen ASA,Norway,name,Government Commercial Agency,Space Technology Solutions,No end date,active,,active,,,GBP,False,67,goods,,,,,,,2026-10-01,ocds-h6vhtk-0510f8,109,,https://www.find-tender.service.gov.uk/api/1.0/ocdsRecordPackages/ocds-h6vhtk-0510f8,KONGSBERG NORCONTROL LIMITED
Kongsberg Gruppen ASA,Norway,name,Government Commercial Agency,Space Technology Solutions,No end date,active,,active,,,GBP,False,18,goods,,,,,,,2026-10-01,ocds-h6vhtk-0510f8,110,,https://www.find-tender.service.gov.uk/api/1.0/ocdsRecordPackages/ocds-h6vhtk-0510f8,KONGSBERG NORCONTROL LIMITED
Kongsberg Gruppen ASA,Norway,name,Government Commercial Agency,Space Technology Solutions,No end date,active,,active,,,GBP,False,65,goods,,,,,,,2026-10-01,ocds-h6vhtk-0510f8,111,,https://www.find-tender.service.gov.uk/api/1.0/ocdsRecordPackages/ocds-h6vhtk-0510f8,KONGSBERG NORCONTROL LIMITED
Kongsberg Gruppen ASA,Norway,name,Government Commercial Agency,Space Technology Solutions,No end date,active,,active,,,GBP,False,36,goods,,,,,,,2026-10-01,ocds-h6vhtk-0510f8,112,,https://www.find-tender.service.gov.uk/api/1.0/ocdsRecordPackages/ocds-h6vhtk-0510f8,KONGSBERG NORCONTROL LIMITED
Kongsberg Gruppen ASA,Norway,name,Government Commercial Agency,Space Technology Solutions,No end date,active,,active,,,GBP,False,38,goods,,,,,,,2026-10-01,ocds-h6vhtk-0510f8,113,,https://www.find-tender.service.gov.uk/api/1.0/ocdsRecordPackages/ocds-h6vhtk-0510f8,KONGSBERG NORCONTROL LIMITED
Kongsberg Gruppen ASA,Norway,name,Government Commercial Agency,Space Technology Solutions,No end date,active,,active,,,GBP,False,83,goods,,,,,,,2026-10-01,ocds-h6vhtk-0510f8,114,,https://www.find-tender.service.gov.uk/api/1.0/ocdsRecordPackages/ocds-h6vhtk-0510f8,KONGSBERG NORCONTROL LIMITED
Kongsberg Gruppen ASA,Norway,name,Government Commercial Agency,Space Technology Solutions,No end date,active,,active,,,GBP,False,86,goods,,,,,,,2026-10-01,ocds-h6vhtk-0510f8,115,,https://www.find-tender.service.gov.uk/api/1.0/ocdsRecordPackages/ocds-h6vhtk-0510f8,KONGSBERG NORCONTROL LIMITED
Kongsberg Gruppen ASA,Norway,name,Government Commercial Agency,Space Technology Solutions,No end date,active,,active,,,GBP,False,45,goods,,,,,,,2026-10-01,ocds-h6vhtk-0510f8,116,,https://www.find-tender.service.gov.uk/api/1.0/ocdsRecordPackages/ocds-h6vhtk-0510f8,KONGSBERG NORCONTROL LIMITED
Kongsberg Gruppen ASA,Norway,name,Government Commercial Agency,Space Technology Solutions,No end date,active,,active,,,GBP,False,31,goods,,,,,,,2026-10-01,ocds-h6vhtk-0510f8,117,,https://www.find-tender.service.gov.uk/api/1.0/ocdsRecordPackages/ocds-h6vhtk-0510f8,KONGSBERG NORCONTROL LIMITED
Kongsberg Gruppen ASA,Norway,name,Government Commercial Agency,Space Technology Solutions,No end date,active,,active,,,GBP,False,32,goods,,,,,,,2026-10-01,ocds-h6vhtk-0510f8,118,,https://www.find-tender.service.gov.uk/api/1.0/ocdsRecordPackages/ocds-h6vhtk-0510f8,KONGSBERG NORCONTROL LIMITED
Kongsberg Gruppen ASA,Norway,name,Government Commercial Agency,Space Technology Solutions,No end date,active,,active,,,GBP,False,37,goods,,,,,,,2026-10-01,ocds-h6vhtk-0510f8,119,,https://www.find-tender.service.gov.uk/api/1.0/ocdsRecordPackages/ocds-h6vhtk-0510f8,KONGSBERG NORCONTROL LIMITED
Kongsberg Gruppen ASA,Norway,name,Government Commercial Agency,Space Technology Solutions,No end date,active,,active,,,GBP,False,27,goods,,,,,,,2026-10-01,ocds-h6vhtk-0510f8,120,,https://www.find-tender.service.gov.uk/api/1.0/ocdsRecordPackages/ocds-h6vhtk-0510f8,KONGSBERG NORCONTROL LIMITED
Kongsberg Gruppen ASA,Norway,name,Government Commercial Agency,Space Technology Solutions,No end date,active,,active,,,GBP,False,37,goods,,,,,,,2026-10-01,ocds-h6vhtk-0510f8,121,,https://www.find-tender.service.gov.uk/api/1.0/ocdsRecordPackages/ocds-h6vhtk-0510f8,KONGSBERG NORCONTROL LIMITED
Kongsberg Gruppen ASA,Norway,name,Government Commercial Agency,Space Technology Solutions,No end date,active,,active,,,GBP,False,31,goods,,,,,,,2026-10-01,ocds-h6vhtk-0510f8,122,,https://www.find-tender.service.gov.uk/api/1.0/ocdsRecordPackages/ocds-h6vhtk-0510f8,KONGSBERG NORCONTROL LIMITED
Kongsberg Gruppen ASA,Norway,name,Government Commercial Agency,Space Technology Solutions,No end date,active,,active,,,GBP,False,45,goods,,,,,,,2026-10-01,ocds-h6vhtk-0510f8,123,,https://www.find-tender.service.gov.uk/api/1.0/ocdsRecordPackages/ocds-h6vhtk-0510f8,KONGSBERG NORCONTROL LIMITED
Kongsberg Gruppen ASA,Norway,name,Government Commercial Agency,Space Technology Solutions,No end date,active,,active,,,GBP,False,31,goods,,,,,,,2026-10-01,ocds-h6vhtk-0510f8,124,,https://www.find-tender.service.gov.uk/api/1.0/ocdsRecordPackages/ocds-h6vhtk-0510f8,KONGSBERG NORCONTROL LIMITED
Kongsberg Gruppen ASA,Norway,name,Government Commercial Agency,Space Technology Solutions,No end date,active,,active,,,GBP,False,41,goods,,,,,,,2026-10-01,ocds-h6vhtk-0510f8,125,,https://www.find-tender.service.gov.uk/api/1.0/ocdsRecordPackages/ocds-h6vhtk-0510f8,KONGSBERG NORCONTROL LIMITED
Kongsberg Gruppen ASA,Norway,name,Government Commercial Agency,Space Technology Solutions,No end date,active,,active,,,GBP,False,48,goods,,,,,,,2026-10-01,ocds-h6vhtk-0510f8,126,,https://www.find-tender.service.gov.uk/api/1.0/ocdsRecordPackages/ocds-h6vhtk-0510f8,KONGSBERG NORCONTROL LIMITED
Kongsberg Gruppen ASA,Norway,name,Government Commercial Agency,Space Technology Solutions,No end date,active,,active,,,GBP,False,41,goods,,,,,,,2026-10-01,ocds-h6vhtk-0510f8,127,,https://www.find-tender.service.gov.uk/api/1.0/ocdsRecordPackages/ocds-h6vhtk-0510f8,KONGSBERG NORCONTROL LIMITED
Kongsberg Gruppen ASA,Norway,name,HARWICH HAVEN AUTHORITY,Replacement system solution in support of Harwich Haven Authority's Vessel Traffic Service (VTS) and supporting services,No end date,active,active,complete,1720750.0,contract,GBP,False,1,goods,,2022-07-12,,,,,2022-08-03,ocds-h6vhtk-02c54c,021223-2022-1,021223-2022-1,https://www.find-tender.service.gov.uk/Notice/021223-2022,Kongsberg Norcontrol Limited
Kongsberg Gruppen ASA,Norway,name,Ministry of Defence,Procurement of 3rd AUV under project sustain,No end date,active,active,complete,16000000.0,contract,GBP,False,1,goods,,2023-01-23,,,,,2023-01-23,ocds-h6vhtk-0399cf,002035-2023-706618450-1,002035-2023-706618450-1,https://www.find-tender.service.gov.uk/Notice/002035-2023,Kongsberg Maritime AS
L3Harris Technologies Inc,USA,name,"Ministry of Defence, Mine Hunting Capability Team",MHC Procurement of IVER Autonomous Underwater Vehicles (AUVs),No end date,active,active,complete,,,GBP,False,1,goods,,2022-09-02,,,,,2022-11-25,ocds-h6vhtk-036541,024618-2022-704391450-1,024618-2022-704391450-1,https://www.find-tender.service.gov.uk/Notice/024618-2022,L3Harris ASV
L3Harris Technologies Inc,USA,name,Ministry of Defence,705165452 - MADFOX Support,No end date,active,active,complete,371676.12,contract,GBP,False,1,services,,2022-12-14,,,,,2023-09-12,ocds-h6vhtk-038d87,035421-2022-1,035421-2022-1,https://www.find-tender.service.gov.uk/Notice/035421-2022,L3 Harris Autonomous Surface Vehicles Ltd
L3Harris Technologies Inc,USA,name,Ministry of Defence,MADFOX Support,No end date,active,active,complete,22388.0,contract,GBP,False,1,services,,2023-03-09,,,,,2023-09-12,ocds-h6vhtk-038d87,026951-2023-705165452-1,026951-2023-705165452-1,https://www.find-tender.service.gov.uk/Notice/026951-2023,L3 Harris Autonomous Surface Vehicles Ltd
L3Harris Technologies Inc,USA,name,Ministry of Defence,The Provision of  Explosives Ordnance Disposal  Remote Controlled Vehicle  In-Service Support,No end date,active,active,complete,15337000.0,contract,GBP,False,1,services,,2024-10-09,,,,,2024-10-09,ocds-h6vhtk-04a736,032456-2024-712283451-1,032456-2024-712283451-1,https://www.find-tender.service.gov.uk/Notice/032456-2024,L3 Harris Technologies Inc
L3Harris Technologies Inc,USA,name,Ministry of Defence,The Provision of Multi-Mode Radio (MMR) and Associated Ancillaries,No end date,active,active,,79269068.01,contract,GBP,False,1,goods,,2022-06-30,,,,,2022-07-25,ocds-h6vhtk-03555f,020151-2022-704292450-1,020151-2022-704292450-1,https://www.find-tender.service.gov.uk/Notice/020151-2022,L3Harris Communications Systems UK Limited
L3Harris Technologies Inc,USA,name,Ministry of Defence,The Provision of 12 months Technical Support to Joint Common Remote Viewing Terminal (JCRVT),No end date,active,active,complete,1250000.0,contract,GBP,False,1,services,,2023-04-27,,,,,2023-12-04,ocds-h6vhtk-03c4bd,012147-2023-1,012147-2023-1,https://www.find-tender.service.gov.uk/Notice/012147-2023,L3Harris
L3Harris Technologies Inc,USA,name,MINISTRY OF DEFENCE,29 month in-service support to the Joint Common Remote Viewing Terminal (JCRVT),No end date,active,active,complete,2564166.67,contract,GBP,False,1,services,,2024-07-23,,,,,2024-08-08,ocds-h6vhtk-0488ff,025060-2024-1,025060-2024-1,https://www.find-tender.service.gov.uk/Notice/025060-2024,L3Harris Communications Systems UK Limited
L3Harris Technologies Inc,USA,name,Ministry of Defence,Fast Maritime Target Drone (FMTD) Support,No end date,active,active,complete,945750.0,contract,GBP,False,1,services,,2023-03-27,,,,,2023-10-14,ocds-h6vhtk-03b654,008849-2023-1,008849-2023-1,https://www.find-tender.service.gov.uk/Notice/008849-2023,L3Harris Autonomous Surface Vehicles Limited
L3Harris Technologies Inc,USA,name,Ministry of Defence,Fast Maritime Target Drone (FMTD) Support,No end date,active,active,complete,945750.0,contract,GBP,False,1,services,,2023-09-25,,,,,2023-10-14,ocds-h6vhtk-03b654,030376-2023-707333450-1,030376-2023-707333450-1,https://www.find-tender.service.gov.uk/Notice/030376-2023,L3Harris Autonomous Surface Vehicles Ltd
L3Harris Technologies Inc,USA,name,Ministry of Defence,Procurement of Link 16 Tactical Data Links with Technical Assistance,No end date,active,active,complete,15000000.0,contract,GBP,False,1,goods,,2023-10-19,,,,,2023-10-19,ocds-h6vhtk-040d85,030948-2023-1,030948-2023-1,https://www.find-tender.service.gov.uk/Notice/030948-2023,L3 Harris Communications Systems UK Limited
L3Harris Technologies Inc,USA,name,Ministry of Defence,Provision of Multi-Mode Radio Post Design Support (MMR PDS),No end date,active,active,complete,2427467.2,contract,GBP,False,1,goods,,2025-07-28,,,,,2025-07-28,ocds-h6vhtk-05678d,043658-2025-1,043658-2025-1,https://www.find-tender.service.gov.uk/Notice/043658-2025,L3Harris Communications Systems UK Limited
L3Harris Technologies Inc,USA,name,Ministry of Defence,Procurement of Paveway IV Consumables,No end date,active,active,,156548.41,contract,GBP,False,1,goods,,2022-03-31,,,,,2022-05-23,ocds-h6vhtk-033cda,013877-2022-1,013877-2022-1,https://www.find-tender.service.gov.uk/Notice/013877-2022,L3HARRIS RELEASE & INTEGRATED SOLUTIONS LTD.
L3Harris Technologies Inc,USA,name,Ministry of Defence,Flightlens and Rover Apps License Procurement,No end date,active,active,complete,800000.0,contract,USD,False,1,goods,,2025-02-04,,,,,2025-02-04,ocds-h6vhtk-04db5b,003593-2025-1,003593-2025-1,https://www.find-tender.service.gov.uk/Notice/003593-2025,L3 Harris Technologies Inc
L3Harris Technologies Inc,USA,name,West Yorkshire Combined Authority,BLC0244 Fixed Wing Camera Support,No end date,active,active,complete,552731.0,contract,GBP,False,1,services,,2025-07-14,,,,,2025-08-14,ocds-h6vhtk-0587c8,048702-2025-BLC0244-1,048702-2025-BLC0244-1,https://www.find-tender.service.gov.uk/Notice/048702-2025,L3 Harris Technologies
Leonardo SpA,Italy,name,Ministry of Defence,Merlin Out of Service Extension Programme,No end date,active,active,complete,1861065.0,contract,GBP,False,1,services,,2023-07-04,,,,,2023-07-04,ocds-h6vhtk-03dec5,019037-2023-708472450-1,019037-2023-708472450-1,https://www.find-tender.service.gov.uk/Notice/019037-2023,Leonardo helicopters
Leonardo SpA,Italy,name,Ministry of Defence,PROJECT VENTUS,No end date,active,active,complete,800000.0,contract,GBP,False,1,services,,2023-12-01,,,,,2024-02-19,ocds-h6vhtk-042119,035528-2023-709298450-1,035528-2023-709298450-1,https://www.find-tender.service.gov.uk/Notice/035528-2023,Leonardo UK
Leonardo SpA,Italy,name,Ministry of Defence,PROJECT VENTUS,No end date,active,active,complete,500000.0,contract,GBP,False,1,services,,2024-02-14,,,,,2024-02-19,ocds-h6vhtk-042119,005361-2024-709298450-1,005361-2024-709298450-1,https://www.find-tender.service.gov.uk/Notice/005361-2024,Leonardo UK Ltd
Leonardo SpA,Italy,name,Ministry of Defence,Merlin Out of Service Extension Programme,No end date,active,active,complete,1000000.0,contract,GBP,False,1,services,,2022-02-21,,,,,2024-08-19,ocds-h6vhtk-0491c3,026310-2024-708472450-1,026310-2024-708472450-1,https://www.find-tender.service.gov.uk/Notice/026310-2024,Leonardo Helicopter UK
Leonardo SpA,Italy,check,UK Research & Innovation,UKRI-4503 10J Laser Diode System,No end date,active,active,complete,499799.0,contract,USD,False,1,goods,,2024-12-09,,,,,2024-12-10,ocds-h6vhtk-04c619,039793-2024-UKRI-4503-1,039793-2024-UKRI-4503-1,https://www.find-tender.service.gov.uk/Notice/039793-2024,Leonardo Electronics US Inc
Leonardo SpA,Italy,name,Ministry of Defence,ELECTRO OPTIC SENSOR TURRET (EOST) SYSTEM STATEMENT OF REQUIREMENT (SOR),No end date,active,active,complete,,,GBP,False,1,services,,2022-07-25,,,,,2023-07-10,ocds-h6vhtk-035554,020140-2022-CHC/648-1,020140-2022-CHC/648-1,https://www.find-tender.service.gov.uk/Notice/020140-2022,Leonardo UK Ltd
Leonardo SpA,Italy,name,Ministry of Defence,"CHC/648 Provision of Support, Repairs & Spares of the Electro-Optic Sensor Turret (EOST)",No end date,active,active,complete,4025399.0,contract,GBP,False,1,services,,2023-05-23,,,,,2023-07-10,ocds-h6vhtk-035554,019600-2023-703918454-1,019600-2023-703918454-1,https://www.find-tender.service.gov.uk/Notice/019600-2023,Leonardo UK
Leonardo SpA,Italy,name,University of Exeter,APD Detector Arrays for interferometric imaging,No end date,active,active,complete,316350.0,contract,GBP,False,1,goods,,2022-12-19,,,,,2022-12-19,ocds-h6vhtk-039266,035834-2022-1,035834-2022-1,https://www.find-tender.service.gov.uk/Notice/035834-2022,Leonardo UK Ltd
Leonardo SpA,Italy,name,Ministry of Defence,"The provision of specialist engineering, technical and scientific support services to Air Platform Protection (APP) Test and Evaluation Squadron (TES) Typhoon Counter Measures Development Rig (CMDR) f",No end date,active,active,complete,,,GBP,False,1,services,,2023-07-11,,,,,2023-07-11,ocds-h6vhtk-03e0d4,019844-2023-708293450-1,019844-2023-708293450-1,https://www.find-tender.service.gov.uk/Notice/019844-2023,Leonardo UK Ltd
Leonardo SpA,Italy,name,Ministry of Defence,https://des.mod.uk/,No end date,active,active,complete,15000000.0,contract,GBP,False,1,goods,,2023-09-06,,,,,2024-04-02,ocds-h6vhtk-0401e6,027601-2023-703219450-1,027601-2023-703219450-1,https://www.find-tender.service.gov.uk/Notice/027601-2023,Leonardo UK Ltd
Leonardo SpA,Italy,name,Ministry of Defence,Queen Elizabeth Class (QEC) Identification Friend of Foe (IFF) Interim Support Phase 2,No end date,active,active,complete,3500000.0,contract,GBP,False,1,goods,,2023-11-13,,,,,2023-11-13,ocds-h6vhtk-0417ad,033420-2023-708289450-1,033420-2023-708289450-1,https://www.find-tender.service.gov.uk/Notice/033420-2023,Leonardo UK Ltd.
Leonardo SpA,Italy,check,Ministry of Defence,Ground Training and Maintenance Support 2 (GTMS2),No end date,active,active,active,7570012.89,contract,GBP,False,1,services,,2025-12-22,,,,,2026-01-22,ocds-h6vhtk-048552,005809-2026-711435452-1,005809-2026-711435452-1,https://www.find-tender.service.gov.uk/Notice/005809-2026,Leonardo International Ltd
Leonardo SpA,Italy,name,Ministry of Defence,A400M Future Integrated Review Defensive Aid Suites (IR DAS),No end date,active,active,complete,1300000.0,contract,GBP,False,1,services,,2024-11-27,,,,,2024-11-27,ocds-h6vhtk-04c08f,038350-2024-1,038350-2024-1,https://www.find-tender.service.gov.uk/Notice/038350-2024,Leonardo UK
Leonardo SpA,Italy,name,Ministry of Defence,"Post Design Services, Spares and Repairs for legacy external communication outfits",No end date,active,active,complete,1500000.0,contract,GBP,False,1,services,,2024-12-20,,,,,2024-12-20,ocds-h6vhtk-04c9ff,041142-2024-CSA/1112-1,041142-2024-CSA/1112-1,https://www.find-tender.service.gov.uk/Notice/041142-2024,Leonardo UK Ltd
Leonardo SpA,Italy,name,Ministry of Defence,Merlin Out Of Service Extension Programme (OSDEP) Assessment Phase 2,No end date,active,active,complete,14612024.0,contract,GBP,False,1,services,,2025-06-02,,,,,2025-06-25,ocds-h6vhtk-055379,035099-2025-711761450-1,035099-2025-711761450-1,https://www.find-tender.service.gov.uk/Notice/035099-2025,Leonardo UK Ltd
Leonardo SpA,Italy,name,Ministry of Defence,Apache IOS Data Enabling Agreement,No end date,active,active,complete,40000.0,contract,GBP,False,1,services,,2025-10-06,,,,,2025-10-06,ocds-h6vhtk-05a90c,062649-2025-714104451-1,062649-2025-714104451-1,https://www.find-tender.service.gov.uk/Notice/062649-2025,Leonardo UK Ltd
Leonardo SpA,Italy,name,Ministry of Defence,QEC Identification Friend or Foe (IFF) In Service Support,No end date,active,active,complete,298539.0,contract,GBP,False,1,goods,,2021-11-11,,,,,2021-11-16,ocds-h6vhtk-02b37c,028644-2021-701555429-1,028644-2021-701555429-1,https://www.find-tender.service.gov.uk/Notice/028644-2021,Leonardo UK Ltd.
Leonardo SpA,Italy,name,Ministry of Defence,23938004.08,No end date,active,active,complete,23938004.08,contract,GBP,False,1,services,,2021-12-21,,,,,2021-12-22,ocds-h6vhtk-03050f,032152-2021-701561417-1,032152-2021-701561417-1,https://www.find-tender.service.gov.uk/Notice/032152-2021,Leonardo UK
Leonardo SpA,Italy,name,Ministry of Defence,Typhoon Offline Mission Data Evaluation Tool,No end date,active,active,complete,2500000.0,contract,GBP,False,1,services,,2022-08-05,,,,,2022-08-12,ocds-h6vhtk-035b4b,022262-2022-1-1,022262-2022-1-1,https://www.find-tender.service.gov.uk/Notice/022262-2022,Leonardo UK Ltd
Leonardo SpA,Italy,name,Ministry of Defence,Provision of In-Service Support (ISS) to Sky Guardian 200D (SG200D),No end date,active,active,complete,18290000.0,contract,GBP,False,1,services,,2022-04-06,,,,,2022-04-11,ocds-h6vhtk-032bfe,009571-2022-703604451-1,009571-2022-703604451-1,https://www.find-tender.service.gov.uk/Notice/009571-2022,Leonardo UK Limited
Leonardo SpA,Italy,name,Ministry of Defence,GSA8 ISS,No end date,active,active,complete,2040991.89,contract,GBP,False,1,services,,2023-02-01,,,,,2023-02-22,ocds-h6vhtk-03a768,005271-2023-705060450-1,005271-2023-705060450-1,https://www.find-tender.service.gov.uk/Notice/005271-2023,Leonardo UK Ltd
Leonardo SpA,Italy,name,Ministry of Defence,Lower V/UHF Antenna,No end date,active,active,,1068114.0,contract,GBP,False,1,goods,,2023-11-16,,,,,2023-11-24,ocds-h6vhtk-041c8a,034776-2023-709373451-1,034776-2023-709373451-1,https://www.find-tender.service.gov.uk/Notice/034776-2023,Leonardo Helicopters Ltd
Leonardo SpA,Italy,name,Ministry of Defence,OSDEP AP 2,No end date,active,active,complete,50000000.0,contract,GBP,False,1,services,,2024-10-29,,,,,2024-10-29,ocds-h6vhtk-04b239,035015-2024-711761450-1,035015-2024-711761450-1,https://www.find-tender.service.gov.uk/Notice/035015-2024,Leonardo Helicopters
Lockheed Martin Corp,USA,name,Ministry of Defence,Merlin Out of Service Extension Programme,No end date,active,active,complete,1000000.0,contract,GBP,False,1,services,,2024-02-21,,,,,2024-08-19,ocds-h6vhtk-0491d1,026335-2024-708470451-1,026335-2024-708470451-1,https://www.find-tender.service.gov.uk/Notice/026335-2024,Lockheed Martin
Lockheed Martin Corp,USA,name,Ministry of Defence,Protected and Modified Civilian Profile Vehicles Procurement Framework Agreement,No end date,active,active,complete,76000000.0,contract,GBP,True,11,goods,,2025-10-01,,,,,2025-11-18,ocds-h6vhtk-04dba9,074919-2025-711646450-1,074919-2025-711646450-1,https://www.find-tender.service.gov.uk/Notice/074919-2025,Lockheed Martin UK Ampthill Limited
Lockheed Martin Corp,USA,name,Ministry of Defence,Defence Air Weapon Safety Support (DAWSS),No end date,active,active,complete,,,GBP,False,1,services,,2025-02-24,,,,,2025-02-24,ocds-h6vhtk-04e780,007044-2025-1,007044-2025-1,https://www.find-tender.service.gov.uk/Notice/007044-2025,Lockheed Martin UK Ampthill
Lockheed Martin Corp,USA,name,Government Commercial Agency,Space Technology Solutions,No end date,active,,active,,,GBP,False,47,goods,,,,,,,2026-10-01,ocds-h6vhtk-0510f8,1,,https://www.find-tender.service.gov.uk/api/1.0/ocdsRecordPackages/ocds-h6vhtk-0510f8,LOCKHEED MARTIN UK LIMITED
Lockheed Martin Corp,USA,name,Government Commercial Agency,Space Technology Solutions,No end date,active,,active,,,GBP,False,37,goods,,,,,,,2026-10-01,ocds-h6vhtk-0510f8,2,,https://www.find-tender.service.gov.uk/api/1.0/ocdsRecordPackages/ocds-h6vhtk-0510f8,LOCKHEED MARTIN UK LIMITED
Lockheed Martin Corp,USA,name,Government Commercial Agency,Space Technology Solutions,No end date,active,,active,,,GBP,False,30,goods,,,,,,,2026-10-01,ocds-h6vhtk-0510f8,3,,https://www.find-tender.service.gov.uk/api/1.0/ocdsRecordPackages/ocds-h6vhtk-0510f8,LOCKHEED MARTIN UK LIMITED
Lockheed Martin Corp,USA,name,Government Commercial Agency,Space Technology Solutions,No end date,active,,active,,,GBP,False,32,goods,,,,,,,2026-10-01,ocds-h6vhtk-0510f8,4,,https://www.find-tender.service.gov.uk/api/1.0/ocdsRecordPackages/ocds-h6vhtk-0510f8,LOCKHEED MARTIN UK LIMITED
Lockheed Martin Corp,USA,name,Government Commercial Agency,Space Technology Solutions,No end date,active,,active,,,GBP,False,50,goods,,,,,,,2026-10-01,ocds-h6vhtk-0510f8,5,,https://www.find-tender.service.gov.uk/api/1.0/ocdsRecordPackages/ocds-h6vhtk-0510f8,LOCKHEED MARTIN UK LIMITED
Lockheed Martin Corp,USA,name,Government Commercial Agency,Space Technology Solutions,No end date,active,,active,,,GBP,False,95,goods,,,,,,,2026-10-01,ocds-h6vhtk-0510f8,6,,https://www.find-tender.service.gov.uk/api/1.0/ocdsRecordPackages/ocds-h6vhtk-0510f8,LOCKHEED MARTIN UK LIMITED
Lockheed Martin Corp,USA,name,Government Commercial Agency,Space Technology Solutions,No end date,active,,active,,,GBP,False,57,goods,,,,,,,2026-10-01,ocds-h6vhtk-0510f8,7,,https://www.find-tender.service.gov.uk/api/1.0/ocdsRecordPackages/ocds-h6vhtk-0510f8,LOCKHEED MARTIN UK LIMITED
Lockheed Martin Corp,USA,name,Government Commercial Agency,Space Technology Solutions,No end date,active,,active,,,GBP,False,66,goods,,,,,,,2026-10-01,ocds-h6vhtk-0510f8,8,,https://www.find-tender.service.gov.uk/api/1.0/ocdsRecordPackages/ocds-h6vhtk-0510f8,LOCKHEED MARTIN UK LIMITED
Lockheed Martin Corp,USA,name,Government Commercial Agency,Space Technology Solutions,No end date,active,,active,,,GBP,False,23,goods,,,,,,,2026-10-01,ocds-h6vhtk-0510f8,9,,https://www.find-tender.service.gov.uk/api/1.0/ocdsRecordPackages/ocds-h6vhtk-0510f8,LOCKHEED MARTIN UK LIMITED
Lockheed Martin Corp,USA,name,Government Commercial Agency,Space Technology Solutions,No end date,active,,active,,,GBP,False,41,goods,,,,,,,2026-10-01,ocds-h6vhtk-0510f8,10,,https://www.find-tender.service.gov.uk/api/1.0/ocdsRecordPackages/ocds-h6vhtk-0510f8,LOCKHEED MARTIN UK LIMITED
Lockheed Martin Corp,USA,name,Government Commercial Agency,Space Technology Solutions,No end date,active,,active,,,GBP,False,20,goods,,,,,,,2026-10-01,ocds-h6vhtk-0510f8,11,,https://www.find-tender.service.gov.uk/api/1.0/ocdsRecordPackages/ocds-h6vhtk-0510f8,LOCKHEED MARTIN UK LIMITED
Lockheed Martin Corp,USA,name,Government Commercial Agency,Space Technology Solutions,No end date,active,,active,,,GBP,False,40,goods,,,,,,,2026-10-01,ocds-h6vhtk-0510f8,12,,https://www.find-tender.service.gov.uk/api/1.0/ocdsRecordPackages/ocds-h6vhtk-0510f8,LOCKHEED MARTIN UK LIMITED
Lockheed Martin Corp,USA,name,Government Commercial Agency,Space Technology Solutions,No end date,active,,active,,,GBP,False,62,goods,,,,,,,2026-10-01,ocds-h6vhtk-0510f8,13,,https://www.find-tender.service.gov.uk/api/1.0/ocdsRecordPackages/ocds-h6vhtk-0510f8,LOCKHEED MARTIN UK LIMITED
Lockheed Martin Corp,USA,name,Government Commercial Agency,Space Technology Solutions,No end date,active,,active,,,GBP,False,27,goods,,,,,,,2026-10-01,ocds-h6vhtk-0510f8,14,,https://www.find-tender.service.gov.uk/api/1.0/ocdsRecordPackages/ocds-h6vhtk-0510f8,LOCKHEED MARTIN UK LIMITED
Lockheed Martin Corp,USA,name,Government Commercial Agency,Space Technology Solutions,No end date,active,,active,,,GBP,False,22,goods,,,,,,,2026-10-01,ocds-h6vhtk-0510f8,15,,https://www.find-tender.service.gov.uk/api/1.0/ocdsRecordPackages/ocds-h6vhtk-0510f8,LOCKHEED MARTIN UK LIMITED
Lockheed Martin Corp,USA,name,Government Commercial Agency,Space Technology Solutions,No end date,active,,active,,,GBP,False,17,goods,,,,,,,2026-10-01,ocds-h6vhtk-0510f8,16,,https://www.find-tender.service.gov.uk/api/1.0/ocdsRecordPackages/ocds-h6vhtk-0510f8,LOCKHEED MARTIN UK LIMITED
Lockheed Martin Corp,USA,name,Government Commercial Agency,Space Technology Solutions,No end date,active,,active,,,GBP,False,38,goods,,,,,,,2026-10-01,ocds-h6vhtk-0510f8,17,,https://www.find-tender.service.gov.uk/api/1.0/ocdsRecordPackages/ocds-h6vhtk-0510f8,LOCKHEED MARTIN UK LIMITED
Lockheed Martin Corp,USA,name,Government Commercial Agency,Space Technology Solutions,No end date,active,,active,,,GBP,False,49,goods,,,,,,,2026-10-01,ocds-h6vhtk-0510f8,18,,https://www.find-tender.service.gov.uk/api/1.0/ocdsRecordPackages/ocds-h6vhtk-0510f8,LOCKHEED MARTIN UK LIMITED
Lockheed Martin Corp,USA,name,Government Commercial Agency,Space Technology Solutions,No end date,active,,active,,,GBP,False,48,goods,,,,,,,2026-10-01,ocds-h6vhtk-0510f8,19,,https://www.find-tender.service.gov.uk/api/1.0/ocdsRecordPackages/ocds-h6vhtk-0510f8,LOCKHEED MARTIN UK LIMITED
Lockheed Martin Corp,USA,name,Government Commercial Agency,Space Technology Solutions,No end date,active,,active,,,GBP,False,45,goods,,,,,,,2026-10-01,ocds-h6vhtk-0510f8,20,,https://www.find-tender.service.gov.uk/api/1.0/ocdsRecordPackages/ocds-h6vhtk-0510f8,LOCKHEED MARTIN UK LIMITED
Lockheed Martin Corp,USA,name,Government Commercial Agency,Space Technology Solutions,No end date,active,,active,,,GBP,False,58,goods,,,,,,,2026-10-01,ocds-h6vhtk-0510f8,21,,https://www.find-tender.service.gov.uk/api/1.0/ocdsRecordPackages/ocds-h6vhtk-0510f8,LOCKHEED MARTIN UK LIMITED
Lockheed Martin Corp,USA,name,Government Commercial Agency,Space Technology Solutions,No end date,active,,active,,,GBP,False,43,goods,,,,,,,2026-10-01,ocds-h6vhtk-0510f8,22,,https://www.find-tender.service.gov.uk/api/1.0/ocdsRecordPackages/ocds-h6vhtk-0510f8,LOCKHEED MARTIN UK LIMITED
Lockheed Martin Corp,USA,name,Government Commercial Agency,Space Technology Solutions,No end date,active,,active,,,GBP,False,31,goods,,,,,,,2026-10-01,ocds-h6vhtk-0510f8,23,,https://www.find-tender.service.gov.uk/api/1.0/ocdsRecordPackages/ocds-h6vhtk-0510f8,LOCKHEED MARTIN UK LIMITED
Lockheed Martin Corp,USA,name,Government Commercial Agency,Space Technology Solutions,No end date,active,,active,,,GBP,False,27,goods,,,,,,,2026-10-01,ocds-h6vhtk-0510f8,24,,https://www.find-tender.service.gov.uk/api/1.0/ocdsRecordPackages/ocds-h6vhtk-0510f8,LOCKHEED MARTIN UK LIMITED
Lockheed Martin Corp,USA,name,Government Commercial Agency,Space Technology Solutions,No end date,active,,active,,,GBP,False,21,goods,,,,,,,2026-10-01,ocds-h6vhtk-0510f8,25,,https://www.find-tender.service.gov.uk/api/1.0/ocdsRecordPackages/ocds-h6vhtk-0510f8,LOCKHEED MARTIN UK LIMITED
Lockheed Martin Corp,USA,name,Government Commercial Agency,Space Technology Solutions,No end date,active,,active,,,GBP,False,40,goods,,,,,,,2026-10-01,ocds-h6vhtk-0510f8,26,,https://www.find-tender.service.gov.uk/api/1.0/ocdsRecordPackages/ocds-h6vhtk-0510f8,LOCKHEED MARTIN UK LIMITED
Lockheed Martin Corp,USA,name,Government Commercial Agency,Space Technology Solutions,No end date,active,,active,,,GBP,False,34,goods,,,,,,,2026-10-01,ocds-h6vhtk-0510f8,27,,https://www.find-tender.service.gov.uk/api/1.0/ocdsRecordPackages/ocds-h6vhtk-0510f8,LOCKHEED MARTIN UK LIMITED
Lockheed Martin Corp,USA,name,Government Commercial Agency,Space Technology Solutions,No end date,active,,active,,,GBP,False,38,goods,,,,,,,2026-10-01,ocds-h6vhtk-0510f8,28,,https://www.find-tender.service.gov.uk/api/1.0/ocdsRecordPackages/ocds-h6vhtk-0510f8,LOCKHEED MARTIN UK LIMITED
Lockheed Martin Corp,USA,name,Government Commercial Agency,Space Technology Solutions,No end date,active,,active,,,GBP,False,19,goods,,,,,,,2026-10-01,ocds-h6vhtk-0510f8,29,,https://www.find-tender.service.gov.uk/api/1.0/ocdsRecordPackages/ocds-h6vhtk-0510f8,LOCKHEED MARTIN UK LIMITED
Lockheed Martin Corp,USA,name,Government Commercial Agency,Space Technology Solutions,No end date,active,,active,,,GBP,False,22,goods,,,,,,,2026-10-01,ocds-h6vhtk-0510f8,30,,https://www.find-tender.service.gov.uk/api/1.0/ocdsRecordPackages/ocds-h6vhtk-0510f8,LOCKHEED MARTIN UK LIMITED
Lockheed Martin Corp,USA,name,Government Commercial Agency,Space Technology Solutions,No end date,active,,active,,,GBP,False,26,goods,,,,,,,2026-10-01,ocds-h6vhtk-0510f8,31,,https://www.find-tender.service.gov.uk/api/1.0/ocdsRecordPackages/ocds-h6vhtk-0510f8,LOCKHEED MARTIN UK LIMITED
Lockheed Martin Corp,USA,name,Government Commercial Agency,Space Technology Solutions,No end date,active,,active,,,GBP,False,19,goods,,,,,,,2026-10-01,ocds-h6vhtk-0510f8,32,,https://www.find-tender.service.gov.uk/api/1.0/ocdsRecordPackages/ocds-h6vhtk-0510f8,LOCKHEED MARTIN UK LIMITED
Lockheed Martin Corp,USA,name,Government Commercial Agency,Space Technology Solutions,No end date,active,,active,,,GBP,False,27,goods,,,,,,,2026-10-01,ocds-h6vhtk-0510f8,33,,https://www.find-tender.service.gov.uk/api/1.0/ocdsRecordPackages/ocds-h6vhtk-0510f8,LOCKHEED MARTIN UK LIMITED
Lockheed Martin Corp,USA,name,Government Commercial Agency,Space Technology Solutions,No end date,active,,active,,,GBP,False,31,goods,,,,,,,2026-10-01,ocds-h6vhtk-0510f8,34,,https://www.find-tender.service.gov.uk/api/1.0/ocdsRecordPackages/ocds-h6vhtk-0510f8,LOCKHEED MARTIN UK LIMITED
Lockheed Martin Corp,USA,name,Government Commercial Agency,Space Technology Solutions,No end date,active,,active,,,GBP,False,28,goods,,,,,,,2026-10-01,ocds-h6vhtk-0510f8,35,,https://www.find-tender.service.gov.uk/api/1.0/ocdsRecordPackages/ocds-h6vhtk-0510f8,LOCKHEED MARTIN UK LIMITED
Lockheed Martin Corp,USA,name,Government Commercial Agency,Space Technology Solutions,No end date,active,,active,,,GBP,False,24,goods,,,,,,,2026-10-01,ocds-h6vhtk-0510f8,36,,https://www.find-tender.service.gov.uk/api/1.0/ocdsRecordPackages/ocds-h6vhtk-0510f8,LOCKHEED MARTIN UK LIMITED
Lockheed Martin Corp,USA,name,Government Commercial Agency,Space Technology Solutions,No end date,active,,active,,,GBP,False,33,goods,,,,,,,2026-10-01,ocds-h6vhtk-0510f8,37,,https://www.find-tender.service.gov.uk/api/1.0/ocdsRecordPackages/ocds-h6vhtk-0510f8,LOCKHEED MARTIN UK LIMITED
Lockheed Martin Corp,USA,name,Government Commercial Agency,Space Technology Solutions,No end date,active,,active,,,GBP,False,23,goods,,,,,,,2026-10-01,ocds-h6vhtk-0510f8,38,,https://www.find-tender.service.gov.uk/api/1.0/ocdsRecordPackages/ocds-h6vhtk-0510f8,LOCKHEED MARTIN UK LIMITED
Lockheed Martin Corp,USA,name,Government Commercial Agency,Space Technology Solutions,No end date,active,,active,,,GBP,False,18,goods,,,,,,,2026-10-01,ocds-h6vhtk-0510f8,39,,https://www.find-tender.service.gov.uk/api/1.0/ocdsRecordPackages/ocds-h6vhtk-0510f8,LOCKHEED MARTIN UK LIMITED
Lockheed Martin Corp,USA,name,Government Commercial Agency,Space Technology Solutions,No end date,active,,active,,,GBP,False,26,goods,,,,,,,2026-10-01,ocds-h6vhtk-0510f8,40,,https://www.find-tender.service.gov.uk/api/1.0/ocdsRecordPackages/ocds-h6vhtk-0510f8,LOCKHEED MARTIN UK LIMITED
Lockheed Martin Corp,USA,name,Government Commercial Agency,Space Technology Solutions,No end date,active,,active,,,GBP,False,32,goods,,,,,,,2026-10-01,ocds-h6vhtk-0510f8,41,,https://www.find-tender.service.gov.uk/api/1.0/ocdsRecordPackages/ocds-h6vhtk-0510f8,LOCKHEED MARTIN UK LIMITED
Lockheed Martin Corp,USA,name,Government Commercial Agency,Space Technology Solutions,No end date,active,,active,,,GBP,False,41,goods,,,,,,,2026-10-01,ocds-h6vhtk-0510f8,42,,https://www.find-tender.service.gov.uk/api/1.0/ocdsRecordPackages/ocds-h6vhtk-0510f8,LOCKHEED MARTIN UK LIMITED
Lockheed Martin Corp,USA,name,Government Commercial Agency,Space Technology Solutions,No end date,active,,active,,,GBP,False,40,goods,,,,,,,2026-10-01,ocds-h6vhtk-0510f8,43,,https://www.find-tender.service.gov.uk/api/1.0/ocdsRecordPackages/ocds-h6vhtk-0510f8,LOCKHEED MARTIN UK LIMITED
Lockheed Martin Corp,USA,name,Government Commercial Agency,Space Technology Solutions,No end date,active,,active,,,GBP,False,45,goods,,,,,,,2026-10-01,ocds-h6vhtk-0510f8,44,,https://www.find-tender.service.gov.uk/api/1.0/ocdsRecordPackages/ocds-h6vhtk-0510f8,LOCKHEED MARTIN UK LIMITED
Lockheed Martin Corp,USA,name,Government Commercial Agency,Space Technology Solutions,No end date,active,,active,,,GBP,False,47,goods,,,,,,,2026-10-01,ocds-h6vhtk-0510f8,45,,https://www.find-tender.service.gov.uk/api/1.0/ocdsRecordPackages/ocds-h6vhtk-0510f8,LOCKHEED MARTIN UK LIMITED
Lockheed Martin Corp,USA,name,Government Commercial Agency,Space Technology Solutions,No end date,active,,active,,,GBP,False,15,goods,,,,,,,2026-10-01,ocds-h6vhtk-0510f8,46,,https://www.find-tender.service.gov.uk/api/1.0/ocdsRecordPackages/ocds-h6vhtk-0510f8,LOCKHEED MARTIN UK LIMITED
Lockheed Martin Corp,USA,name,Government Commercial Agency,Space Technology Solutions,No end date,active,,active,,,GBP,False,40,goods,,,,,,,2026-10-01,ocds-h6vhtk-0510f8,47,,https://www.find-tender.service.gov.uk/api/1.0/ocdsRecordPackages/ocds-h6vhtk-0510f8,LOCKHEED MARTIN UK LIMITED
Lockheed Martin Corp,USA,name,Government Commercial Agency,Space Technology Solutions,No end date,active,,active,,,GBP,False,86,goods,,,,,,,2026-10-01,ocds-h6vhtk-0510f8,48,,https://www.find-tender.service.gov.uk/api/1.0/ocdsRecordPackages/ocds-h6vhtk-0510f8,LOCKHEED MARTIN UK LIMITED
Lockheed Martin Corp,USA,name,Government Commercial Agency,Space Technology Solutions,No end date,active,,active,,,GBP,False,27,goods,,,,,,,2026-10-01,ocds-h6vhtk-0510f8,49,,https://www.find-tender.service.gov.uk/api/1.0/ocdsRecordPackages/ocds-h6vhtk-0510f8,LOCKHEED MARTIN UK LIMITED
Lockheed Martin Corp,USA,name,Government Commercial Agency,Space Technology Solutions,No end date,active,,active,,,GBP,False,47,goods,,,,,,,2026-10-01,ocds-h6vhtk-0510f8,50,,https://www.find-tender.service.gov.uk/api/1.0/ocdsRecordPackages/ocds-h6vhtk-0510f8,LOCKHEED MARTIN UK LIMITED
Lockheed Martin Corp,USA,name,Government Commercial Agency,Space Technology Solutions,No end date,active,,active,,,GBP,False,81,goods,,,,,,,2026-10-01,ocds-h6vhtk-0510f8,51,,https://www.find-tender.service.gov.uk/api/1.0/ocdsRecordPackages/ocds-h6vhtk-0510f8,LOCKHEED MARTIN UK LIMITED
Lockheed Martin Corp,USA,name,Government Commercial Agency,Space Technology Solutions,No end date,active,,active,,,GBP,False,36,goods,,,,,,,2026-10-01,ocds-h6vhtk-0510f8,52,,https://www.find-tender.service.gov.uk/api/1.0/ocdsRecordPackages/ocds-h6vhtk-0510f8,LOCKHEED MARTIN UK LIMITED
Lockheed Martin Corp,USA,name,Government Commercial Agency,Space Technology Solutions,No end date,active,,active,,,GBP,False,42,goods,,,,,,,2026-10-01,ocds-h6vhtk-0510f8,53,,https://www.find-tender.service.gov.uk/api/1.0/ocdsRecordPackages/ocds-h6vhtk-0510f8,LOCKHEED MARTIN UK LIMITED
Lockheed Martin Corp,USA,name,Government Commercial Agency,Space Technology Solutions,No end date,active,,active,,,GBP,False,49,goods,,,,,,,2026-10-01,ocds-h6vhtk-0510f8,54,,https://www.find-tender.service.gov.uk/api/1.0/ocdsRecordPackages/ocds-h6vhtk-0510f8,LOCKHEED MARTIN UK LIMITED
Lockheed Martin Corp,USA,name,Government Commercial Agency,Space Technology Solutions,No end date,active,,active,,,GBP,False,30,goods,,,,,,,2026-10-01,ocds-h6vhtk-0510f8,55,,https://www.find-tender.service.gov.uk/api/1.0/ocdsRecordPackages/ocds-h6vhtk-0510f8,LOCKHEED MARTIN UK LIMITED
Lockheed Martin Corp,USA,name,Government Commercial Agency,Space Technology Solutions,No end date,active,,active,,,GBP,False,83,goods,,,,,,,2026-10-01,ocds-h6vhtk-0510f8,56,,https://www.find-tender.service.gov.uk/api/1.0/ocdsRecordPackages/ocds-h6vhtk-0510f8,LOCKHEED MARTIN UK LIMITED
Lockheed Martin Corp,USA,name,Government Commercial Agency,Space Technology Solutions,No end date,active,,active,,,GBP,False,71,goods,,,,,,,2026-10-01,ocds-h6vhtk-0510f8,57,,https://www.find-tender.service.gov.uk/api/1.0/ocdsRecordPackages/ocds-h6vhtk-0510f8,LOCKHEED MARTIN UK LIMITED
Lockheed Martin Corp,USA,name,Government Commercial Agency,Space Technology Solutions,No end date,active,,active,,,GBP,False,67,goods,,,,,,,2026-10-01,ocds-h6vhtk-0510f8,58,,https://www.find-tender.service.gov.uk/api/1.0/ocdsRecordPackages/ocds-h6vhtk-0510f8,LOCKHEED MARTIN UK LIMITED
Lockheed Martin Corp,USA,name,Government Commercial Agency,Space Technology Solutions,No end date,active,,active,,,GBP,False,18,goods,,,,,,,2026-10-01,ocds-h6vhtk-0510f8,59,,https://www.find-tender.service.gov.uk/api/1.0/ocdsRecordPackages/ocds-h6vhtk-0510f8,LOCKHEED MARTIN UK LIMITED
Lockheed Martin Corp,USA,name,Government Commercial Agency,Space Technology Solutions,No end date,active,,active,,,GBP,False,76,goods,,,,,,,2026-10-01,ocds-h6vhtk-0510f8,60,,https://www.find-tender.service.gov.uk/api/1.0/ocdsRecordPackages/ocds-h6vhtk-0510f8,LOCKHEED MARTIN UK LIMITED
Lockheed Martin Corp,USA,name,Government Commercial Agency,Space Technology Solutions,No end date,active,,active,,,GBP,False,22,goods,,,,,,,2026-10-01,ocds-h6vhtk-0510f8,61,,https://www.find-tender.service.gov.uk/api/1.0/ocdsRecordPackages/ocds-h6vhtk-0510f8,LOCKHEED MARTIN UK LIMITED
Lockheed Martin Corp,USA,name,Government Commercial Agency,Space Technology Solutions,No end date,active,,active,,,GBP,False,77,goods,,,,,,,2026-10-01,ocds-h6vhtk-0510f8,62,,https://www.find-tender.service.gov.uk/api/1.0/ocdsRecordPackages/ocds-h6vhtk-0510f8,LOCKHEED MARTIN UK LIMITED
Lockheed Martin Corp,USA,name,Government Commercial Agency,Space Technology Solutions,No end date,active,,active,,,GBP,False,15,goods,,,,,,,2026-10-01,ocds-h6vhtk-0510f8,63,,https://www.find-tender.service.gov.uk/api/1.0/ocdsRecordPackages/ocds-h6vhtk-0510f8,LOCKHEED MARTIN UK LIMITED
Lockheed Martin Corp,USA,name,Government Commercial Agency,Space Technology Solutions,No end date,active,,active,,,GBP,False,15,goods,,,,,,,2026-10-01,ocds-h6vhtk-0510f8,64,,https://www.find-tender.service.gov.uk/api/1.0/ocdsRecordPackages/ocds-h6vhtk-0510f8,LOCKHEED MARTIN UK LIMITED
Lockheed Martin Corp,USA,name,Government Commercial Agency,Space Technology Solutions,No end date,active,,active,,,GBP,False,46,goods,,,,,,,2026-10-01,ocds-h6vhtk-0510f8,65,,https://www.find-tender.service.gov.uk/api/1.0/ocdsRecordPackages/ocds-h6vhtk-0510f8,LOCKHEED MARTIN UK LIMITED
Lockheed Martin Corp,USA,name,Government Commercial Agency,Space Technology Solutions,No end date,active,,active,,,GBP,False,73,goods,,,,,,,2026-10-01,ocds-h6vhtk-0510f8,66,,https://www.find-tender.service.gov.uk/api/1.0/ocdsRecordPackages/ocds-h6vhtk-0510f8,LOCKHEED MARTIN UK LIMITED
Lockheed Martin Corp,USA,name,Government Commercial Agency,Space Technology Solutions,No end date,active,,active,,,GBP,False,79,goods,,,,,,,2026-10-01,ocds-h6vhtk-0510f8,67,,https://www.find-tender.service.gov.uk/api/1.0/ocdsRecordPackages/ocds-h6vhtk-0510f8,LOCKHEED MARTIN UK LIMITED
Lockheed Martin Corp,USA,name,Government Commercial Agency,Space Technology Solutions,No end date,active,,active,,,GBP,False,93,goods,,,,,,,2026-10-01,ocds-h6vhtk-0510f8,68,,https://www.find-tender.service.gov.uk/api/1.0/ocdsRecordPackages/ocds-h6vhtk-0510f8,LOCKHEED MARTIN UK LIMITED
Lockheed Martin Corp,USA,name,Government Commercial Agency,Space Technology Solutions,No end date,active,,active,,,GBP,False,34,goods,,,,,,,2026-10-01,ocds-h6vhtk-0510f8,69,,https://www.find-tender.service.gov.uk/api/1.0/ocdsRecordPackages/ocds-h6vhtk-0510f8,LOCKHEED MARTIN UK LIMITED
Lockheed Martin Corp,USA,name,Government Commercial Agency,Space Technology Solutions,No end date,active,,active,,,GBP,False,36,goods,,,,,,,2026-10-01,ocds-h6vhtk-0510f8,70,,https://www.find-tender.service.gov.uk/api/1.0/ocdsRecordPackages/ocds-h6vhtk-0510f8,LOCKHEED MARTIN UK LIMITED
Lockheed Martin Corp,USA,name,Government Commercial Agency,Space Technology Solutions,No end date,active,,active,,,GBP,False,46,goods,,,,,,,2026-10-01,ocds-h6vhtk-0510f8,71,,https://www.find-tender.service.gov.uk/api/1.0/ocdsRecordPackages/ocds-h6vhtk-0510f8,LOCKHEED MARTIN UK LIMITED
Lockheed Martin Corp,USA,name,Government Commercial Agency,Space Technology Solutions,No end date,active,,active,,,GBP,False,34,goods,,,,,,,2026-10-01,ocds-h6vhtk-0510f8,72,,https://www.find-tender.service.gov.uk/api/1.0/ocdsRecordPackages/ocds-h6vhtk-0510f8,LOCKHEED MARTIN UK LIMITED
Lockheed Martin Corp,USA,name,Government Commercial Agency,Space Technology Solutions,No end date,active,,active,,,GBP,False,39,goods,,,,,,,2026-10-01,ocds-h6vhtk-0510f8,73,,https://www.find-tender.service.gov.uk/api/1.0/ocdsRecordPackages/ocds-h6vhtk-0510f8,LOCKHEED MARTIN UK LIMITED
Lockheed Martin Corp,USA,name,Government Commercial Agency,Space Technology Solutions,No end date,active,,active,,,GBP,False,50,goods,,,,,,,2026-10-01,ocds-h6vhtk-0510f8,74,,https://www.find-tender.service.gov.uk/api/1.0/ocdsRecordPackages/ocds-h6vhtk-0510f8,LOCKHEED MARTIN UK LIMITED
Lockheed Martin Corp,USA,name,Government Commercial Agency,Space Technology Solutions,No end date,active,,active,,,GBP,False,40,goods,,,,,,,2026-10-01,ocds-h6vhtk-0510f8,75,,https://www.find-tender.service.gov.uk/api/1.0/ocdsRecordPackages/ocds-h6vhtk-0510f8,LOCKHEED MARTIN UK LIMITED
Lockheed Martin Corp,USA,name,Government Commercial Agency,Space Technology Solutions,No end date,active,,active,,,GBP,False,57,goods,,,,,,,2026-10-01,ocds-h6vhtk-0510f8,76,,https://www.find-tender.service.gov.uk/api/1.0/ocdsRecordPackages/ocds-h6vhtk-0510f8,LOCKHEED MARTIN UK LIMITED
Lockheed Martin Corp,USA,name,Government Commercial Agency,Space Technology Solutions,No end date,active,,active,,,GBP,False,17,goods,,,,,,,2026-10-01,ocds-h6vhtk-0510f8,77,,https://www.find-tender.service.gov.uk/api/1.0/ocdsRecordPackages/ocds-h6vhtk-0510f8,LOCKHEED MARTIN UK LIMITED
Lockheed Martin Corp,USA,name,Government Commercial Agency,Space Technology Solutions,No end date,active,,active,,,GBP,False,37,goods,,,,,,,2026-10-01,ocds-h6vhtk-0510f8,78,,https://www.find-tender.service.gov.uk/api/1.0/ocdsRecordPackages/ocds-h6vhtk-0510f8,LOCKHEED MARTIN UK LIMITED
Lockheed Martin Corp,USA,name,Government Commercial Agency,Space Technology Solutions,No end date,active,,active,,,GBP,False,17,goods,,,,,,,2026-10-01,ocds-h6vhtk-0510f8,79,,https://www.find-tender.service.gov.uk/api/1.0/ocdsRecordPackages/ocds-h6vhtk-0510f8,LOCKHEED MARTIN UK LIMITED
Lockheed Martin Corp,USA,name,Government Commercial Agency,Space Technology Solutions,No end date,active,,active,,,GBP,False,29,goods,,,,,,,2026-10-01,ocds-h6vhtk-0510f8,80,,https://www.find-tender.service.gov.uk/api/1.0/ocdsRecordPackages/ocds-h6vhtk-0510f8,LOCKHEED MARTIN UK LIMITED
Lockheed Martin Corp,USA,name,Government Commercial Agency,Space Technology Solutions,No end date,active,,active,,,GBP,False,29,goods,,,,,,,2026-10-01,ocds-h6vhtk-0510f8,81,,https://www.find-tender.service.gov.uk/api/1.0/ocdsRecordPackages/ocds-h6vhtk-0510f8,LOCKHEED MARTIN UK LIMITED
Lockheed Martin Corp,USA,name,Government Commercial Agency,Space Technology Solutions,No end date,active,,active,,,GBP,False,40,goods,,,,,,,2026-10-01,ocds-h6vhtk-0510f8,82,,https://www.find-tender.service.gov.uk/api/1.0/ocdsRecordPackages/ocds-h6vhtk-0510f8,LOCKHEED MARTIN UK LIMITED
Lockheed Martin Corp,USA,name,Government Commercial Agency,Space Technology Solutions,No end date,active,,active,,,GBP,False,42,goods,,,,,,,2026-10-01,ocds-h6vhtk-0510f8,83,,https://www.find-tender.service.gov.uk/api/1.0/ocdsRecordPackages/ocds-h6vhtk-0510f8,LOCKHEED MARTIN UK LIMITED
Lockheed Martin Corp,USA,name,Government Commercial Agency,Space Technology Solutions,No end date,active,,active,,,GBP,False,42,goods,,,,,,,2026-10-01,ocds-h6vhtk-0510f8,84,,https://www.find-tender.service.gov.uk/api/1.0/ocdsRecordPackages/ocds-h6vhtk-0510f8,LOCKHEED MARTIN UK LIMITED
Lockheed Martin Corp,USA,name,Government Commercial Agency,Space Technology Solutions,No end date,active,,active,,,GBP,False,45,goods,,,,,,,2026-10-01,ocds-h6vhtk-0510f8,85,,https://www.find-tender.service.gov.uk/api/1.0/ocdsRecordPackages/ocds-h6vhtk-0510f8,LOCKHEED MARTIN UK LIMITED
Lockheed Martin Corp,USA,name,Government Commercial Agency,Space Technology Solutions,No end date,active,,active,,,GBP,False,19,goods,,,,,,,2026-10-01,ocds-h6vhtk-0510f8,86,,https://www.find-tender.service.gov.uk/api/1.0/ocdsRecordPackages/ocds-h6vhtk-0510f8,LOCKHEED MARTIN UK LIMITED
Lockheed Martin Corp,USA,name,Government Commercial Agency,Space Technology Solutions,No end date,active,,active,,,GBP,False,42,goods,,,,,,,2026-10-01,ocds-h6vhtk-0510f8,87,,https://www.find-tender.service.gov.uk/api/1.0/ocdsRecordPackages/ocds-h6vhtk-0510f8,LOCKHEED MARTIN UK LIMITED
Lockheed Martin Corp,USA,name,Government Commercial Agency,Space Technology Solutions,No end date,active,,active,,,GBP,False,51,goods,,,,,,,2026-10-01,ocds-h6vhtk-0510f8,88,,https://www.find-tender.service.gov.uk/api/1.0/ocdsRecordPackages/ocds-h6vhtk-0510f8,LOCKHEED MARTIN UK LIMITED
Lockheed Martin Corp,USA,name,Government Commercial Agency,Space Technology Solutions,No end date,active,,active,,,GBP,False,48,goods,,,,,,,2026-10-01,ocds-h6vhtk-0510f8,89,,https://www.find-tender.service.gov.uk/api/1.0/ocdsRecordPackages/ocds-h6vhtk-0510f8,LOCKHEED MARTIN UK LIMITED
Lockheed Martin Corp,USA,name,Government Commercial Agency,Space Technology Solutions,No end date,active,,active,,,GBP,False,43,goods,,,,,,,2026-10-01,ocds-h6vhtk-0510f8,90,,https://www.find-tender.service.gov.uk/api/1.0/ocdsRecordPackages/ocds-h6vhtk-0510f8,LOCKHEED MARTIN UK LIMITED
Lockheed Martin Corp,USA,name,Government Commercial Agency,Space Technology Solutions,No end date,active,,active,,,GBP,False,49,goods,,,,,,,2026-10-01,ocds-h6vhtk-0510f8,91,,https://www.find-tender.service.gov.uk/api/1.0/ocdsRecordPackages/ocds-h6vhtk-0510f8,LOCKHEED MARTIN UK LIMITED
Lockheed Martin Corp,USA,name,Government Commercial Agency,Space Technology Solutions,No end date,active,,active,,,GBP,False,53,goods,,,,,,,2026-10-01,ocds-h6vhtk-0510f8,92,,https://www.find-tender.service.gov.uk/api/1.0/ocdsRecordPackages/ocds-h6vhtk-0510f8,LOCKHEED MARTIN UK LIMITED
Lockheed Martin Corp,USA,name,Government Commercial Agency,Space Technology Solutions,No end date,active,,active,,,GBP,False,37,goods,,,,,,,2026-10-01,ocds-h6vhtk-0510f8,93,,https://www.find-tender.service.gov.uk/api/1.0/ocdsRecordPackages/ocds-h6vhtk-0510f8,LOCKHEED MARTIN UK LIMITED
Lockheed Martin Corp,USA,name,Government Commercial Agency,Space Technology Solutions,No end date,active,,active,,,GBP,False,38,goods,,,,,,,2026-10-01,ocds-h6vhtk-0510f8,94,,https://www.find-tender.service.gov.uk/api/1.0/ocdsRecordPackages/ocds-h6vhtk-0510f8,LOCKHEED MARTIN UK LIMITED
Lockheed Martin Corp,USA,name,Government Commercial Agency,Space Technology Solutions,No end date,active,,active,,,GBP,False,41,goods,,,,,,,2026-10-01,ocds-h6vhtk-0510f8,95,,https://www.find-tender.service.gov.uk/api/1.0/ocdsRecordPackages/ocds-h6vhtk-0510f8,LOCKHEED MARTIN UK LIMITED
Lockheed Martin Corp,USA,name,Government Commercial Agency,Space Technology Solutions,No end date,active,,active,,,GBP,False,28,goods,,,,,,,2026-10-01,ocds-h6vhtk-0510f8,96,,https://www.find-tender.service.gov.uk/api/1.0/ocdsRecordPackages/ocds-h6vhtk-0510f8,LOCKHEED MARTIN UK LIMITED
Lockheed Martin Corp,USA,name,Government Commercial Agency,Space Technology Solutions,No end date,active,,active,,,GBP,False,37,goods,,,,,,,2026-10-01,ocds-h6vhtk-0510f8,97,,https://www.find-tender.service.gov.uk/api/1.0/ocdsRecordPackages/ocds-h6vhtk-0510f8,LOCKHEED MARTIN UK LIMITED
Lockheed Martin Corp,USA,name,Government Commercial Agency,Space Technology Solutions,No end date,active,,active,,,GBP,False,34,goods,,,,,,,2026-10-01,ocds-h6vhtk-0510f8,98,,https://www.find-tender.service.gov.uk/api/1.0/ocdsRecordPackages/ocds-h6vhtk-0510f8,LOCKHEED MARTIN UK LIMITED
Lockheed Martin Corp,USA,name,Government Commercial Agency,Space Technology Solutions,No end date,active,,active,,,GBP,False,41,goods,,,,,,,2026-10-01,ocds-h6vhtk-0510f8,99,,https://www.find-tender.service.gov.uk/api/1.0/ocdsRecordPackages/ocds-h6vhtk-0510f8,LOCKHEED MARTIN UK LIMITED
Lockheed Martin Corp,USA,name,Government Commercial Agency,Space Technology Solutions,No end date,active,,active,,,GBP,False,28,goods,,,,,,,2026-10-01,ocds-h6vhtk-0510f8,100,,https://www.find-tender.service.gov.uk/api/1.0/ocdsRecordPackages/ocds-h6vhtk-0510f8,LOCKHEED MARTIN UK LIMITED
Lockheed Martin Corp,USA,name,Government Commercial Agency,Space Technology Solutions,No end date,active,,active,,,GBP,False,45,goods,,,,,,,2026-10-01,ocds-h6vhtk-0510f8,101,,https://www.find-tender.service.gov.uk/api/1.0/ocdsRecordPackages/ocds-h6vhtk-0510f8,LOCKHEED MARTIN UK LIMITED
Lockheed Martin Corp,USA,name,Government Commercial Agency,Space Technology Solutions,No end date,active,,active,,,GBP,False,71,goods,,,,,,,2026-10-01,ocds-h6vhtk-0510f8,102,,https://www.find-tender.service.gov.uk/api/1.0/ocdsRecordPackages/ocds-h6vhtk-0510f8,LOCKHEED MARTIN UK LIMITED
Lockheed Martin Corp,USA,name,Government Commercial Agency,Space Technology Solutions,No end date,active,,active,,,GBP,False,88,goods,,,,,,,2026-10-01,ocds-h6vhtk-0510f8,103,,https://www.find-tender.service.gov.uk/api/1.0/ocdsRecordPackages/ocds-h6vhtk-0510f8,LOCKHEED MARTIN UK LIMITED
Lockheed Martin Corp,USA,name,Government Commercial Agency,Space Technology Solutions,No end date,active,,active,,,GBP,False,65,goods,,,,,,,2026-10-01,ocds-h6vhtk-0510f8,104,,https://www.find-tender.service.gov.uk/api/1.0/ocdsRecordPackages/ocds-h6vhtk-0510f8,LOCKHEED MARTIN UK LIMITED
Lockheed Martin Corp,USA,name,Government Commercial Agency,Space Technology Solutions,No end date,active,,active,,,GBP,False,43,goods,,,,,,,2026-10-01,ocds-h6vhtk-0510f8,105,,https://www.find-tender.service.gov.uk/api/1.0/ocdsRecordPackages/ocds-h6vhtk-0510f8,LOCKHEED MARTIN UK LIMITED
Lockheed Martin Corp,USA,name,Government Commercial Agency,Space Technology Solutions,No end date,active,,active,,,GBP,False,87,goods,,,,,,,2026-10-01,ocds-h6vhtk-0510f8,106,,https://www.find-tender.service.gov.uk/api/1.0/ocdsRecordPackages/ocds-h6vhtk-0510f8,LOCKHEED MARTIN UK LIMITED
Lockheed Martin Corp,USA,name,Government Commercial Agency,Space Technology Solutions,No end date,active,,active,,,GBP,False,39,goods,,,,,,,2026-10-01,ocds-h6vhtk-0510f8,107,,https://www.find-tender.service.gov.uk/api/1.0/ocdsRecordPackages/ocds-h6vhtk-0510f8,LOCKHEED MARTIN UK LIMITED
Lockheed Martin Corp,USA,name,Government Commercial Agency,Space Technology Solutions,No end date,active,,active,,,GBP,False,36,goods,,,,,,,2026-10-01,ocds-h6vhtk-0510f8,108,,https://www.find-tender.service.gov.uk/api/1.0/ocdsRecordPackages/ocds-h6vhtk-0510f8,LOCKHEED MARTIN UK LIMITED
Lockheed Martin Corp,USA,name,Government Commercial Agency,Space Technology Solutions,No end date,active,,active,,,GBP,False,67,goods,,,,,,,2026-10-01,ocds-h6vhtk-0510f8,109,,https://www.find-tender.service.gov.uk/api/1.0/ocdsRecordPackages/ocds-h6vhtk-0510f8,LOCKHEED MARTIN UK LIMITED
Lockheed Martin Corp,USA,name,Government Commercial Agency,Space Technology Solutions,No end date,active,,active,,,GBP,False,18,goods,,,,,,,2026-10-01,ocds-h6vhtk-0510f8,110,,https://www.find-tender.service.gov.uk/api/1.0/ocdsRecordPackages/ocds-h6vhtk-0510f8,LOCKHEED MARTIN UK LIMITED
Lockheed Martin Corp,USA,name,Government Commercial Agency,Space Technology Solutions,No end date,active,,active,,,GBP,False,65,goods,,,,,,,2026-10-01,ocds-h6vhtk-0510f8,111,,https://www.find-tender.service.gov.uk/api/1.0/ocdsRecordPackages/ocds-h6vhtk-0510f8,LOCKHEED MARTIN UK LIMITED
Lockheed Martin Corp,USA,name,Government Commercial Agency,Space Technology Solutions,No end date,active,,active,,,GBP,False,36,goods,,,,,,,2026-10-01,ocds-h6vhtk-0510f8,112,,https://www.find-tender.service.gov.uk/api/1.0/ocdsRecordPackages/ocds-h6vhtk-0510f8,LOCKHEED MARTIN UK LIMITED
Lockheed Martin Corp,USA,name,Government Commercial Agency,Space Technology Solutions,No end date,active,,active,,,GBP,False,38,goods,,,,,,,2026-10-01,ocds-h6vhtk-0510f8,113,,https://www.find-tender.service.gov.uk/api/1.0/ocdsRecordPackages/ocds-h6vhtk-0510f8,LOCKHEED MARTIN UK LIMITED
Lockheed Martin Corp,USA,name,Government Commercial Agency,Space Technology Solutions,No end date,active,,active,,,GBP,False,83,goods,,,,,,,2026-10-01,ocds-h6vhtk-0510f8,114,,https://www.find-tender.service.gov.uk/api/1.0/ocdsRecordPackages/ocds-h6vhtk-0510f8,LOCKHEED MARTIN UK LIMITED
Lockheed Martin Corp,USA,name,Government Commercial Agency,Space Technology Solutions,No end date,active,,active,,,GBP,False,86,goods,,,,,,,2026-10-01,ocds-h6vhtk-0510f8,115,,https://www.find-tender.service.gov.uk/api/1.0/ocdsRecordPackages/ocds-h6vhtk-0510f8,LOCKHEED MARTIN UK LIMITED
Lockheed Martin Corp,USA,name,Government Commercial Agency,Space Technology Solutions,No end date,active,,active,,,GBP,False,45,goods,,,,,,,2026-10-01,ocds-h6vhtk-0510f8,116,,https://www.find-tender.service.gov.uk/api/1.0/ocdsRecordPackages/ocds-h6vhtk-0510f8,LOCKHEED MARTIN UK LIMITED
Lockheed Martin Corp,USA,name,Government Commercial Agency,Space Technology Solutions,No end date,active,,active,,,GBP,False,31,goods,,,,,,,2026-10-01,ocds-h6vhtk-0510f8,117,,https://www.find-tender.service.gov.uk/api/1.0/ocdsRecordPackages/ocds-h6vhtk-0510f8,LOCKHEED MARTIN UK LIMITED
Lockheed Martin Corp,USA,name,Government Commercial Agency,Space Technology Solutions,No end date,active,,active,,,GBP,False,32,goods,,,,,,,2026-10-01,ocds-h6vhtk-0510f8,118,,https://www.find-tender.service.gov.uk/api/1.0/ocdsRecordPackages/ocds-h6vhtk-0510f8,LOCKHEED MARTIN UK LIMITED
Lockheed Martin Corp,USA,name,Government Commercial Agency,Space Technology Solutions,No end date,active,,active,,,GBP,False,37,goods,,,,,,,2026-10-01,ocds-h6vhtk-0510f8,119,,https://www.find-tender.service.gov.uk/api/1.0/ocdsRecordPackages/ocds-h6vhtk-0510f8,LOCKHEED MARTIN UK LIMITED
Lockheed Martin Corp,USA,name,Government Commercial Agency,Space Technology Solutions,No end date,active,,active,,,GBP,False,27,goods,,,,,,,2026-10-01,ocds-h6vhtk-0510f8,120,,https://www.find-tender.service.gov.uk/api/1.0/ocdsRecordPackages/ocds-h6vhtk-0510f8,LOCKHEED MARTIN UK LIMITED
Lockheed Martin Corp,USA,name,Government Commercial Agency,Space Technology Solutions,No end date,active,,active,,,GBP,False,37,goods,,,,,,,2026-10-01,ocds-h6vhtk-0510f8,121,,https://www.find-tender.service.gov.uk/api/1.0/ocdsRecordPackages/ocds-h6vhtk-0510f8,LOCKHEED MARTIN UK LIMITED
Lockheed Martin Corp,USA,name,Government Commercial Agency,Space Technology Solutions,No end date,active,,active,,,GBP,False,31,goods,,,,,,,2026-10-01,ocds-h6vhtk-0510f8,122,,https://www.find-tender.service.gov.uk/api/1.0/ocdsRecordPackages/ocds-h6vhtk-0510f8,LOCKHEED MARTIN UK LIMITED
Lockheed Martin Corp,USA,name,Government Commercial Agency,Space Technology Solutions,No end date,active,,active,,,GBP,False,45,goods,,,,,,,2026-10-01,ocds-h6vhtk-0510f8,123,,https://www.find-tender.service.gov.uk/api/1.0/ocdsRecordPackages/ocds-h6vhtk-0510f8,LOCKHEED MARTIN UK LIMITED
Lockheed Martin Corp,USA,name,Government Commercial Agency,Space Technology Solutions,No end date,active,,active,,,GBP,False,31,goods,,,,,,,2026-10-01,ocds-h6vhtk-0510f8,124,,https://www.find-tender.service.gov.uk/api/1.0/ocdsRecordPackages/ocds-h6vhtk-0510f8,LOCKHEED MARTIN UK LIMITED
Lockheed Martin Corp,USA,name,Government Commercial Agency,Space Technology Solutions,No end date,active,,active,,,GBP,False,41,goods,,,,,,,2026-10-01,ocds-h6vhtk-0510f8,125,,https://www.find-tender.service.gov.uk/api/1.0/ocdsRecordPackages/ocds-h6vhtk-0510f8,LOCKHEED MARTIN UK LIMITED
Lockheed Martin Corp,USA,name,Government Commercial Agency,Space Technology Solutions,No end date,active,,active,,,GBP,False,48,goods,,,,,,,2026-10-01,ocds-h6vhtk-0510f8,126,,https://www.find-tender.service.gov.uk/api/1.0/ocdsRecordPackages/ocds-h6vhtk-0510f8,LOCKHEED MARTIN UK LIMITED
Lockheed Martin Corp,USA,name,Government Commercial Agency,Space Technology Solutions,No end date,active,,active,,,GBP,False,41,goods,,,,,,,2026-10-01,ocds-h6vhtk-0510f8,127,,https://www.find-tender.service.gov.uk/api/1.0/ocdsRecordPackages/ocds-h6vhtk-0510f8,LOCKHEED MARTIN UK LIMITED
Lockheed Martin Corp,USA,name,Ministry of Defence,BATHYTHERMOGRAPHIC PROBES,No end date,active,active,complete,10000000.0,contract,GBP,False,1,goods,,2022-08-03,,,,,2022-08-08,ocds-h6vhtk-0359c1,021708-2022-704417450-1,021708-2022-704417450-1,https://www.find-tender.service.gov.uk/Notice/021708-2022,Lockheed Martin Sippican
Lockheed Martin Corp,USA,name,Ministry of Defence,Land Environment Air Picture Precision (LEAPP),No end date,active,active,complete,15500000.0,contract,GBP,False,1,services,,2024-10-29,,,,,2025-06-27,ocds-h6vhtk-04b25a,035083-2024-JSENS/00199-1,035083-2024-JSENS/00199-1,https://www.find-tender.service.gov.uk/Notice/035083-2024,Lockheed Martin (UK) Ampthill
Lockheed Martin Corp,USA,name,Ministry of Defence,JSENS/00199 - Land Environment Air Picture Provision (LEAPP) In Service Support,No end date,active,active,complete,19284450.0,contract,GBP,False,1,services,,2025-06-09,,,,,2025-06-27,ocds-h6vhtk-04b25a,035858-2025-JSENS/00199-1,035858-2025-JSENS/00199-1,https://www.find-tender.service.gov.uk/Notice/035858-2025,Lockheed Martin UK Ampthill Ltd
Lockheed Martin Corp,USA,name,Ministry of Defence,Launch Agreement,No end date,active,active,complete,150000.0,contract,GBP,False,1,services,,2022-03-15,,,,,2022-03-15,ocds-h6vhtk-03223b,007073-2022-1,007073-2022-1,https://www.find-tender.service.gov.uk/Notice/007073-2022,Lockheed Martin Space
Lockheed Martin Corp,USA,name,Ministry of Defence,F35 General Use Consumables,No end date,active,active,complete,360221.0,contract,GBP,False,1,goods,,2022-02-14,,,,,2023-01-13,ocds-h6vhtk-039721,001045-2023-701577630-1,001045-2023-701577630-1,https://www.find-tender.service.gov.uk/Notice/001045-2023,Lockheed Martin UK
Lockheed Martin Corp,USA,name,Ministry of Defence,Merlin Out of Service Extension Programme,No end date,active,active,complete,,,GBP,False,1,services,,2023-07-04,,,,,2023-07-04,ocds-h6vhtk-03dec2,019033-2023-708470451-1,019033-2023-708470451-1,https://www.find-tender.service.gov.uk/Notice/019033-2023,Lockheed Martin
Lockheed Martin Corp,USA,name,MINISTRY OF DEFENCE,NJORD Framework - Contract Award Notice - February 2024,No end date,active,active,,1.0,contract,GBP,True,1,goods,,2024-02-27,,,,,2024-03-14,ocds-h6vhtk-044865,008124-2024-3,008124-2024-3,https://www.find-tender.service.gov.uk/Notice/008124-2024,Lockheed Martin UK Limited
Lockheed Martin Corp,USA,name,Ministry of Defence,TIQUILA Programme Mini-Uncrewed Air Systems (MUAS),No end date,active,active,complete,129350000.0,contract,GBP,False,1,goods,,2022-12-07,,,,,2022-12-15,ocds-h6vhtk-038dc4,035509-2022-1,035509-2022-1,https://www.find-tender.service.gov.uk/Notice/035509-2022,Lockheed Martin UK
Lockheed Martin Corp,USA,name,Ministry of Defence,Land Environment Air Picture Provision (LEAPP) Support Contract,No end date,active,active,complete,45000000.0,contract,GBP,False,1,services,,2024-02-28,,,,,2024-02-29,ocds-h6vhtk-044455,006528-2024-JSENS/00132-1,006528-2024-JSENS/00132-1,https://www.find-tender.service.gov.uk/Notice/006528-2024,Lockheed Martin UK Ampthill
Lockheed Martin Corp,USA,name,Ministry of Defence,Freedom of Action Hard Facilities Management,No end date,active,active,complete,9762863.0,contract,GBP,False,1,services,,2024-10-01,,,,,2024-10-28,ocds-h6vhtk-04b1ca,034835-2024-704814450-1,034835-2024-704814450-1,https://www.find-tender.service.gov.uk/Notice/034835-2024,Lockheed Martin UK
Lockheed Martin Corp,USA,name,Ministry of Defence,Global Asset Management UK Solution,No end date,active,active,complete,5000000.0,contract,GBP,False,1,services,,2025-01-31,,,,,2025-02-03,ocds-h6vhtk-04db31,003532-2025-713427452-1,003532-2025-713427452-1,https://www.find-tender.service.gov.uk/Notice/003532-2025,Lockheed Martin UK Aeronautics
Motorola Solutions Inc,USA,check,Northern Ireland Fire and Rescue Service,PROCAD Maintenance & Support,No end date,active,active,complete,1637794.0,contract,GBP,False,1,services,,2023-05-05,,,,,2023-05-05,ocds-h6vhtk-03c683,012874-2023-3496/297-1,012874-2023-3496/297-1,https://www.find-tender.service.gov.uk/Notice/012874-2023,Motorola
Motorola Solutions Inc,USA,name,The Police and Crime Commissioner for Humberside,Motorola Body Worn Video,No end date,active,active,complete,997444.0,contract,GBP,False,1,services,,2025-08-07,,,,,2025-09-09,ocds-h6vhtk-0596d3,055073-2025-1,055073-2025-1,https://www.find-tender.service.gov.uk/Notice/055073-2025,Motorola Solutions UK Limited
Motorola Solutions Inc,USA,name,Secretary of State for the Home Department - Home Office (Police),Public Safety Radio Communications Service,No end date,active,active,complete,1561919689.0,contract,GBP,False,1,services,,2021-12-20,,,,,2022-01-19,ocds-h6vhtk-030d0f,001654-2022-C9265-1,001654-2022-C9265-1,https://www.find-tender.service.gov.uk/Notice/001654-2022,Airwave Solutions Limited
Motorola Solutions Inc,USA,name,Scottish Fire and Rescue Service,Provision of Call-touch (Command and Control),No end date,active,active,complete,48553.0,contract,GBP,False,1,goods,,2023-09-19,,,,,2024-06-13,ocds-h6vhtk-04024c,027768-2023-V5A-052-2324-1,027768-2023-V5A-052-2324-1,https://www.find-tender.service.gov.uk/Notice/027768-2023,Zetron Inc
Motorola Solutions Inc,USA,name,Scottish Fire and Rescue Service,Provision of Call-touch (Command and Control),No end date,active,active,complete,48553.0,contract,GBP,False,1,goods,,2023-09-19,,,,,2024-06-13,ocds-h6vhtk-04024c,018262-2024-V5A-052-2324-1,018262-2024-V5A-052-2324-1,https://www.find-tender.service.gov.uk/Notice/018262-2024,Zetron Inc
Motorola Solutions Inc,USA,name,Cheshire Fire Authority,Incident Command System Software,No end date,active,active,complete,1110000.0,contract,GBP,False,1,services,,2026-03-03,,,,,2026-03-18,ocds-h6vhtk-066e05,024778-2026-CPA/SPU/2315F-1,024778-2026-CPA/SPU/2315F-1,https://www.find-tender.service.gov.uk/Notice/024778-2026,Motorola Solutions UK Ltd
Motorola Solutions Inc,USA,name,Hertfordshire County Council,Provision of DCS for Fire Control Collaboration communications,No end date,active,active,complete,347601.78,contract,GBP,False,1,goods,,2024-02-07,,,,,2024-03-04,ocds-h6vhtk-044506,006793-2024-1,006793-2024-1,https://www.find-tender.service.gov.uk/Notice/006793-2024,Airwave Solutions Limited
Motorola Solutions Inc,USA,check,Northern Ireland Fire & Rescue Service,PROCAD Maintenance - New Servers,No end date,active,active,complete,129236.0,contract,GBP,False,1,services,,2024-05-22,,,,,2024-06-19,ocds-h6vhtk-0469db,016239-2024-3496/317-1,016239-2024-3496/317-1,https://www.find-tender.service.gov.uk/Notice/016239-2024,Motorola
Motorola Solutions Inc,USA,name,Northern Ireland Fire & Rescue Service,PROCAD Maintenance - New Servers,No end date,active,active,complete,129236.0,contract,GBP,False,1,services,,2024-06-19,,,,,2024-06-19,ocds-h6vhtk-0469db,018871-2024-1,018871-2024-1,https://www.find-tender.service.gov.uk/Notice/018871-2024,Motorola Solutions UK Ltd
Motorola Solutions Inc,USA,check,Northern Ireland Fire & Rescue Service,ProCAD Support and Maintenance,No end date,active,active,complete,1195469.0,contract,GBP,False,1,services,,2024-11-20,,,,,2024-11-20,ocds-h6vhtk-04bd43,037513-2024-1,037513-2024-1,https://www.find-tender.service.gov.uk/Notice/037513-2024,Motorola Solution Ltd
Motorola Solutions Inc,USA,name,Northern Ireland Fire & Rescue Service,"​​​​​​​MODAS Software Support, Development & Maintenance",No end date,active,active,complete,240000.0,contract,GBP,False,1,services,,2025-02-05,,,,,2025-02-05,ocds-h6vhtk-04dbfe,003872-2025-1,003872-2025-1,https://www.find-tender.service.gov.uk/Notice/003872-2025,Motorola Solutions UK Limited
Motorola Solutions Inc,USA,name,Police And Crime Commissioner For Durham,Cortex Support and Maintenance,No end date,active,active,complete,129244.06,contract,GBP,False,1,services,,2025-12-10,,,,,2026-02-11,ocds-h6vhtk-064ddd,012402-2026-ICT 5-1,012402-2026-ICT 5-1,https://www.find-tender.service.gov.uk/Notice/012402-2026,Zetron Limited
Motorola Solutions Inc,USA,name,Scottish Fire and Rescue Service,Provision of ProCAD Support,No end date,active,active,complete,1164144.0,contract,GBP,False,1,services,,2025-12-10,,,,,2026-06-10,ocds-h6vhtk-06b149,054518-2026-NP5A-079-2526-1,054518-2026-NP5A-079-2526-1,https://www.find-tender.service.gov.uk/Notice/054518-2026,Motorola Solutions Ltd.
Motorola Solutions Inc,USA,name,Northern Ireland Fire and Rescue Service,PROCAD Support Agreement,No end date,active,active,complete,378638.0,contract,GBP,False,1,services,,2022-02-09,,,,,2022-03-10,ocds-h6vhtk-031504,003689-2022-DAC3496/264-1,003689-2022-DAC3496/264-1,https://www.find-tender.service.gov.uk/Notice/003689-2022,Motorola Solutions Ltd
Motorola Solutions Inc,USA,name,Northern Ireland Fire and Rescue Service,PROCAD Support Agreement,No end date,active,active,complete,378638.0,contract,GBP,False,1,services,,2022-03-10,,,,,2022-03-10,ocds-h6vhtk-031504,006543-2022-DAC3496/264-1,006543-2022-DAC3496/264-1,https://www.find-tender.service.gov.uk/Notice/006543-2022,Motorola Solutions
Motorola Solutions Inc,USA,name,Scottish Fire and Rescue Service,Maintenance & Support of Control Room CAD on interim basis,No end date,active,active,complete,1272095.0,contract,GBP,False,1,services,,2023-06-06,,,,,2023-06-23,ocds-h6vhtk-03d4da,016339-2023-V5C-004-2324(b)-1,016339-2023-V5C-004-2324(b)-1,https://www.find-tender.service.gov.uk/Notice/016339-2023,Motorola Solutions UK Limited
Motorola Solutions Inc,USA,name,Scottish Fire and Rescue Service,Maintenance & Support of Control Room CAD on interim basis,No end date,active,active,complete,1272095.0,contract,GBP,False,1,services,,2023-06-06,,,,,2023-06-23,ocds-h6vhtk-03d4da,017954-2023-V5C-004-2324(b)-1,017954-2023-V5C-004-2324(b)-1,https://www.find-tender.service.gov.uk/Notice/017954-2023,Motorola Solutions UK Limited
Motorola Solutions Inc,USA,check,Northern Ireland Fire and Rescue Service,PROCAD Maintenance & Support  01/04/2023-31/12/2024,No end date,active,active,complete,1637794.0,contract,GBP,False,1,services,,2023-07-19,,,,,2023-07-19,ocds-h6vhtk-03e372,020806-2023-3496/297-1,020806-2023-3496/297-1,https://www.find-tender.service.gov.uk/Notice/020806-2023,Motorola
Motorola Solutions Inc,USA,name,Defra Network eTendering Portal,Airwaves Direct Encrypted Communications,No end date,active,active,complete,,,GBP,False,1,services,,2024-03-25,,,,,2024-03-27,ocds-h6vhtk-044d6a,009982-2024-1,009982-2024-1,https://www.find-tender.service.gov.uk/Notice/009982-2024,Airwave Solutions Ltd
Motorola Solutions Inc,USA,name,Scottish Fire and Rescue Service,New Mobilising System,No end date,active,active,complete,31684106.0,contract,GBP,False,1,services,,2024-09-05,,,,,2024-11-01,ocds-h6vhtk-0498e0,028652-2024-V-053-2425-1,028652-2024-V-053-2425-1,https://www.find-tender.service.gov.uk/Notice/028652-2024,Motorola Solutions
Motorola Solutions Inc,USA,name,Scottish Fire and Rescue Service,New Mobilising System,No end date,active,active,complete,31684106.0,contract,GBP,False,1,services,,2024-09-05,,,,,2024-11-01,ocds-h6vhtk-0498e0,035427-2024-V-053-2425-1,035427-2024-V-053-2425-1,https://www.find-tender.service.gov.uk/Notice/035427-2024,Motorola Solutions
Motorola Solutions Inc,USA,check,Northern Ireland Fire & Rescue Service,ProCAD Support and Maintenance,No end date,active,active,complete,8900000.0,contract,GBP,False,1,services,,2024-12-06,,,,,2025-01-29,ocds-h6vhtk-04c2d5,039361-2024-1,039361-2024-1,https://www.find-tender.service.gov.uk/Notice/039361-2024,Motorola Solution Ltd
Motorola Solutions Inc,USA,check,Northern Ireland Fire & Rescue Service,ProCAD Support and Maintenance,No end date,active,active,complete,8900000.0,contract,GBP,False,1,services,,2025-01-01,,,,,2025-01-29,ocds-h6vhtk-04c2d5,002959-2025-1,002959-2025-1,https://www.find-tender.service.gov.uk/Notice/002959-2025,Motorola Solution Ltd
Motorola Solutions Inc,USA,name,National Highways,Traffic Manager Radio Service (Airwave),No end date,active,active,complete,12197736.0,contract,GBP,False,1,services,,2024-12-04,,,,,2024-12-04,ocds-h6vhtk-04c21d,039040-2024-1,039040-2024-1,https://www.find-tender.service.gov.uk/Notice/039040-2024,Airwave Solutions Limited
Northrop Grumman Corp,USA,name,Ministry of Defence,DDSFTW076 Northrop Grumman Software License Agreement,No end date,active,active,complete,4300000.0,contract,GBP,False,1,services,,2022-08-05,,,,,2022-08-05,ocds-h6vhtk-035933,021512-2022-704456454-1,021512-2022-704456454-1,https://www.find-tender.service.gov.uk/Notice/021512-2022,Northrop Grumman
Northrop Grumman Corp,USA,name,Ministry of Defence,"In service support of Queen Elizabeth Class Integrated Navigation and Bridge Systems, and In service support for VM250 radar, astute ships inertial navigation system, MK39 gyroscope",No end date,active,active,complete,50000000.0,contract,GBP,False,1,goods,,2023-12-15,,,,,2023-12-18,ocds-h6vhtk-04268d,037162-2023-1,037162-2023-1,https://www.find-tender.service.gov.uk/Notice/037162-2023,Northrop Grumman UK Limited
Northrop Grumman Corp,USA,name,Ministry of Defence,Delivery of IBCS and FAAD C2 Concept Studies,No end date,active,active,complete,1.0,contract,GBP,False,1,services,,2024-08-27,,,,,2024-11-19,ocds-h6vhtk-04996c,028868-2024-JSENS/00212-1,028868-2024-JSENS/00212-1,https://www.find-tender.service.gov.uk/Notice/028868-2024,NORTHROP GRUMMAN UK LIMITED
Northrop Grumman Corp,USA,name,Ministry of Defence,Delivery of IBCS and FAAD C2 Concept Studies,No end date,active,active,complete,343078.34,contract,GBP,False,1,services,,2024-11-13,,,,,2024-11-19,ocds-h6vhtk-04996c,037282-2024-JSENS/00212-1,037282-2024-JSENS/00212-1,https://www.find-tender.service.gov.uk/Notice/037282-2024,Northrop Grumman UK Limited
Northrop Grumman Corp,USA,name,MINISTRY OF DEFENCE,NG EA,No end date,active,active,complete,2132493.0,contract,GBP,False,1,goods,,2024-07-30,,,,,2024-07-30,ocds-h6vhtk-048612,023838-2024-DDSFTW104-1,023838-2024-DDSFTW104-1,https://www.find-tender.service.gov.uk/Notice/023838-2024,Northrop Grumman UK Limited
Northrop Grumman Corp,USA,name,Ministry of Defence,Sentry Programme Disposal,No end date,active,active,complete,6250000.0,contract,GBP,False,1,services,,2022-07-05,,,,,2022-07-27,ocds-h6vhtk-034e15,018285-2022-1,018285-2022-1,https://www.find-tender.service.gov.uk/Notice/018285-2022,Northrop Grumman UK Ltd
Oshkosh Corp,USA,name,Ministry of Defence,Wheeled Tanker In-Service Support,No end date,active,active,complete,55000000.0,contract,GBP,False,1,services,,2022-03-24,,,,,2023-07-14,ocds-h6vhtk-03265a,008128-2022-1,008128-2022-1,https://www.find-tender.service.gov.uk/Notice/008128-2022,Oshkosh Defense LLC
Oshkosh Corp,USA,name,Ministry of Defence,Wheeled Tanker in-Service Support,No end date,active,active,complete,41475833.0,contract,GBP,False,1,services,,2023-06-12,,,,,2023-07-14,ocds-h6vhtk-03265a,020281-2023-703040452-1,020281-2023-703040452-1,https://www.find-tender.service.gov.uk/Notice/020281-2023,Oshkosh Defense LLC
Palantir Technologies Inc,USA,name,Mayor's Office for Policing and Crime,Precise Policing 2,No end date,active,,active,,,GBP,False,54,services,,,,,,,2026-08-24,ocds-h6vhtk-05cf48,1,,https://www.find-tender.service.gov.uk/api/1.0/ocdsRecordPackages/ocds-h6vhtk-05cf48,"PALANTIR TECHNOLOGIES UK, LTD."
Palantir Technologies Inc,USA,name,National Highways,Charter 4 (Asset Knowledge) Capability Roadmap Development Task,No end date,active,active,complete,1000000000.0,contract,GBP,True,1,services,,2022-09-13,,,,,2024-08-08,ocds-h6vhtk-02e248,028511-2022-90,028511-2022-90,https://www.find-tender.service.gov.uk/Notice/028511-2022,"PALANTIR TECHNOLOGIES UK, LTD."
Palantir Technologies Inc,USA,name,National Highways,Charter 4 (Asset Knowledge) Capability Roadmap Development Task,No end date,active,active,complete,1000000000.0,contract,GBP,True,1,services,,2022-09-13,,,,,2024-08-08,ocds-h6vhtk-02e248,028518-2022-90,028518-2022-90,https://www.find-tender.service.gov.uk/Notice/028518-2022,"PALANTIR TECHNOLOGIES UK, LTD."
RTX Corp,USA,name,Ministry of Defence,Advanced Medium Range Air to Air Missile (AMRAAM) Systems In-Service Support,No end date,active,active,complete,10200000.0,contract,GBP,False,1,services,,2021-11-26,,,,,2021-11-26,ocds-h6vhtk-02fab8,029513-2021-1,029513-2021-1,https://www.find-tender.service.gov.uk/Notice/029513-2021,Raytheon Systems Limited
RTX Corp,USA,name,Ministry of Defence,Procurement of MUNS-M Equipment,No end date,active,active,complete,160702.92,contract,GBP,False,1,goods,,2024-11-28,,,,,2024-11-28,ocds-h6vhtk-04c0d8,038482-2024-712614450-1,038482-2024-712614450-1,https://www.find-tender.service.gov.uk/Notice/038482-2024,Rockwell Collins Australia Pty
RTX Corp,USA,name,Government Commercial Agency,Space Technology Solutions,No end date,active,,active,,,GBP,False,47,goods,,,,,,,2026-10-01,ocds-h6vhtk-0510f8,1,,https://www.find-tender.service.gov.uk/api/1.0/ocdsRecordPackages/ocds-h6vhtk-0510f8,RAYTHEON SYSTEMS LIMITED
RTX Corp,USA,name,Government Commercial Agency,Space Technology Solutions,No end date,active,,active,,,GBP,False,30,goods,,,,,,,2026-10-01,ocds-h6vhtk-0510f8,3,,https://www.find-tender.service.gov.uk/api/1.0/ocdsRecordPackages/ocds-h6vhtk-0510f8,RAYTHEON SYSTEMS LIMITED
RTX Corp,USA,name,Government Commercial Agency,Space Technology Solutions,No end date,active,,active,,,GBP,False,32,goods,,,,,,,2026-10-01,ocds-h6vhtk-0510f8,4,,https://www.find-tender.service.gov.uk/api/1.0/ocdsRecordPackages/ocds-h6vhtk-0510f8,RAYTHEON SYSTEMS LIMITED
RTX Corp,USA,name,Government Commercial Agency,Space Technology Solutions,No end date,active,,active,,,GBP,False,50,goods,,,,,,,2026-10-01,ocds-h6vhtk-0510f8,5,,https://www.find-tender.service.gov.uk/api/1.0/ocdsRecordPackages/ocds-h6vhtk-0510f8,RAYTHEON SYSTEMS LIMITED
RTX Corp,USA,name,Government Commercial Agency,Space Technology Solutions,No end date,active,,active,,,GBP,False,95,goods,,,,,,,2026-10-01,ocds-h6vhtk-0510f8,6,,https://www.find-tender.service.gov.uk/api/1.0/ocdsRecordPackages/ocds-h6vhtk-0510f8,RAYTHEON SYSTEMS LIMITED
RTX Corp,USA,name,Government Commercial Agency,Space Technology Solutions,No end date,active,,active,,,GBP,False,57,goods,,,,,,,2026-10-01,ocds-h6vhtk-0510f8,7,,https://www.find-tender.service.gov.uk/api/1.0/ocdsRecordPackages/ocds-h6vhtk-0510f8,RAYTHEON SYSTEMS LIMITED
RTX Corp,USA,name,Government Commercial Agency,Space Technology Solutions,No end date,active,,active,,,GBP,False,66,goods,,,,,,,2026-10-01,ocds-h6vhtk-0510f8,8,,https://www.find-tender.service.gov.uk/api/1.0/ocdsRecordPackages/ocds-h6vhtk-0510f8,RAYTHEON SYSTEMS LIMITED
RTX Corp,USA,name,Government Commercial Agency,Space Technology Solutions,No end date,active,,active,,,GBP,False,23,goods,,,,,,,2026-10-01,ocds-h6vhtk-0510f8,9,,https://www.find-tender.service.gov.uk/api/1.0/ocdsRecordPackages/ocds-h6vhtk-0510f8,RAYTHEON SYSTEMS LIMITED
RTX Corp,USA,name,Government Commercial Agency,Space Technology Solutions,No end date,active,,active,,,GBP,False,41,goods,,,,,,,2026-10-01,ocds-h6vhtk-0510f8,10,,https://www.find-tender.service.gov.uk/api/1.0/ocdsRecordPackages/ocds-h6vhtk-0510f8,RAYTHEON SYSTEMS LIMITED
RTX Corp,USA,name,Government Commercial Agency,Space Technology Solutions,No end date,active,,active,,,GBP,False,40,goods,,,,,,,2026-10-01,ocds-h6vhtk-0510f8,12,,https://www.find-tender.service.gov.uk/api/1.0/ocdsRecordPackages/ocds-h6vhtk-0510f8,RAYTHEON SYSTEMS LIMITED
RTX Corp,USA,name,Government Commercial Agency,Space Technology Solutions,No end date,active,,active,,,GBP,False,62,goods,,,,,,,2026-10-01,ocds-h6vhtk-0510f8,13,,https://www.find-tender.service.gov.uk/api/1.0/ocdsRecordPackages/ocds-h6vhtk-0510f8,RAYTHEON SYSTEMS LIMITED
RTX Corp,USA,name,Government Commercial Agency,Space Technology Solutions,No end date,active,,active,,,GBP,False,27,goods,,,,,,,2026-10-01,ocds-h6vhtk-0510f8,14,,https://www.find-tender.service.gov.uk/api/1.0/ocdsRecordPackages/ocds-h6vhtk-0510f8,RAYTHEON SYSTEMS LIMITED
RTX Corp,USA,name,Government Commercial Agency,Space Technology Solutions,No end date,active,,active,,,GBP,False,22,goods,,,,,,,2026-10-01,ocds-h6vhtk-0510f8,15,,https://www.find-tender.service.gov.uk/api/1.0/ocdsRecordPackages/ocds-h6vhtk-0510f8,RAYTHEON SYSTEMS LIMITED
RTX Corp,USA,name,Government Commercial Agency,Space Technology Solutions,No end date,active,,active,,,GBP,False,17,goods,,,,,,,2026-10-01,ocds-h6vhtk-0510f8,16,,https://www.find-tender.service.gov.uk/api/1.0/ocdsRecordPackages/ocds-h6vhtk-0510f8,RAYTHEON SYSTEMS LIMITED
RTX Corp,USA,name,Government Commercial Agency,Space Technology Solutions,No end date,active,,active,,,GBP,False,49,goods,,,,,,,2026-10-01,ocds-h6vhtk-0510f8,18,,https://www.find-tender.service.gov.uk/api/1.0/ocdsRecordPackages/ocds-h6vhtk-0510f8,RAYTHEON SYSTEMS LIMITED
RTX Corp,USA,name,Government Commercial Agency,Space Technology Solutions,No end date,active,,active,,,GBP,False,48,goods,,,,,,,2026-10-01,ocds-h6vhtk-0510f8,19,,https://www.find-tender.service.gov.uk/api/1.0/ocdsRecordPackages/ocds-h6vhtk-0510f8,RAYTHEON SYSTEMS LIMITED
RTX Corp,USA,name,Government Commercial Agency,Space Technology Solutions,No end date,active,,active,,,GBP,False,45,goods,,,,,,,2026-10-01,ocds-h6vhtk-0510f8,20,,https://www.find-tender.service.gov.uk/api/1.0/ocdsRecordPackages/ocds-h6vhtk-0510f8,RAYTHEON SYSTEMS LIMITED
RTX Corp,USA,name,Government Commercial Agency,Space Technology Solutions,No end date,active,,active,,,GBP,False,58,goods,,,,,,,2026-10-01,ocds-h6vhtk-0510f8,21,,https://www.find-tender.service.gov.uk/api/1.0/ocdsRecordPackages/ocds-h6vhtk-0510f8,RAYTHEON SYSTEMS LIMITED
RTX Corp,USA,name,Government Commercial Agency,Space Technology Solutions,No end date,active,,active,,,GBP,False,31,goods,,,,,,,2026-10-01,ocds-h6vhtk-0510f8,23,,https://www.find-tender.service.gov.uk/api/1.0/ocdsRecordPackages/ocds-h6vhtk-0510f8,RAYTHEON SYSTEMS LIMITED
RTX Corp,USA,name,Government Commercial Agency,Space Technology Solutions,No end date,active,,active,,,GBP,False,40,goods,,,,,,,2026-10-01,ocds-h6vhtk-0510f8,26,,https://www.find-tender.service.gov.uk/api/1.0/ocdsRecordPackages/ocds-h6vhtk-0510f8,RAYTHEON SYSTEMS LIMITED
RTX Corp,USA,name,Government Commercial Agency,Space Technology Solutions,No end date,active,,active,,,GBP,False,34,goods,,,,,,,2026-10-01,ocds-h6vhtk-0510f8,27,,https://www.find-tender.service.gov.uk/api/1.0/ocdsRecordPackages/ocds-h6vhtk-0510f8,RAYTHEON SYSTEMS LIMITED
RTX Corp,USA,name,Government Commercial Agency,Space Technology Solutions,No end date,active,,active,,,GBP,False,38,goods,,,,,,,2026-10-01,ocds-h6vhtk-0510f8,28,,https://www.find-tender.service.gov.uk/api/1.0/ocdsRecordPackages/ocds-h6vhtk-0510f8,RAYTHEON SYSTEMS LIMITED
RTX Corp,USA,name,Government Commercial Agency,Space Technology Solutions,No end date,active,,active,,,GBP,False,31,goods,,,,,,,2026-10-01,ocds-h6vhtk-0510f8,34,,https://www.find-tender.service.gov.uk/api/1.0/ocdsRecordPackages/ocds-h6vhtk-0510f8,RAYTHEON SYSTEMS LIMITED
RTX Corp,USA,name,Government Commercial Agency,Space Technology Solutions,No end date,active,,active,,,GBP,False,28,goods,,,,,,,2026-10-01,ocds-h6vhtk-0510f8,35,,https://www.find-tender.service.gov.uk/api/1.0/ocdsRecordPackages/ocds-h6vhtk-0510f8,RAYTHEON SYSTEMS LIMITED
RTX Corp,USA,name,Government Commercial Agency,Space Technology Solutions,No end date,active,,active,,,GBP,False,24,goods,,,,,,,2026-10-01,ocds-h6vhtk-0510f8,36,,https://www.find-tender.service.gov.uk/api/1.0/ocdsRecordPackages/ocds-h6vhtk-0510f8,RAYTHEON SYSTEMS LIMITED
RTX Corp,USA,name,Government Commercial Agency,Space Technology Solutions,No end date,active,,active,,,GBP,False,33,goods,,,,,,,2026-10-01,ocds-h6vhtk-0510f8,37,,https://www.find-tender.service.gov.uk/api/1.0/ocdsRecordPackages/ocds-h6vhtk-0510f8,RAYTHEON SYSTEMS LIMITED
RTX Corp,USA,name,Government Commercial Agency,Space Technology Solutions,No end date,active,,active,,,GBP,False,26,goods,,,,,,,2026-10-01,ocds-h6vhtk-0510f8,40,,https://www.find-tender.service.gov.uk/api/1.0/ocdsRecordPackages/ocds-h6vhtk-0510f8,RAYTHEON SYSTEMS LIMITED
RTX Corp,USA,name,Government Commercial Agency,Space Technology Solutions,No end date,active,,active,,,GBP,False,41,goods,,,,,,,2026-10-01,ocds-h6vhtk-0510f8,42,,https://www.find-tender.service.gov.uk/api/1.0/ocdsRecordPackages/ocds-h6vhtk-0510f8,RAYTHEON SYSTEMS LIMITED
RTX Corp,USA,name,Government Commercial Agency,Space Technology Solutions,No end date,active,,active,,,GBP,False,40,goods,,,,,,,2026-10-01,ocds-h6vhtk-0510f8,43,,https://www.find-tender.service.gov.uk/api/1.0/ocdsRecordPackages/ocds-h6vhtk-0510f8,RAYTHEON SYSTEMS LIMITED
RTX Corp,USA,name,Government Commercial Agency,Space Technology Solutions,No end date,active,,active,,,GBP,False,86,goods,,,,,,,2026-10-01,ocds-h6vhtk-0510f8,48,,https://www.find-tender.service.gov.uk/api/1.0/ocdsRecordPackages/ocds-h6vhtk-0510f8,RAYTHEON SYSTEMS LIMITED
RTX Corp,USA,name,Government Commercial Agency,Space Technology Solutions,No end date,active,,active,,,GBP,False,81,goods,,,,,,,2026-10-01,ocds-h6vhtk-0510f8,51,,https://www.find-tender.service.gov.uk/api/1.0/ocdsRecordPackages/ocds-h6vhtk-0510f8,RAYTHEON SYSTEMS LIMITED
RTX Corp,USA,name,Government Commercial Agency,Space Technology Solutions,No end date,active,,active,,,GBP,False,42,goods,,,,,,,2026-10-01,ocds-h6vhtk-0510f8,53,,https://www.find-tender.service.gov.uk/api/1.0/ocdsRecordPackages/ocds-h6vhtk-0510f8,RAYTHEON SYSTEMS LIMITED
RTX Corp,USA,name,Government Commercial Agency,Space Technology Solutions,No end date,active,,active,,,GBP,False,30,goods,,,,,,,2026-10-01,ocds-h6vhtk-0510f8,55,,https://www.find-tender.service.gov.uk/api/1.0/ocdsRecordPackages/ocds-h6vhtk-0510f8,RAYTHEON SYSTEMS LIMITED
RTX Corp,USA,name,Government Commercial Agency,Space Technology Solutions,No end date,active,,active,,,GBP,False,83,goods,,,,,,,2026-10-01,ocds-h6vhtk-0510f8,56,,https://www.find-tender.service.gov.uk/api/1.0/ocdsRecordPackages/ocds-h6vhtk-0510f8,RAYTHEON SYSTEMS LIMITED
RTX Corp,USA,name,Government Commercial Agency,Space Technology Solutions,No end date,active,,active,,,GBP,False,71,goods,,,,,,,2026-10-01,ocds-h6vhtk-0510f8,57,,https://www.find-tender.service.gov.uk/api/1.0/ocdsRecordPackages/ocds-h6vhtk-0510f8,RAYTHEON SYSTEMS LIMITED
RTX Corp,USA,name,Government Commercial Agency,Space Technology Solutions,No end date,active,,active,,,GBP,False,67,goods,,,,,,,2026-10-01,ocds-h6vhtk-0510f8,58,,https://www.find-tender.service.gov.uk/api/1.0/ocdsRecordPackages/ocds-h6vhtk-0510f8,RAYTHEON SYSTEMS LIMITED
RTX Corp,USA,name,Government Commercial Agency,Space Technology Solutions,No end date,active,,active,,,GBP,False,76,goods,,,,,,,2026-10-01,ocds-h6vhtk-0510f8,60,,https://www.find-tender.service.gov.uk/api/1.0/ocdsRecordPackages/ocds-h6vhtk-0510f8,RAYTHEON SYSTEMS LIMITED
RTX Corp,USA,name,Government Commercial Agency,Space Technology Solutions,No end date,active,,active,,,GBP,False,22,goods,,,,,,,2026-10-01,ocds-h6vhtk-0510f8,61,,https://www.find-tender.service.gov.uk/api/1.0/ocdsRecordPackages/ocds-h6vhtk-0510f8,RAYTHEON SYSTEMS LIMITED
RTX Corp,USA,name,Government Commercial Agency,Space Technology Solutions,No end date,active,,active,,,GBP,False,77,goods,,,,,,,2026-10-01,ocds-h6vhtk-0510f8,62,,https://www.find-tender.service.gov.uk/api/1.0/ocdsRecordPackages/ocds-h6vhtk-0510f8,RAYTHEON SYSTEMS LIMITED
RTX Corp,USA,name,Government Commercial Agency,Space Technology Solutions,No end date,active,,active,,,GBP,False,15,goods,,,,,,,2026-10-01,ocds-h6vhtk-0510f8,63,,https://www.find-tender.service.gov.uk/api/1.0/ocdsRecordPackages/ocds-h6vhtk-0510f8,RAYTHEON SYSTEMS LIMITED
RTX Corp,USA,name,Government Commercial Agency,Space Technology Solutions,No end date,active,,active,,,GBP,False,46,goods,,,,,,,2026-10-01,ocds-h6vhtk-0510f8,65,,https://www.find-tender.service.gov.uk/api/1.0/ocdsRecordPackages/ocds-h6vhtk-0510f8,RAYTHEON SYSTEMS LIMITED
RTX Corp,USA,name,Government Commercial Agency,Space Technology Solutions,No end date,active,,active,,,GBP,False,73,goods,,,,,,,2026-10-01,ocds-h6vhtk-0510f8,66,,https://www.find-tender.service.gov.uk/api/1.0/ocdsRecordPackages/ocds-h6vhtk-0510f8,RAYTHEON SYSTEMS LIMITED
RTX Corp,USA,name,Government Commercial Agency,Space Technology Solutions,No end date,active,,active,,,GBP,False,79,goods,,,,,,,2026-10-01,ocds-h6vhtk-0510f8,67,,https://www.find-tender.service.gov.uk/api/1.0/ocdsRecordPackages/ocds-h6vhtk-0510f8,RAYTHEON SYSTEMS LIMITED
RTX Corp,USA,name,Government Commercial Agency,Space Technology Solutions,No end date,active,,active,,,GBP,False,93,goods,,,,,,,2026-10-01,ocds-h6vhtk-0510f8,68,,https://www.find-tender.service.gov.uk/api/1.0/ocdsRecordPackages/ocds-h6vhtk-0510f8,RAYTHEON SYSTEMS LIMITED
RTX Corp,USA,name,Government Commercial Agency,Space Technology Solutions,No end date,active,,active,,,GBP,False,36,goods,,,,,,,2026-10-01,ocds-h6vhtk-0510f8,70,,https://www.find-tender.service.gov.uk/api/1.0/ocdsRecordPackages/ocds-h6vhtk-0510f8,RAYTHEON SYSTEMS LIMITED
RTX Corp,USA,name,Government Commercial Agency,Space Technology Solutions,No end date,active,,active,,,GBP,False,46,goods,,,,,,,2026-10-01,ocds-h6vhtk-0510f8,71,,https://www.find-tender.service.gov.uk/api/1.0/ocdsRecordPackages/ocds-h6vhtk-0510f8,RAYTHEON SYSTEMS LIMITED
RTX Corp,USA,name,Government Commercial Agency,Space Technology Solutions,No end date,active,,active,,,GBP,False,34,goods,,,,,,,2026-10-01,ocds-h6vhtk-0510f8,72,,https://www.find-tender.service.gov.uk/api/1.0/ocdsRecordPackages/ocds-h6vhtk-0510f8,RAYTHEON SYSTEMS LIMITED
RTX Corp,USA,name,Government Commercial Agency,Space Technology Solutions,No end date,active,,active,,,GBP,False,39,goods,,,,,,,2026-10-01,ocds-h6vhtk-0510f8,73,,https://www.find-tender.service.gov.uk/api/1.0/ocdsRecordPackages/ocds-h6vhtk-0510f8,RAYTHEON SYSTEMS LIMITED
RTX Corp,USA,name,Government Commercial Agency,Space Technology Solutions,No end date,active,,active,,,GBP,False,50,goods,,,,,,,2026-10-01,ocds-h6vhtk-0510f8,74,,https://www.find-tender.service.gov.uk/api/1.0/ocdsRecordPackages/ocds-h6vhtk-0510f8,RAYTHEON SYSTEMS LIMITED
RTX Corp,USA,name,Government Commercial Agency,Space Technology Solutions,No end date,active,,active,,,GBP,False,40,goods,,,,,,,2026-10-01,ocds-h6vhtk-0510f8,75,,https://www.find-tender.service.gov.uk/api/1.0/ocdsRecordPackages/ocds-h6vhtk-0510f8,RAYTHEON SYSTEMS LIMITED
RTX Corp,USA,name,Government Commercial Agency,Space Technology Solutions,No end date,active,,active,,,GBP,False,29,goods,,,,,,,2026-10-01,ocds-h6vhtk-0510f8,80,,https://www.find-tender.service.gov.uk/api/1.0/ocdsRecordPackages/ocds-h6vhtk-0510f8,RAYTHEON SYSTEMS LIMITED
RTX Corp,USA,name,Government Commercial Agency,Space Technology Solutions,No end date,active,,active,,,GBP,False,29,goods,,,,,,,2026-10-01,ocds-h6vhtk-0510f8,81,,https://www.find-tender.service.gov.uk/api/1.0/ocdsRecordPackages/ocds-h6vhtk-0510f8,RAYTHEON SYSTEMS LIMITED
RTX Corp,USA,name,Government Commercial Agency,Space Technology Solutions,No end date,active,,active,,,GBP,False,40,goods,,,,,,,2026-10-01,ocds-h6vhtk-0510f8,82,,https://www.find-tender.service.gov.uk/api/1.0/ocdsRecordPackages/ocds-h6vhtk-0510f8,RAYTHEON SYSTEMS LIMITED
RTX Corp,USA,name,Government Commercial Agency,Space Technology Solutions,No end date,active,,active,,,GBP,False,42,goods,,,,,,,2026-10-01,ocds-h6vhtk-0510f8,83,,https://www.find-tender.service.gov.uk/api/1.0/ocdsRecordPackages/ocds-h6vhtk-0510f8,RAYTHEON SYSTEMS LIMITED
RTX Corp,USA,name,Government Commercial Agency,Space Technology Solutions,No end date,active,,active,,,GBP,False,42,goods,,,,,,,2026-10-01,ocds-h6vhtk-0510f8,84,,https://www.find-tender.service.gov.uk/api/1.0/ocdsRecordPackages/ocds-h6vhtk-0510f8,RAYTHEON SYSTEMS LIMITED
RTX Corp,USA,name,Government Commercial Agency,Space Technology Solutions,No end date,active,,active,,,GBP,False,45,goods,,,,,,,2026-10-01,ocds-h6vhtk-0510f8,85,,https://www.find-tender.service.gov.uk/api/1.0/ocdsRecordPackages/ocds-h6vhtk-0510f8,RAYTHEON SYSTEMS LIMITED
RTX Corp,USA,name,Government Commercial Agency,Space Technology Solutions,No end date,active,,active,,,GBP,False,42,goods,,,,,,,2026-10-01,ocds-h6vhtk-0510f8,87,,https://www.find-tender.service.gov.uk/api/1.0/ocdsRecordPackages/ocds-h6vhtk-0510f8,RAYTHEON SYSTEMS LIMITED
RTX Corp,USA,name,Government Commercial Agency,Space Technology Solutions,No end date,active,,active,,,GBP,False,51,goods,,,,,,,2026-10-01,ocds-h6vhtk-0510f8,88,,https://www.find-tender.service.gov.uk/api/1.0/ocdsRecordPackages/ocds-h6vhtk-0510f8,RAYTHEON SYSTEMS LIMITED
RTX Corp,USA,name,Government Commercial Agency,Space Technology Solutions,No end date,active,,active,,,GBP,False,48,goods,,,,,,,2026-10-01,ocds-h6vhtk-0510f8,89,,https://www.find-tender.service.gov.uk/api/1.0/ocdsRecordPackages/ocds-h6vhtk-0510f8,RAYTHEON SYSTEMS LIMITED
RTX Corp,USA,name,Government Commercial Agency,Space Technology Solutions,No end date,active,,active,,,GBP,False,38,goods,,,,,,,2026-10-01,ocds-h6vhtk-0510f8,94,,https://www.find-tender.service.gov.uk/api/1.0/ocdsRecordPackages/ocds-h6vhtk-0510f8,RAYTHEON SYSTEMS LIMITED
RTX Corp,USA,name,Government Commercial Agency,Space Technology Solutions,No end date,active,,active,,,GBP,False,41,goods,,,,,,,2026-10-01,ocds-h6vhtk-0510f8,95,,https://www.find-tender.service.gov.uk/api/1.0/ocdsRecordPackages/ocds-h6vhtk-0510f8,RAYTHEON SYSTEMS LIMITED
RTX Corp,USA,name,Government Commercial Agency,Space Technology Solutions,No end date,active,,active,,,GBP,False,37,goods,,,,,,,2026-10-01,ocds-h6vhtk-0510f8,97,,https://www.find-tender.service.gov.uk/api/1.0/ocdsRecordPackages/ocds-h6vhtk-0510f8,RAYTHEON SYSTEMS LIMITED
RTX Corp,USA,name,Government Commercial Agency,Space Technology Solutions,No end date,active,,active,,,GBP,False,34,goods,,,,,,,2026-10-01,ocds-h6vhtk-0510f8,98,,https://www.find-tender.service.gov.uk/api/1.0/ocdsRecordPackages/ocds-h6vhtk-0510f8,RAYTHEON SYSTEMS LIMITED
RTX Corp,USA,name,Government Commercial Agency,Space Technology Solutions,No end date,active,,active,,,GBP,False,41,goods,,,,,,,2026-10-01,ocds-h6vhtk-0510f8,99,,https://www.find-tender.service.gov.uk/api/1.0/ocdsRecordPackages/ocds-h6vhtk-0510f8,RAYTHEON SYSTEMS LIMITED
RTX Corp,USA,name,Government Commercial Agency,Space Technology Solutions,No end date,active,,active,,,GBP,False,88,goods,,,,,,,2026-10-01,ocds-h6vhtk-0510f8,103,,https://www.find-tender.service.gov.uk/api/1.0/ocdsRecordPackages/ocds-h6vhtk-0510f8,RAYTHEON SYSTEMS LIMITED
RTX Corp,USA,name,Government Commercial Agency,Space Technology Solutions,No end date,active,,active,,,GBP,False,65,goods,,,,,,,2026-10-01,ocds-h6vhtk-0510f8,104,,https://www.find-tender.service.gov.uk/api/1.0/ocdsRecordPackages/ocds-h6vhtk-0510f8,RAYTHEON SYSTEMS LIMITED
RTX Corp,USA,name,Government Commercial Agency,Space Technology Solutions,No end date,active,,active,,,GBP,False,87,goods,,,,,,,2026-10-01,ocds-h6vhtk-0510f8,106,,https://www.find-tender.service.gov.uk/api/1.0/ocdsRecordPackages/ocds-h6vhtk-0510f8,RAYTHEON SYSTEMS LIMITED
RTX Corp,USA,name,Government Commercial Agency,Space Technology Solutions,No end date,active,,active,,,GBP,False,39,goods,,,,,,,2026-10-01,ocds-h6vhtk-0510f8,107,,https://www.find-tender.service.gov.uk/api/1.0/ocdsRecordPackages/ocds-h6vhtk-0510f8,RAYTHEON SYSTEMS LIMITED
RTX Corp,USA,name,Government Commercial Agency,Space Technology Solutions,No end date,active,,active,,,GBP,False,65,goods,,,,,,,2026-10-01,ocds-h6vhtk-0510f8,111,,https://www.find-tender.service.gov.uk/api/1.0/ocdsRecordPackages/ocds-h6vhtk-0510f8,RAYTHEON SYSTEMS LIMITED
RTX Corp,USA,name,Government Commercial Agency,Space Technology Solutions,No end date,active,,active,,,GBP,False,36,goods,,,,,,,2026-10-01,ocds-h6vhtk-0510f8,112,,https://www.find-tender.service.gov.uk/api/1.0/ocdsRecordPackages/ocds-h6vhtk-0510f8,RAYTHEON SYSTEMS LIMITED
RTX Corp,USA,name,Government Commercial Agency,Space Technology Solutions,No end date,active,,active,,,GBP,False,83,goods,,,,,,,2026-10-01,ocds-h6vhtk-0510f8,114,,https://www.find-tender.service.gov.uk/api/1.0/ocdsRecordPackages/ocds-h6vhtk-0510f8,RAYTHEON SYSTEMS LIMITED
RTX Corp,USA,name,Government Commercial Agency,Space Technology Solutions,No end date,active,,active,,,GBP,False,86,goods,,,,,,,2026-10-01,ocds-h6vhtk-0510f8,115,,https://www.find-tender.service.gov.uk/api/1.0/ocdsRecordPackages/ocds-h6vhtk-0510f8,RAYTHEON SYSTEMS LIMITED
RTX Corp,USA,name,Government Commercial Agency,Space Technology Solutions,No end date,active,,active,,,GBP,False,45,goods,,,,,,,2026-10-01,ocds-h6vhtk-0510f8,116,,https://www.find-tender.service.gov.uk/api/1.0/ocdsRecordPackages/ocds-h6vhtk-0510f8,RAYTHEON SYSTEMS LIMITED
RTX Corp,USA,name,Government Commercial Agency,Space Technology Solutions,No end date,active,,active,,,GBP,False,31,goods,,,,,,,2026-10-01,ocds-h6vhtk-0510f8,117,,https://www.find-tender.service.gov.uk/api/1.0/ocdsRecordPackages/ocds-h6vhtk-0510f8,RAYTHEON SYSTEMS LIMITED
RTX Corp,USA,name,Government Commercial Agency,Space Technology Solutions,No end date,active,,active,,,GBP,False,32,goods,,,,,,,2026-10-01,ocds-h6vhtk-0510f8,118,,https://www.find-tender.service.gov.uk/api/1.0/ocdsRecordPackages/ocds-h6vhtk-0510f8,RAYTHEON SYSTEMS LIMITED
RTX Corp,USA,name,Government Commercial Agency,Space Technology Solutions,No end date,active,,active,,,GBP,False,37,goods,,,,,,,2026-10-01,ocds-h6vhtk-0510f8,119,,https://www.find-tender.service.gov.uk/api/1.0/ocdsRecordPackages/ocds-h6vhtk-0510f8,RAYTHEON SYSTEMS LIMITED
RTX Corp,USA,name,Government Commercial Agency,Space Technology Solutions,No end date,active,,active,,,GBP,False,27,goods,,,,,,,2026-10-01,ocds-h6vhtk-0510f8,120,,https://www.find-tender.service.gov.uk/api/1.0/ocdsRecordPackages/ocds-h6vhtk-0510f8,RAYTHEON SYSTEMS LIMITED
RTX Corp,USA,name,Government Commercial Agency,Space Technology Solutions,No end date,active,,active,,,GBP,False,31,goods,,,,,,,2026-10-01,ocds-h6vhtk-0510f8,124,,https://www.find-tender.service.gov.uk/api/1.0/ocdsRecordPackages/ocds-h6vhtk-0510f8,RAYTHEON SYSTEMS LIMITED
RTX Corp,USA,name,Government Commercial Agency,Space Technology Solutions,No end date,active,,active,,,GBP,False,41,goods,,,,,,,2026-10-01,ocds-h6vhtk-0510f8,125,,https://www.find-tender.service.gov.uk/api/1.0/ocdsRecordPackages/ocds-h6vhtk-0510f8,RAYTHEON SYSTEMS LIMITED
RTX Corp,USA,name,Government Commercial Agency,Space Technology Solutions,No end date,active,,active,,,GBP,False,41,goods,,,,,,,2026-10-01,ocds-h6vhtk-0510f8,127,,https://www.find-tender.service.gov.uk/api/1.0/ocdsRecordPackages/ocds-h6vhtk-0510f8,RAYTHEON SYSTEMS LIMITED
RTX Corp,USA,name,Ministry of Defence,Provision of Data Analysis and Operational Certificates of Design (CofD) in support of the Paveway IV MK2 Integration onto Protector RG-1,No end date,active,active,complete,3900000.0,contract,GBP,False,1,services,,2021-10-15,,,,,2021-10-15,ocds-h6vhtk-02ec9d,025904-2021-701790450-1,025904-2021-701790450-1,https://www.find-tender.service.gov.uk/Notice/025904-2021,Raytheon UK
RTX Corp,USA,name,Ministry of Defence,Zeus Software Support,No end date,active,active,complete,581500.0,contract,USD,False,1,goods,,2022-10-03,,,,,2022-10-31,ocds-h6vhtk-037243,027633-2022-UAS/00120-1,027633-2022-UAS/00120-1,https://www.find-tender.service.gov.uk/Notice/027633-2022,Raytheon Solipsys
RTX Corp,USA,name,Ministry of Defence,Zeus Software Support - Amendment 4 Procurement of additional Zeus licence for Protector,No end date,active,active,complete,581500.0,contract,USD,False,1,goods,,2022-10-19,,,,,2022-10-31,ocds-h6vhtk-037243,030712-2022-UAS/000120 Amendment 4-1,030712-2022-UAS/000120 Amendment 4-1,https://www.find-tender.service.gov.uk/Notice/030712-2022,Raytheon Solypsis
RTX Corp,USA,name,DE&S Deca,F-35 EPGS Depot Activation,No end date,active,active,complete,2000000.0,contract,USD,False,1,services,,2023-10-24,,,,,2024-01-15,ocds-h6vhtk-040ea2,031378-2023-SEA/19352-1,031378-2023-SEA/19352-1,https://www.find-tender.service.gov.uk/Notice/031378-2023,Collins Aerospace (Hamilton Sundstrand Corporation)
RTX Corp,USA,name,Department for Education,Skills Bootcamps Lot 1,No end date,active,active,complete,180000.0,contract,GBP,False,1,services,,2022-09-29,,,,,2022-11-09,ocds-h6vhtk-030e27,027381-2022-SBP-1084-25,027381-2022-SBP-1084-25,https://www.find-tender.service.gov.uk/Notice/027381-2022,RAYTHEON SYSTEMS LIMITED
RTX Corp,USA,name,Department for Education,Skills Bootcamps Lot 7,No end date,active,active,complete,1280000.0,contract,GBP,False,1,services,,2022-09-29,,,,,2022-11-09,ocds-h6vhtk-030e27,027400-2022-SBP-1103-10,027400-2022-SBP-1103-10,https://www.find-tender.service.gov.uk/Notice/027400-2022,RAYTHEON SYSTEMS LIMITED
RTX Corp,USA,name,Ministry of Defence,704229450 - Paveway IV In Service Support II (700512370),No end date,active,active,complete,13638785.0,contract,GBP,False,1,services,,2022-05-20,,,,,2022-06-23,ocds-h6vhtk-0349ec,017223-2022-704229450-1,017223-2022-704229450-1,https://www.find-tender.service.gov.uk/Notice/017223-2022,Raytheon Systems Ltd
RTX Corp,USA,name,Ministry of Defence,Provision of the Army Collective Training Service,No end date,active,active,complete,1946794337.67,contract,GBP,False,1,services,,2026-06-29,,,,,2026-08-13,ocds-h6vhtk-06e3e4,077370-2026-707414450-1,077370-2026-707414450-1,https://www.find-tender.service.gov.uk/Notice/077370-2026,Raytheon Systems UK
Rheinmetall AG,Germany,name,Ministry of Defence,Lot 3 - Leader Follower,No end date,active,active,,246751.0,contract,GBP,False,1,services,,2023-02-01,,,,,2023-02-28,ocds-h6vhtk-03ace9,005871-2023-1,005871-2023-1,https://www.find-tender.service.gov.uk/Notice/005871-2023,Rheinmetall Man Military Vehicles UK Ltd
Rheinmetall AG,Germany,name,Ministry of Defence,Procurement of 500x Palletised Loading System (PLS) Platforms with an option to increase and extend contract quantity and duration,No end date,active,active,complete,350000000.0,contract,GBP,False,1,goods,,2023-08-04,,,,,2023-08-09,ocds-h6vhtk-03ee1e,023159-2023-1,023159-2023-1,https://www.find-tender.service.gov.uk/Notice/023159-2023,Rheinmetall MAN Military Vehicles (RMMV)
Rheinmetall AG,Germany,name,Ministry of Defence,The Repair of Line Replacement Units (LRU's) and Associated Assemblies,No end date,active,active,complete,1925000.0,contract,GBP,False,1,services,,2023-03-01,,,,,2023-10-05,ocds-h6vhtk-04085e,029445-2023-IRM19/7330-1,029445-2023-IRM19/7330-1,https://www.find-tender.service.gov.uk/Notice/029445-2023,Rheinmetall BAE Systems Land
Rheinmetall AG,Germany,name,Ministry of Defence,Lipless Firing Needle Assemblies,No end date,active,active,,578898.0,contract,GBP,False,1,goods,,2023-09-22,,,,,2023-11-08,ocds-h6vhtk-0416f0,033122-2023-704942450-1,033122-2023-704942450-1,https://www.find-tender.service.gov.uk/Notice/033122-2023,Rheinmetall BAE Systems Land (RBSL) Limited
Rheinmetall AG,Germany,name,Ministry of Defence,The Repair of Various Line Replacement Units (LRU’s) and Associated items,No end date,active,active,complete,4000000.0,contract,GBP,True,1,services,,2023-02-03,,,,,2023-03-06,ocds-h6vhtk-03ae6c,006470-2023-IRM19/7330-1,006470-2023-IRM19/7330-1,https://www.find-tender.service.gov.uk/Notice/006470-2023,Rheinmetall BAE Systems Land
Rheinmetall AG,Germany,name,Ministry of Defence,CSC & ROCU Laptops,No end date,active,active,complete,1729000.0,contract,GBP,False,1,goods,,2023-06-27,,,,,2023-06-27,ocds-h6vhtk-03dcd8,018269-2023-1,018269-2023-1,https://www.find-tender.service.gov.uk/Notice/018269-2023,Rheinmetall BAE Systems Land (RBSL)
Rheinmetall AG,Germany,name,Ministry of Defence,Precision Gunnery Training Equipment (PGTE) & Terrier Training System (TTS) for Contractor Logistic Support (CLS) & Post Design Services (PDS),No end date,active,active,complete,14000000.0,contract,GBP,False,1,services,,2024-08-22,,,,,2024-08-23,ocds-h6vhtk-04936e,027021-2024-711552451(TSSP/147)-1,027021-2024-711552451(TSSP/147)-1,https://www.find-tender.service.gov.uk/Notice/027021-2024,Rheinmetall BAE Systems Land
Rheinmetall AG,Germany,name,Ministry of Defence,,No end date,active,active,,0.0,contract,GBP,False,1,services,,2022-12-20,,,,,2023-02-22,ocds-h6vhtk-03a78b,005325-2023-3,005325-2023-3,https://www.find-tender.service.gov.uk/Notice/005325-2023,Rheinmetall Defence UL Ltd
Rheinmetall AG,Germany,name,Ministry of Defence,HMT Project - Lot 3.1,No end date,active,active,,750000.0,contract,GBP,False,1,services,,2023-02-01,,,,,2023-02-28,ocds-h6vhtk-03acb5,005799-2023-706295450-1,005799-2023-706295450-1,https://www.find-tender.service.gov.uk/Notice/005799-2023,Rheinmetall Canada Inc
Rheinmetall AG,Germany,name,Ministry of Defence,Modification to Lipless Firing Needle Assembly,No end date,active,active,complete,578899.0,contract,GBP,False,1,goods,,2023-07-20,,,,,2023-07-24,ocds-h6vhtk-03e4e9,021360-2023-704942450-1,021360-2023-704942450-1,https://www.find-tender.service.gov.uk/Notice/021360-2023,Rheinmetall BAE Systems Land (RBSL) ltd
Rheinmetall AG,Germany,name,Ministry of Defence,,No end date,active,active,,1731225.0,contract,GBP,False,1,goods,,2024-02-05,,,,,2025-01-23,ocds-h6vhtk-04d5ad,002348-2025-1,002348-2025-1,https://www.find-tender.service.gov.uk/Notice/002348-2025,Rheinmetall BAE Systems Land (RBSL)
Rheinmetall AG,Germany,name,Ministry of Defence,715643455 - CRARRV Brake Light Kits Procurement VTN,No end date,active,active,complete,1660636.94,contract,GBP,False,1,goods,,2025-08-01,,,,,2025-09-18,ocds-h6vhtk-059da6,057906-2025-1,057906-2025-1,https://www.find-tender.service.gov.uk/Notice/057906-2025,Rheinmetall BAE Systems Land Ltd
Rheinmetall AG,Germany,name,Ministry of Defence,715643455 CRARRV Brake Light Kits Procurement F18 CAN,No end date,active,active,,1644334.52,contract,GBP,False,1,goods,,2025-12-04,,,,,2026-03-18,ocds-h6vhtk-066d34,024463-2026-715643455-1,024463-2026-715643455-1,https://www.find-tender.service.gov.uk/Notice/024463-2026,Rheinmetall BAE Systems Land (RBSL) Limited
Rolls-Royce Holdings plc,UK,name,Ministry of Defence,National Engine Support Contract 2,No end date,active,active,complete,40000000.0,contract,GBP,False,1,services,,2022-05-17,,,,,2022-05-17,ocds-h6vhtk-0338e6,012872-2022-703868450-1,012872-2022-703868450-1,https://www.find-tender.service.gov.uk/Notice/012872-2022,Rolls Royce PLC
Rolls-Royce Holdings plc,UK,name,United Kingdom Atomic Energy Authority,STEP Technical Manager Secondment,No end date,active,active,complete,465465.0,contract,GBP,False,1,services,,2022-06-01,,,,,2022-09-13,ocds-h6vhtk-0367d6,025581-2022-1-1,025581-2022-1-1,https://www.find-tender.service.gov.uk/Notice/025581-2022,Rolls-Royce Power Engineering PLC
Rolls-Royce Holdings plc,UK,name,Ministry of Defence,,No end date,active,active,,105181419.9,contract,GBP,False,1,services,,2022-04-30,,,,,2022-06-24,ocds-h6vhtk-034a43,017310-2022-1,017310-2022-1,https://www.find-tender.service.gov.uk/Notice/017310-2022,Rolls Royce
Rolls-Royce Holdings plc,UK,name,Ministry of Defence,Typhoon Engine Support Solution (TESS),No end date,active,active,complete,500000000.0,contract,GBP,False,1,services,,2023-05-26,,,,,2025-04-23,ocds-h6vhtk-03d513,016429-2023-1,016429-2023-1,https://www.find-tender.service.gov.uk/Notice/016429-2023,Rolls-Royce PLC
Rolls-Royce Holdings plc,UK,name,Ministry of Defence,Typhoon Engine Support Solution (TESS),No end date,active,active,complete,562767379.06,contract,GBP,False,1,services,,2025-04-23,,,,,2025-04-23,ocds-h6vhtk-03d513,016474-2025-705078450-1,016474-2025-705078450-1,https://www.find-tender.service.gov.uk/Notice/016474-2025,Rolls-Royce PLC
Rolls-Royce Holdings plc,UK,name,Ministry of Defence,National Engine Support Contract 2.5,No end date,active,active,complete,10600000.0,contract,GBP,False,1,services,,2023-09-01,,,,,2023-09-11,ocds-h6vhtk-03fbcf,026845-2023-706920454-1,026845-2023-706920454-1,https://www.find-tender.service.gov.uk/Notice/026845-2023,Rolls Royce PLC
Rolls-Royce Holdings plc,UK,name,Ministry of Defence,A400M National Engine Support Contract 3,No end date,active,active,complete,47000000.0,contract,GBP,False,1,services,,2025-02-26,,,,,2025-02-26,ocds-h6vhtk-04e811,007275-2025-714141450-1,007275-2025-714141450-1,https://www.find-tender.service.gov.uk/Notice/007275-2025,Rolls Royce PLC
Rolls-Royce Holdings plc,UK,name,Ministry of Defence,"Spares, Repairs and PDS of MTU Diesel Generators.",No end date,active,active,complete,15000000.0,contract,GBP,False,1,services,,2022-05-03,,,,,2022-05-18,ocds-h6vhtk-033ad7,013369-2022-701575462 - MSS/107-1,013369-2022-701575462 - MSS/107-1,https://www.find-tender.service.gov.uk/Notice/013369-2022,Rolls Royce Solutions UK Ltd
Rolls-Royce Holdings plc,UK,name,Ministry of Defence,Provision of a Last Time Buy (LTB) of Air Circuit Breakers (ACB),No end date,active,active,complete,,,GBP,False,1,services,,2024-02-21,,,,,2024-02-22,ocds-h6vhtk-043c1d,005793-2024-PEDT/0043-1,005793-2024-PEDT/0043-1,https://www.find-tender.service.gov.uk/Notice/005793-2024,Rolls Royce Solutions Ltd
Rolls-Royce Holdings plc,UK,name,Ministry of Defence,National Engine Support Contract 2.5 Extension,No end date,active,active,complete,12000000.0,contract,GBP,False,1,services,,2025-03-06,,,,,2025-03-07,ocds-h6vhtk-04ea5b,008296-2025-706920454-1,008296-2025-706920454-1,https://www.find-tender.service.gov.uk/Notice/008296-2025,Rolls Royce PLC
Rolls-Royce Holdings plc,UK,name,Ministry of Defence,Hawk Future Engines Support Solution,No end date,active,active,complete,120000000.0,contract,GBP,False,1,services,,2022-03-07,,,,,2022-03-07,ocds-h6vhtk-031ef2,006233-2022-702356456-1,006233-2022-702356456-1,https://www.find-tender.service.gov.uk/Notice/006233-2022,Rolls-Royce PLC
Rolls-Royce Holdings plc,UK,name,Ministry of Defence,National Engine Support Contract 2,No end date,active,active,complete,6672000.0,contract,GBP,False,1,services,,2022-09-30,,,,,2023-03-29,ocds-h6vhtk-03b712,009155-2023-703868450-1,009155-2023-703868450-1,https://www.find-tender.service.gov.uk/Notice/009155-2023,Rolls Royce PLC
Rolls-Royce Holdings plc,UK,name,Ministry of Defence,National Engine Support Contract 2.5 (NESC),No end date,active,active,complete,8733859.17,contract,GBP,False,1,services,,2023-09-30,,,,,2023-11-27,ocds-h6vhtk-041cf8,034929-2023-A400M/706920454-1,034929-2023-A400M/706920454-1,https://www.find-tender.service.gov.uk/Notice/034929-2023,Rolls Royce PLC
Textron Inc,USA,name,Ministry of Defence,Rear Crew Avenger PDS Contract - 5 years,No end date,active,active,complete,142860.0,contract,GBP,False,1,services,,2023-03-10,,,,,2023-04-26,ocds-h6vhtk-03c454,011982-2023-703165454-1,011982-2023-703165454-1,https://www.find-tender.service.gov.uk/Notice/011982-2023,Textron Aviation Inc.
Textron Inc,USA,name,Ministry of Defence,,No end date,active,active,,400000.0,contract,GBP,False,1,goods,,2024-01-11,,,,,2024-02-05,ocds-h6vhtk-04374b,003754-2024-ADEWS/127 - 709134450-1,003754-2024-ADEWS/127 - 709134450-1,https://www.find-tender.service.gov.uk/Notice/003754-2024,Textron Systems Electronic Systems UK Limited
Textron Inc,USA,name,Ministry of Defence,"£178,576",No end date,active,active,complete,173576.0,contract,GBP,False,1,services,,2022-03-19,,,,,2022-03-22,ocds-h6vhtk-0324d6,007740-2022-703165454-1,007740-2022-703165454-1,https://www.find-tender.service.gov.uk/Notice/007740-2022,Textron Aviation Inc.
Textron Inc,USA,name,Ministry of Defence,PROCUREMENT OF MAN PORTABLE AIR DEFENCE SYSTEM (MANPADS) TRAINER,No end date,active,active,complete,500000.0,contract,GBP,False,1,goods,,2023-10-13,,,,,2023-10-13,ocds-h6vhtk-040c0d,030347-2023-709134450-1,030347-2023-709134450-1,https://www.find-tender.service.gov.uk/Notice/030347-2023,Textron Systems Electronic Systems UK Limited
Axon Enterprise Inc,USA,name,"Police, Fire & Crime Commissioner for Staffordshire",DEAMS and BWV Solution,Probably ended,active,active,complete,9200000.0,contract,GBP,False,1,services,,2025-10-16,,2026-01-15,notice text,,2025-10-20,ocds-h6vhtk-05cff8,066790-2025-1,066790-2025-1,https://www.find-tender.service.gov.uk/Notice/066790-2025,Axon Public Safety UK Ltd
BAE Systems PLC,UK,name,"Ministry of Defence, Combat Air, UK Military Flying Training System (UKMFTS) Project Team",The provision of In Service Support for Hawk T Mk1/1a aircraft,Probably ended,active,active,complete,20000000.0,contract,GBP,False,1,services,,2021-01-21,,,"age (awarded over 5 years ago, no period published)",,2021-02-04,ocds-h6vhtk-029017,002224-2021-1,002224-2021-1,https://www.find-tender.service.gov.uk/Notice/002224-2021,BAE Systems (Operations) Ltd
BAE Systems PLC,UK,name,Defence Sourcing Portal,Motion Control,Probably ended,active,active,complete,4000000.0,contract,GBP,False,1,goods,,2021-02-18,,,"age (awarded over 5 years ago, no period published)",,2021-02-18,ocds-h6vhtk-029453,003308-2021-SDA/ISM/700029821-1,003308-2021-SDA/ISM/700029821-1,https://www.find-tender.service.gov.uk/Notice/003308-2021,BAE Systems Surface Ships Limited
BAE Systems PLC,UK,name,Ministry of Defence,Purchase of trilogiBuild Software Licences,Probably ended,active,active,complete,76100.0,contract,GBP,False,1,services,,2021-03-18,,,"age (awarded over 5 years ago, no period published)",,2021-03-18,ocds-h6vhtk-029d35,005572-2021-1,005572-2021-1,https://www.find-tender.service.gov.uk/Notice/005572-2021,BAE Systems Defence Information
BAE Systems PLC,UK,name,Ministry of Defence,"The Maintenance and Repair of CR2, CRARRV, T2 and AS90 FRAME ELECTRICAL LAYOUTS (FELS) Training Aids",Probably ended,active,active,complete,3500000.0,contract,GBP,True,1,services,,2021-05-25,,,"age (awarded over 5 years ago, no period published)",,2021-06-01,ocds-h6vhtk-02b73c,012234-2021-IRM20/7527-1,012234-2021-IRM20/7527-1,https://www.find-tender.service.gov.uk/Notice/012234-2021,Rheinmetall BAE Systems Land (RBSL)
BAE Systems PLC,UK,name,Ministry of Defence,The supply of spares for the Armoured Tracked and Light Wheels Platforms and Associated items,Probably ended,active,active,complete,41000000.0,contract,GBP,True,1,goods,,2021-06-15,,,"age (awarded over 5 years ago, no period published)",,2021-06-15,ocds-h6vhtk-02bc5e,013547-2021-IRM19/7453-1,013547-2021-IRM19/7453-1,https://www.find-tender.service.gov.uk/Notice/013547-2021,Rheinmetall BAE Systems Land Limited
BAE Systems PLC,UK,name,"Ministry of Defence, Combat Air, UK Military Flying Training System (UKMFTS) Project Team",Hawk T Mk2 In-Service-Support contract Extension,Probably ended,active,active,complete,42000000.0,contract,GBP,False,1,services,,2021-01-21,,,"age (awarded over 5 years ago, no period published)",,2021-02-04,ocds-h6vhtk-029019,002226-2021-1,002226-2021-1,https://www.find-tender.service.gov.uk/Notice/002226-2021,BAE Systems (Operations) Ltd
BAE Systems PLC,UK,name,Ministry of Defence,Challenger 2 Life Extension Project: Design Manufacture and Initial In Service Support,Probably ended,active,active,complete,670000000.0,contract,GBP,False,1,goods,,2021-03-30,,,"age (awarded over 5 years ago, no period published)",,2021-05-07,ocds-h6vhtk-02aeb8,010055-2021-700007115-1,010055-2021-700007115-1,https://www.find-tender.service.gov.uk/Notice/010055-2021,Rheinmetall BAE Systems Land Limited
BAE Systems PLC,UK,name,Ministry of Defence,Future Combat Air System Acquisition Programme,Probably ended,active,active,complete,1400000000.0,contract,GBP,False,1,goods,,2021-06-04,,,"age (awarded over 5 years ago, no period published)",,2023-02-17,ocds-h6vhtk-03a5c1,004601-2023-701551609-1,004601-2023-701551609-1,https://www.find-tender.service.gov.uk/Notice/004601-2023,BAE Systems (Operations) Limited
BAE Systems PLC,UK,name,"Ministry of Defence, DSG, Defence Support Group (DSG)",The supply of Artillery & Howitzer components and Armoured Vehicle weapons systems including 105mm Light Gun Spares.,Probably ended,active,active,complete,4500000.0,contract,GBP,True,1,goods,,2021-01-15,,,"age (awarded over 5 years ago, no period published)",,2021-01-19,ocds-h6vhtk-028b5e,001032-2021-IRM17/2331-1,001032-2021-IRM17/2331-1,https://www.find-tender.service.gov.uk/Notice/001032-2021,BAE Systems GCS International Ltd
BAE Systems PLC,UK,name,Ministry of Defence,Electronic Light Table (ELT),Probably ended,active,active,complete,2249000.0,contract,GBP,False,1,goods,,2021-05-17,,,"age (awarded over 5 years ago, no period published)",,2021-05-17,ocds-h6vhtk-02b1fc,010891-2021-1,010891-2021-1,https://www.find-tender.service.gov.uk/Notice/010891-2021,"BAE Systems, Information and Electronic Systems Integration Incorporated"
BAE Systems PLC,UK,name,Ministry of Defence,The repair and refurbishment of Fire Suppression Equipment,Probably ended,active,active,complete,11780178.0,contract,GBP,True,1,services,,2021-03-09,,,"age (awarded over 5 years ago, no period published)",,2021-06-01,ocds-h6vhtk-02b73d,012235-2021-IRM20/7500-1,012235-2021-IRM20/7500-1,https://www.find-tender.service.gov.uk/Notice/012235-2021,Rheinmetall BAE Systems Land (RBSL)
BAE Systems PLC,UK,name,Ministry of Defence,Motion Control Spares & Repairs,Probably ended,active,active,complete,60000000.0,contract,GBP,False,1,goods,,2021-08-09,,,"age (awarded over 5 years ago, no period published)",,2021-12-16,ocds-h6vhtk-02d2a9,019258-2021-1,019258-2021-1,https://www.find-tender.service.gov.uk/Notice/019258-2021,BAE SYSTEMS SURFACE SHIPS LIMITED
BAE Systems PLC,UK,name,Minister for the Cabinet Office Acting through Crown Commercial Service,"Ventilator Challenge Assignment of Intellectual Property, Design Consultancy Work and materials to Develop the BAE Florence Ventilator",Probably ended,active,active,complete,5353864.34,contract,GBP,False,1,goods,,2020-06-26,,,"age (awarded over 5 years ago, no period published)",,2023-02-28,ocds-h6vhtk-03ace2,005862-2023-1,005862-2023-1,https://www.find-tender.service.gov.uk/Notice/005862-2023,BAE Systems plc
BAE Systems PLC,UK,name,"Ministry of Defence, Combat Air, UK Military Flying Training System (UKMFTS) Project Team",The provision of Post design Services for Hawk T Mk1/1a & Hawk T Mk2 aircraft.,Probably ended,active,active,complete,7000000.0,contract,GBP,False,1,services,,2021-01-21,,,"age (awarded over 5 years ago, no period published)",,2021-02-04,ocds-h6vhtk-029018,002225-2021-1,002225-2021-1,https://www.find-tender.service.gov.uk/Notice/002225-2021,BAE Systems (Operations) Ltd
BAE Systems PLC,UK,name,Babcock Land Defence Limited,"SUPPLY OF CR2 & AS90 OBTURATORS, BOLT VENT AXIAL (BVAS) AND THRUST HOUSINGS",Probably ended,active,active,,13535000.0,contract,GBP,True,1,goods,,2021-02-05,,,"age (awarded over 5 years ago, no period published)",,2021-03-02,ocds-h6vhtk-029782,004125-2021-IRM18/7208-1,004125-2021-IRM18/7208-1,https://www.find-tender.service.gov.uk/Notice/004125-2021,"BAE Systems, GCS International Ltd"
BAE Systems PLC,UK,name,"Ministry of Defence, Land Equipment, Defence Support Group (DSG)",The supply of spares for the Armoured Tracked and Light Wheels Platforms and Associated items,Probably ended,active,active,,41000000.0,contract,GBP,True,1,goods,,2021-06-30,,,"age (awarded over 5 years ago, no period published)",,2021-07-06,ocds-h6vhtk-02c452,015584-2021-IRM19/7453-1,015584-2021-IRM19/7453-1,https://www.find-tender.service.gov.uk/Notice/015584-2021,Rheinmetall BAE Systems Land Limited
BAE Systems PLC,UK,name,Ministry of Defence,TIKAL Stage 3,Probably ended,active,active,complete,,,GBP,False,1,services,,2021-08-18,,,"age (awarded over 5 years ago, no period published)",,2021-08-23,ocds-h6vhtk-02d71d,020398-2021-701575545-1,020398-2021-701575545-1,https://www.find-tender.service.gov.uk/Notice/020398-2021,BAE Systems (Operations) Ltd
BAE Systems PLC,UK,name,UK Hydrographic Office,Maritime Foundation Database - Maintenance and Support,Probably ended,active,active,complete,142581.0,contract,GBP,False,1,services,,2018-04-01,,,"age (awarded over 5 years ago, no period published)",,2022-04-08,ocds-h6vhtk-032bb6,009499-2022-1,009499-2022-1,https://www.find-tender.service.gov.uk/Notice/009499-2022,BAE Systems
BAE Systems PLC,UK,name,Skills Development Scotland Co. Limited,Lot 4 - MA Services - Employer,Probably ended,active,active,complete,4500000.0,contract,GBP,False,45,services,,2021-03-17,,2022-03-17,notice text,,2021-04-21,ocds-h6vhtk-02a850,008415-2021-4,008415-2021-4,https://www.find-tender.service.gov.uk/Notice/008415-2021,BAE Systems PLC
BAE Systems PLC,UK,name,Foreign Commonwealth and Development Office,Managed Financial Services,Probably ended,active,active,complete,2800000.0,contract,GBP,False,1,services,,2022-07-15,,2023-07-14,notice text,,2023-02-22,ocds-h6vhtk-035585,020189-2022-CPG/8256/2022-1,020189-2022-CPG/8256/2022-1,https://www.find-tender.service.gov.uk/Notice/020189-2022,BAE Systems Applied Intelligence Limited
BAE Systems PLC,UK,name,Foreign Commonwealth and Development Office,ICT: Service Operations: IDD Managed Financial Services,Probably ended,active,active,complete,2851980.0,contract,GBP,False,1,services,,2023-02-14,,2024-02-13,notice text,,2023-02-22,ocds-h6vhtk-035585,005339-2023-CPG/8256/2022-1,005339-2023-CPG/8256/2022-1,https://www.find-tender.service.gov.uk/Notice/005339-2023,BAE SYSTEMS APPLIED INTELLIGENCE LIMITED
BAE Systems PLC,UK,name,Defence Equipment & Support,In-Service Support For The Ground Based Air Defence Battlefield Information System Application (GBAD BISA),Probably ended,active,active,complete,2574259.0,contract,GBP,False,1,services,,2021-03-31,,2024-03-30,notice text,,2021-04-27,ocds-h6vhtk-02aab9,009032-2021-JSENS/00154-1,009032-2021-JSENS/00154-1,https://www.find-tender.service.gov.uk/Notice/009032-2021,BAE Systems (Operations) Limited
BAE Systems PLC,UK,name,The Skills Development Scotland Co. Limited,Lot 2 - MA Services - Employer,Probably ended,active,active,complete,277790000.0,contract,GBP,False,36,services,,2024-03-29,,2025-03-29,notice text,,2024-07-11,ocds-h6vhtk-041b37,021277-2024-1,021277-2024-1,https://www.find-tender.service.gov.uk/Notice/021277-2024,BAE Systems PLC
BAE Systems PLC,UK,name,Navy Command Commercial,Provision of 5 years maintenance of SADM and purchase of 2 additional seats,Probably ended,active,active,complete,398000.0,contract,GBP,False,1,goods,,2020-06-02,,2025-06-01,notice text,,2021-10-21,ocds-h6vhtk-02eeaa,026429-2021-700007681-1,026429-2021-700007681-1,https://www.find-tender.service.gov.uk/Notice/026429-2021,BAE Systems Australia
BAE Systems PLC,UK,name,Ministry of Defence,Contract Award Notice (CAN) for Archer Artillery System Short Term (9 months) In -Service Support Contract,Probably ended,active,active,complete,4800000.0,contract,GBP,False,1,services,,2025-02-11,,2025-11-11,notice text,,2026-02-05,ocds-h6vhtk-04de5d,004830-2025-1,004830-2025-1,https://www.find-tender.service.gov.uk/Notice/004830-2025,BAE Systems Bofors AB
BAE Systems PLC,UK,name,Ministry of Defence,Littoral Post Design Services Support,Probably ended,active,active,complete,19526632.0,contract,GBP,False,1,goods,,2021-07-01,,2026-06-30,notice text,,2021-09-01,ocds-h6vhtk-02dc2c,021693-2021-701578551-1,021693-2021-701578551-1,https://www.find-tender.service.gov.uk/Notice/021693-2021,BAE Systems Hägglunds AB
BAE Systems PLC,UK,name,Ministry of Defence,In-service Support for the Ground Based Air Defence Battlefield Information System Application (GBAD BISA),Probably ended,active,active,complete,3200000.0,contract,GBP,False,1,services,,2023-10-03,,2026-10-02,notice text,,2023-10-03,ocds-h6vhtk-04077e,029124-2023-1,029124-2023-1,https://www.find-tender.service.gov.uk/Notice/029124-2023,BAE Systems
Boeing Co,USA,name,Ministry of Defence,E-7 Infrastructure (RIBA 4 - 6),Probably ended,active,active,complete,60000000.0,contract,GBP,False,1,works,,2021-05-06,,,"age (awarded over 5 years ago, no period published)",,2021-05-24,ocds-h6vhtk-02b48d,011547-2021-1,011547-2021-1,https://www.find-tender.service.gov.uk/Notice/011547-2021,Boeing Defence UK Limited
Boeing Co,USA,name,MOD,C17 Synthetic Training Service,Probably ended,active,active,complete,274369364.09,contract,GBP,False,1,services,,2021-05-01,,,"age (awarded over 5 years ago, no period published)",,2021-05-25,ocds-h6vhtk-02b4b8,011590-2021-701547457-1,011590-2021-701547457-1,https://www.find-tender.service.gov.uk/Notice/011590-2021,Boeing Defence UK Limited
Boeing Co,USA,name,Ministry of Defence,E-7 Infrastructure RIBA 4 - 6,Probably ended,active,active,complete,60000000.0,contract,GBP,False,1,works,,2021-05-06,,,"age (awarded over 5 years ago, no period published)",,2021-05-28,ocds-h6vhtk-02b6ae,012092-2021-1,012092-2021-1,https://www.find-tender.service.gov.uk/Notice/012092-2021,Boeing Defence UK Limited
Cadre Holdings Inc,USA,name,YPO,awarded onto lots 18 and 20,Probably ended,active,active,complete,30000000.0,contract,GBP,True,1,goods,,2020-12-17,,,"age (awarded over 5 years ago, no period published)",,2021-01-13,ocds-h6vhtk-0289ce,000634-2021-40-40,000634-2021-40-40,https://www.find-tender.service.gov.uk/Notice/000634-2021,Safariland UK Ltd
Caterpillar Inc,USA,name,Babcock Land Defence Limited,"The Repair and Maintenance of Large Engines, Transmissions and Terrier Assemblies",Probably ended,active,active,,121402000.0,contract,GBP,True,1,services,,2021-06-24,,,"age (awarded over 5 years ago, no period published)",,2021-08-11,ocds-h6vhtk-02d367,019448-2021-IRM19/7307-1,019448-2021-IRM19/7307-1,https://www.find-tender.service.gov.uk/Notice/019448-2021,Caterpillar Shrewsbury Limited
Cemex SAB de CV,Mexico,name,Derbyshire County Council,ETE040 Surfacing  Ancillary Works for Highways Framework,Probably ended,active,active,complete,,,GBP,False,1,services,,2021-01-29,,,"age (awarded over 5 years ago, no period published)",,2021-02-23,ocds-h6vhtk-029567,003583-2021-3,003583-2021-3,https://www.find-tender.service.gov.uk/Notice/003583-2021,Cemex UK Materials Ltd
Cemex SAB de CV,Mexico,name,Network Rail Infrastructure Ltd,Additional Supplier of Concrete Sleepers,Probably ended,active,active,complete,48597651.0,contract,GBP,False,1,goods,,2020-06-01,,,"age (awarded over 5 years ago, no period published)",,2021-02-26,ocds-h6vhtk-0296eb,003971-2021-1,003971-2021-1,https://www.find-tender.service.gov.uk/Notice/003971-2021,Cemex UK Operations Limited
Colt CZ Group SE,Czech Republic,name,Ministry of Defence,Combined Support Contract for C8 Rifles and Ancillaries,Probably ended,active,active,,2428334.0,contract,GBP,False,1,services,,2021-03-11,,2024-03-10,notice text,,2021-03-16,ocds-h6vhtk-029c69,005368-2021-700629369-1,005368-2021-700629369-1,https://www.find-tender.service.gov.uk/Notice/005368-2021,Colt Canada Corporation
Colt CZ Group SE,Czech Republic,name,Ministry of Defence,SUPPLY OF C8 RIFLE SPARES,Probably ended,active,active,complete,1000000.0,contract,GBP,True,1,goods,,2021-11-16,,2024-11-15,notice text,,2021-11-18,ocds-h6vhtk-02f83f,028880-2021-IRM21/7563-1,028880-2021-IRM21/7563-1,https://www.find-tender.service.gov.uk/Notice/028880-2021,COLT CANADA CORPORATION
Elbit Systems Ltd,Israel,name,Ministry of Defence,700007453 - Supply of Night Vision Goggles,Probably ended,active,active,complete,11478650.0,contract,GBP,False,1,goods,,2019-10-11,,,"age (awarded over 5 years ago, no period published)",,2021-09-03,ocds-h6vhtk-02dd34,021957-2021-700007453-1,021957-2021-700007453-1,https://www.find-tender.service.gov.uk/Notice/021957-2021,INSTRO PRECISION LIMITED
Elbit Systems Ltd,Israel,name,Ministry of Defence,700007453 - Supply of Night Vision Goggles,Probably ended,active,active,complete,11478650.0,contract,GBP,False,1,goods,,2019-10-11,,,"age (awarded over 5 years ago, no period published)",,2021-09-03,ocds-h6vhtk-02dd35,021958-2021-700007453-1,021958-2021-700007453-1,https://www.find-tender.service.gov.uk/Notice/021958-2021,INSTRO PRECISION LIMITED
Elbit Systems Ltd,Israel,name,Ministry of Defence,700007453 - Supply of Night Vision Goggles,Probably ended,active,active,complete,11478650.0,contract,GBP,False,1,goods,,2019-10-11,,,"age (awarded over 5 years ago, no period published)",,2021-09-02,ocds-h6vhtk-02dc9d,021806-2021-700007453-1,021806-2021-700007453-1,https://www.find-tender.service.gov.uk/Notice/021806-2021,INSTRO PRECISION LIMITED
Elbit Systems Ltd,Israel,name,Ministry of Defence,,Probably ended,active,active,,21887870.44,contract,GBP,False,1,goods,,2023-09-13,,2026-09-12,notice text,,2023-10-05,ocds-h6vhtk-04085a,029440-2023-701554451-1,029440-2023-701554451-1,https://www.find-tender.service.gov.uk/Notice/029440-2023,Elbit Systems UK
General Dynamics Corp,USA,name,"Ministry of Defence, Land Equipment, Other",700712372 Light Weight Capital Spares 2 (LWCAPS2),Probably ended,active,active,,400000.0,contract,GBP,False,1,goods,,2020-12-21,,,"age (awarded over 5 years ago, no period published)",,2021-03-24,ocds-h6vhtk-029ef1,006015-2021-700712372-1,006015-2021-700712372-1,https://www.find-tender.service.gov.uk/Notice/006015-2021,General Dynamics
Heidelberg Materials AG,Germany,name,Cyngor Gwynedd Council,Lot 5b - Gwynedd - Trunk Roads Single Carriageways,Probably ended,active,active,complete,5000000.0,contract,GBP,True,3,works,,2021-03-30,,,"age (awarded over 5 years ago, no period published)",,2021-03-31,ocds-h6vhtk-02a160,006639-2021-3,006639-2021-3,https://www.find-tender.service.gov.uk/Notice/006639-2021,Hanson Quarry Products Europe Ltd T/A Hanson Contracting
Heidelberg Materials AG,Germany,name,Cyngor Gwynedd Council,Lot 4c - Flintshire - Trunk Roads Dual Carriageway,Probably ended,active,active,complete,5000000.0,contract,GBP,True,3,works,,2021-03-30,,,"age (awarded over 5 years ago, no period published)",,2021-03-31,ocds-h6vhtk-02a160,006639-2021-4,006639-2021-4,https://www.find-tender.service.gov.uk/Notice/006639-2021,Hanson Quarry Products Europe Ltd T/A Hanson Contracting
Heidelberg Materials AG,Germany,name,Cyngor Gwynedd Council,Lot 5c - Gwynedd - Trunk Roads Dual Carriageways,Probably ended,active,active,complete,5000000.0,contract,GBP,True,3,works,,2021-03-30,,,"age (awarded over 5 years ago, no period published)",,2021-03-31,ocds-h6vhtk-02a160,006639-2021-6,006639-2021-6,https://www.find-tender.service.gov.uk/Notice/006639-2021,Hanson Quarry Products Europe Ltd T/A Hanson Contracting
Heidelberg Materials AG,Germany,name,Cyngor Gwynedd Council,Lot 3c - Denbighshire - Trunk Roads Dual Carriageways,Probably ended,active,active,complete,5000000.0,contract,GBP,True,3,works,,2021-03-30,,,"age (awarded over 5 years ago, no period published)",,2021-03-31,ocds-h6vhtk-02a160,006639-2021-7,006639-2021-7,https://www.find-tender.service.gov.uk/Notice/006639-2021,Hanson Quarry Products Europe Ltd T/A Hanson Contracting
Heidelberg Materials AG,Germany,name,Cyngor Gwynedd Council,Lot 3b - Denbighshire - Trunk Roads Single Carriageways,Probably ended,active,active,complete,5000000.0,contract,GBP,True,3,works,,2021-03-30,,,"age (awarded over 5 years ago, no period published)",,2021-03-31,ocds-h6vhtk-02a160,006639-2021-8,006639-2021-8,https://www.find-tender.service.gov.uk/Notice/006639-2021,Hanson Quarry Products Europe Ltd T/A Hanson Contracting
Heidelberg Materials AG,Germany,name,Cyngor Gwynedd Council,Lot 6b - Powys - Trunk Roads Single Carriageway,Probably ended,active,active,complete,5000000.0,contract,GBP,True,3,works,,2021-03-30,,,"age (awarded over 5 years ago, no period published)",,2021-03-31,ocds-h6vhtk-02a160,006639-2021-9,006639-2021-9,https://www.find-tender.service.gov.uk/Notice/006639-2021,Hanson Quarry Products Europe Ltd T/A Hanson Contracting
Heidelberg Materials AG,Germany,name,Cyngor Gwynedd Council,Lot 7b - Wrexham - Trunk Roads Single Carriageways,Probably ended,active,active,complete,5000000.0,contract,GBP,True,3,works,,2021-03-30,,,"age (awarded over 5 years ago, no period published)",,2021-03-31,ocds-h6vhtk-02a160,006639-2021-12,006639-2021-12,https://www.find-tender.service.gov.uk/Notice/006639-2021,Hanson Quarry Products Europe Ltd T/A Hanson Contracting
Heidelberg Materials AG,Germany,name,Cyngor Gwynedd Council,Lot 2c - Conwy - Trunk Roads Dual Carriageways,Probably ended,active,active,complete,5000000.0,contract,GBP,True,3,works,,2021-03-30,,,"age (awarded over 5 years ago, no period published)",,2021-03-31,ocds-h6vhtk-02a160,006639-2021-13,006639-2021-13,https://www.find-tender.service.gov.uk/Notice/006639-2021,Hanson Quarry Products Europe Ltd T/A Hanson Contracting
Heidelberg Materials AG,Germany,name,Cyngor Gwynedd Council,Lot 2b - Conwy - Trunk Roads Single Carriageways,Probably ended,active,active,complete,5000000.0,contract,GBP,True,3,works,,2021-03-30,,,"age (awarded over 5 years ago, no period published)",,2021-03-31,ocds-h6vhtk-02a160,006639-2021-14,006639-2021-14,https://www.find-tender.service.gov.uk/Notice/006639-2021,Hanson Quarry Products Europe Ltd T/A Hanson Contracting
Heidelberg Materials AG,Germany,name,Cyngor Gwynedd Council,Lot 9 - Special Projects,Probably ended,active,active,complete,5000000.0,contract,GBP,True,4,works,,2021-03-30,,,"age (awarded over 5 years ago, no period published)",,2021-03-31,ocds-h6vhtk-02a160,006639-2021-16,006639-2021-16,https://www.find-tender.service.gov.uk/Notice/006639-2021,Hanson Quarry Products Europe Ltd T/A Hanson Contracting
Heidelberg Materials AG,Germany,name,Cyngor Gwynedd Council,Lot 7c - Wrexham - Trunk Roads Dual Carriageways,Probably ended,active,active,complete,5000000.0,contract,GBP,True,3,works,,2021-03-30,,,"age (awarded over 5 years ago, no period published)",,2021-03-31,ocds-h6vhtk-02a160,006639-2021-17,006639-2021-17,https://www.find-tender.service.gov.uk/Notice/006639-2021,Hanson Quarry Products Europe Ltd T/A Hanson Contracting
Heidelberg Materials AG,Germany,name,Cyngor Gwynedd Council,Lot 1b - Ceredigion - Trunk Roads Single Carriageways,Probably ended,active,active,complete,5000000.0,contract,GBP,True,3,works,,2021-03-30,,,"age (awarded over 5 years ago, no period published)",,2021-03-31,ocds-h6vhtk-02a160,006639-2021-18,006639-2021-18,https://www.find-tender.service.gov.uk/Notice/006639-2021,Hanson Quarry Products Europe Ltd T/A Hanson Contracting
Heidelberg Materials AG,Germany,name,Cyngor Gwynedd Council,Lot 4b - Flintshire - Trunk Roads Single Carriageways,Probably ended,active,active,complete,5000000.0,contract,GBP,True,3,works,,2021-03-30,,,"age (awarded over 5 years ago, no period published)",,2021-03-31,ocds-h6vhtk-02a160,006639-2021-21,006639-2021-21,https://www.find-tender.service.gov.uk/Notice/006639-2021,Hanson Quarry Products Europe Ltd T/A Hanson Contracting
Heidelberg Materials AG,Germany,name,YPO,Aggregates,Probably ended,active,active,complete,11000000.0,contract,GBP,False,9,goods,,2014-06-16,,,"age (awarded over 5 years ago, no period published)",,2026-03-24,ocds-h6vhtk-06735d,027084-2026-000694-1,027084-2026-000694-1,https://www.find-tender.service.gov.uk/Notice/027084-2026,Hanson Quarry Products Europe Limited
Heidelberg Materials AG,Germany,name,YPO,Asphalt,Probably ended,active,active,complete,11000000.0,contract,GBP,False,7,goods,,2014-06-13,,,"age (awarded over 5 years ago, no period published)",,2026-03-24,ocds-h6vhtk-06735d,027084-2026-000694-2,027084-2026-000694-2,https://www.find-tender.service.gov.uk/Notice/027084-2026,Hanson Quarry Products Europe Limited
Heidelberg Materials AG,Germany,name,YPO,Ready mixed concrete,Probably ended,active,active,complete,11000000.0,contract,GBP,False,10,goods,,2017-10-13,,,"age (awarded over 5 years ago, no period published)",,2026-03-24,ocds-h6vhtk-06735d,027084-2026-000694-3,027084-2026-000694-3,https://www.find-tender.service.gov.uk/Notice/027084-2026,Hanson Quarry Products Europe Limited
Honeywell Aerospace Inc,USA,check,Merseyside Fire and Rescue Service,Lot 2 - Gases and vapours,Probably ended,active,active,complete,683260.0,contract,GBP,False,1,goods,,2021-07-28,,,"age (awarded over 5 years ago, no period published)",,2021-08-20,ocds-h6vhtk-02d78f,020512-2021-T/06/20 LOT2-2,020512-2021-T/06/20 LOT2-2,https://www.find-tender.service.gov.uk/Notice/020512-2021,Life Safety Distribution (Honeywell Analytics Ltd) International
Honeywell Aerospace Inc,USA,check,University of Strathclyde,Provision of a fully comprehensive maintenance service for a Building and Energy Management System (“BEMS”) (inclusive of hardware and software),Probably ended,active,active,complete,3213014.2,contract,GBP,False,1,services,,2021-04-30,,,"age (awarded over 5 years ago, no period published)",,2021-07-14,ocds-h6vhtk-02ac72,009473-2021-UOS-17049-2020-1,009473-2021-UOS-17049-2020-1,https://www.find-tender.service.gov.uk/Notice/009473-2021,Honeywell Control Systems Ltd
Honeywell Aerospace Inc,USA,check,University of Strathclyde,Provision of a fully comprehensive maintenance service for a Building and Energy Management System (“BEMS”) (inclusive of hardware and software),Probably ended,active,active,complete,3820550.0,contract,GBP,False,1,services,,2021-06-15,,,"age (awarded over 5 years ago, no period published)",,2021-07-14,ocds-h6vhtk-02ac72,016452-2021-UOS-17049-2020-1,016452-2021-UOS-17049-2020-1,https://www.find-tender.service.gov.uk/Notice/016452-2021,Honeywell Control Systems Ltd
Honeywell Aerospace Inc,USA,check,MOD,C130J Worldwide Navigation Database (WWNDB),Probably ended,active,active,complete,700000.0,contract,GBP,False,1,services,,2020-11-04,,,"age (awarded over 5 years ago, no period published)",,2021-02-22,ocds-h6vhtk-0294dc,003444-2021-700007646-1,003444-2021-700007646-1,https://www.find-tender.service.gov.uk/Notice/003444-2021,Honeywell International Inc.
International Business Machines Corp,USA,name,NHS London Procurement Partnership,Clinical Digital Professional Services (CDPS) Framework Agreement,Probably ended,active,active,complete,,,GBP,True,13,services,,2020-12-15,,,"age (awarded over 5 years ago, no period published)",,2021-02-24,ocds-h6vhtk-0295c7,003679-2021-2020/S 202-492092-1,003679-2021-2020/S 202-492092-1,https://www.find-tender.service.gov.uk/Notice/003679-2021,IBM
International Business Machines Corp,USA,name,Crown Commercial Service,Cloud Compute,Probably ended,active,active,complete,750000000.0,contract,GBP,False,1,services,,2021-05-05,,,"age (awarded over 5 years ago, no period published)",,2021-05-24,ocds-h6vhtk-02b48a,011544-2021-5,011544-2021-5,https://www.find-tender.service.gov.uk/Notice/011544-2021,IBM United Kingdom Limited
International Business Machines Corp,USA,name,The Minister for the Cabinet Office acting through Crown Commercial Service,Cloud Compute,Probably ended,active,active,complete,750000000.0,contract,GBP,False,1,services,,2021-05-05,,,"age (awarded over 5 years ago, no period published)",,2021-05-21,ocds-h6vhtk-02b40f,011421-2021-5,011421-2021-5,https://www.find-tender.service.gov.uk/Notice/011421-2021,IBM United Kingdom Limited
International Business Machines Corp,USA,name,"Ministry of Defence, IBOC, Situational Awareness Command and Control (SACC) Delivery Team",Project CERBERUS,Probably ended,active,active,complete,56750000.0,contract,GBP,False,1,services,,2022-01-18,,2022-07-19,notice text,,2022-01-26,ocds-h6vhtk-030fd7,002366-2022-SACC/00003-1,002366-2022-SACC/00003-1,https://www.find-tender.service.gov.uk/Notice/002366-2022,IBM United Kingdom Limited
International Business Machines Corp,USA,name,ENERGY SYSTEMS CATAPULT LIMITED,ERIS SLES Marketplace Platform,Probably ended,active,active,complete,999999.0,contract,GBP,False,1,services,,2021-11-11,,2022-11-10,notice text,,2024-03-13,ocds-h6vhtk-04480d,007998-2024-1,007998-2024-1,https://www.find-tender.service.gov.uk/Notice/007998-2024,IBM UK Ltd
International Business Machines Corp,USA,name,Ministry of Defence,Support to Radar Data Replicator,Probably ended,active,active,complete,800000.0,contract,GBP,False,1,services,,2021-11-26,,2022-11-26,notice text,,2024-03-25,ocds-h6vhtk-02fab3,029508-2021-1,029508-2021-1,https://www.find-tender.service.gov.uk/Notice/029508-2021,IBM United Kingdom Ltd
International Business Machines Corp,USA,name,Ministry of Defence,Support to Radar Data Replicator,Probably ended,active,active,complete,200000.0,contract,GBP,False,1,services,,2023-02-07,,2024-02-07,notice text,,2024-03-25,ocds-h6vhtk-02fab3,008640-2023-JSENS/00158-1,008640-2023-JSENS/00158-1,https://www.find-tender.service.gov.uk/Notice/008640-2023,IBM UK Ltd
International Business Machines Corp,USA,name,South West Police Procurement Service,SAP Resource,Probably ended,active,active,complete,484000.0,contract,GBP,False,1,services,,2024-06-28,,2024-12-27,notice text,,2024-07-31,ocds-h6vhtk-048623,023864-2024-SPS0752-1,023864-2024-SPS0752-1,https://www.find-tender.service.gov.uk/Notice/023864-2024,IBM UK Ltd
International Business Machines Corp,USA,name,Ministry of Defence,Support to Radar Data Replicator,Probably ended,active,active,complete,375892.8,contract,GBP,False,1,services,,2024-02-08,,2025-02-07,notice text,,2024-03-25,ocds-h6vhtk-02fab3,009564-2024-JSENS/00158-1,009564-2024-JSENS/00158-1,https://www.find-tender.service.gov.uk/Notice/009564-2024,IBM UK Ltd
International Business Machines Corp,USA,name,Social Security Scotland,Cloud Engineering Service,Probably ended,active,active,complete,14953533.0,contract,GBP,False,1,services,,2024-03-28,,2026-03-27,notice text,,2024-04-30,ocds-h6vhtk-0455fa,013835-2024-S/22/225-1,013835-2024-S/22/225-1,https://www.find-tender.service.gov.uk/Notice/013835-2024,IBM UK LTD
International Business Machines Corp,USA,name,The British Broadcasting Corporation (BBC),Systems Delivery and Integration Services Framework,Probably ended,active,active,complete,1.0,contract,GBP,True,1,services,,2022-04-11,,2026-04-09,notice text,,2022-05-12,ocds-h6vhtk-02fb25,012348-2022-10,012348-2022-10,https://www.find-tender.service.gov.uk/Notice/012348-2022,IBM United Kingdom Limited
Kongsberg Gruppen ASA,Norway,name,Ministry of Defence,S&MOCB/8007: Provision of UUV System Midlife Capability Upgrade (701551797),Probably ended,active,active,complete,800000.0,contract,GBP,False,1,services,,1900-01-01,,,"age (awarded over 5 years ago, no period published)",,2021-11-08,ocds-h6vhtk-02b92f,012734-2021-1,012734-2021-1,https://www.find-tender.service.gov.uk/Notice/012734-2021,Kongsberg Maritime AS
Kongsberg Gruppen ASA,Norway,name,CalMac Ferries Limited,MV Lochnevis - Control System upgrade,Probably ended,active,active,complete,250000.0,contract,GBP,False,1,services,,2021-04-30,,,"age (awarded over 5 years ago, no period published)",,2021-07-06,ocds-h6vhtk-02ac3f,009422-2021-AM21-058-1,009422-2021-AM21-058-1,https://www.find-tender.service.gov.uk/Notice/009422-2021,Kongsberg Maritime Ltd
Kongsberg Gruppen ASA,Norway,name,CalMac Ferries Limited,MV Lochnevis - Control System upgrade,Probably ended,active,active,complete,250000.0,contract,GBP,False,1,services,,2021-04-30,,,"age (awarded over 5 years ago, no period published)",,2021-07-06,ocds-h6vhtk-02ac3f,015505-2021-AM21-058-1,015505-2021-AM21-058-1,https://www.find-tender.service.gov.uk/Notice/015505-2021,Kongsberg Maritime Ltd
Kongsberg Gruppen ASA,Norway,name,"Ministry of Defence, Naval Ships Support",Provision of Hydrographic Sonar System Support,Probably ended,active,active,complete,707804.1,contract,GBP,False,1,services,,2021-08-20,,,"age (awarded over 5 years ago, no period published)",,2021-10-12,ocds-h6vhtk-02eb30,025539-2021-701295373-1,025539-2021-701295373-1,https://www.find-tender.service.gov.uk/Notice/025539-2021,Kongsberg Maritime AS
L3Harris Technologies Inc,USA,name,Ministry of Defence,Multi-Mode Radio (MMR),Probably ended,active,active,complete,90000000.0,contract,GBP,False,1,goods,,2021-05-11,,,"age (awarded over 5 years ago, no period published)",,2021-05-11,ocds-h6vhtk-02afd7,010342-2021-BATCM/0322-1,010342-2021-BATCM/0322-1,https://www.find-tender.service.gov.uk/Notice/010342-2021,Harris Systems Limited (a subsidiary of L3Harris Technologies Inc)
Leonardo SpA,Italy,name,MINISTRY OF DEFENCE,Probabilistic Risk Assessment Model Laser Safety Support,Probably ended,active,active,complete,1675177.0,contract,GBP,False,1,services,,2021-05-07,,,"age (awarded over 5 years ago, no period published)",,2021-05-07,ocds-h6vhtk-02ae45,009940-2021-DOSG/ENG/0066-1,009940-2021-DOSG/ENG/0066-1,https://www.find-tender.service.gov.uk/Notice/009940-2021,Leonardo MW Ltd
Leonardo SpA,Italy,check,MINISTRY OF DEFENCE,PRA Laser Safety Support,Probably ended,active,active,complete,1675201.0,contract,GBP,False,1,services,,2021-05-21,,,"age (awarded over 5 years ago, no period published)",,2021-06-29,ocds-h6vhtk-02c144,014801-2021-DOSG/ENG/0066-1,014801-2021-DOSG/ENG/0066-1,https://www.find-tender.service.gov.uk/Notice/014801-2021,Leonardo Ltd
Leonardo SpA,Italy,name,Ministry of Defence,Wildcat Integrated Support & Training,Probably ended,active,active,complete,483000000.0,contract,GBP,False,1,goods,,2021-07-14,,,"age (awarded over 5 years ago, no period published)",,2021-08-02,ocds-h6vhtk-02cfc0,018514-2021-700003620-LXCOMM0001-WISTPP3-1,018514-2021-700003620-LXCOMM0001-WISTPP3-1,https://www.find-tender.service.gov.uk/Notice/018514-2021,Leonardo UK Ltd
Leonardo SpA,Italy,name,Ministry of Defence,Provision of Post Design Support Services to Enforcer RWS,Probably ended,active,active,complete,1000000.0,contract,GBP,False,1,goods,,2021-09-22,,,"age (awarded over 5 years ago, no period published)",,2021-09-27,ocds-h6vhtk-02e52f,023999-2021-701563379-1,023999-2021-701563379-1,https://www.find-tender.service.gov.uk/Notice/023999-2021,Leonardo UK Ltd
Leonardo SpA,Italy,name,Ministry of Defence,VTN for the provision of Aircraft Consumables,Probably ended,active,active,complete,50000000.0,contract,GBP,False,1,goods,,2021-05-13,,,"age (awarded over 5 years ago, no period published)",,2021-05-14,ocds-h6vhtk-02b180,010767-2021-1,010767-2021-1,https://www.find-tender.service.gov.uk/Notice/010767-2021,Leonardo UK Ltd
Leonardo SpA,Italy,name,Ministry of Defence,QEC Identification Friend or Foe (IFF) In Service Support,Probably ended,active,active,complete,900000.0,contract,GBP,False,1,goods,,2021-05-20,,,"age (awarded over 5 years ago, no period published)",,2021-11-16,ocds-h6vhtk-02b37c,011274-2021-701555429-1,011274-2021-701555429-1,https://www.find-tender.service.gov.uk/Notice/011274-2021,Leonardo UK Ltd.
Leonardo SpA,Italy,name,Leonardo UK Ltd,Type 31 Mode 5 Identification Friend or Foe,Probably ended,active,active,complete,3000000.0,contract,GBP,False,1,goods,,2021-02-10,,,"age (awarded over 5 years ago, no period published)",,2021-10-08,ocds-h6vhtk-0292b3,002892-2021-SHIPACQ216-1,002892-2021-SHIPACQ216-1,https://www.find-tender.service.gov.uk/Notice/002892-2021,Leonardo MW Ltd
Leonardo SpA,Italy,name,Leonardo UK Ltd,Type 31 Mode 5 Identification Friend or Foe,Probably ended,active,active,complete,5700000.0,contract,GBP,False,1,goods,,2021-09-02,,,"age (awarded over 5 years ago, no period published)",,2021-10-08,ocds-h6vhtk-0292b3,025225-2021-SHIPACQ216-1,025225-2021-SHIPACQ216-1,https://www.find-tender.service.gov.uk/Notice/025225-2021,Leonardo UK Ltd
Leonardo SpA,Italy,name,Skills Development Scotland Co. Limited,Lot 4 - MA Services - Employer,Probably ended,active,active,complete,4500000.0,contract,GBP,False,45,services,,2021-03-17,,2022-03-17,notice text,,2021-04-21,ocds-h6vhtk-02a850,008415-2021-4,008415-2021-4,https://www.find-tender.service.gov.uk/Notice/008415-2021,Leonardo MW Ltd
Leonardo SpA,Italy,name,Ministry of Defence,GSA 8 In Service Support,Probably ended,active,active,complete,2700000.0,contract,GBP,False,1,services,,2022-09-14,,2024-01-13,notice text,,2022-09-14,ocds-h6vhtk-036871,025814-2022-1,025814-2022-1,https://www.find-tender.service.gov.uk/Notice/025814-2022,Leonardo UK
Leonardo SpA,Italy,name,The Skills Development Scotland Co. Limited,Lot 2 - MA Services - Employer,Probably ended,active,active,complete,277790000.0,contract,GBP,False,36,services,,2024-03-29,,2025-03-29,notice text,,2024-07-11,ocds-h6vhtk-041b37,021277-2024-1,021277-2024-1,https://www.find-tender.service.gov.uk/Notice/021277-2024,Leonardo UK
Lockheed Martin Corp,USA,name,Merlin DElivery Team,Interim Support for the Crowsnest Modification to the Merlin Mk2,Probably ended,active,active,complete,,,GBP,False,1,services,,2021-01-28,,,"age (awarded over 5 years ago, no period published)",,2021-01-29,ocds-h6vhtk-028eab,001877-2021-1,001877-2021-1,https://www.find-tender.service.gov.uk/Notice/001877-2021,Lockheed Martin UK Ltd
Lockheed Martin Corp,USA,name,Ministry of Defence,Land Environment Air Picture Provision (LEAPP) Obsolescence,Probably ended,active,active,complete,20000000.0,contract,GBP,False,1,goods,,2021-07-08,,,"age (awarded over 5 years ago, no period published)",,2021-07-08,ocds-h6vhtk-02c5e9,015991-2021-1,015991-2021-1,https://www.find-tender.service.gov.uk/Notice/015991-2021,Lockheed Martin UK Ampthill Limited
Lockheed Martin Corp,USA,name,Ministry of Defence,701712470 - ADEWS/100,Probably ended,active,active,,2701116.0,contract,GBP,False,1,services,,2020-09-04,,,"age (awarded over 5 years ago, no period published)",,2021-10-08,ocds-h6vhtk-02ea2e,025281-2021-1,025281-2021-1,https://www.find-tender.service.gov.uk/Notice/025281-2021,Lockheed Martin Corporation Overseas
Lockheed Martin Corp,USA,name,Ministry of Defence,Project DEIMOS,Probably ended,active,active,complete,850000.0,contract,GBP,False,1,services,,2023-10-04,,2024-04-03,notice text,,2023-10-04,ocds-h6vhtk-0407d7,029252-2023-ACT/RC1149-1,029252-2023-ACT/RC1149-1,https://www.find-tender.service.gov.uk/Notice/029252-2023,Lockheed Martin Aeronautics Ltd
Motorola Solutions Inc,USA,name,"Essex Police, Fire and Crime Commissioner Fire and Rescue Authority",Contract for the Provision of a Replacement Control Systems Solution,Probably ended,active,active,complete,2901808.0,contract,GBP,False,1,goods,,2021-09-10,,,"age (awarded over 5 years ago, no period published)",,2021-09-23,ocds-h6vhtk-02e3ec,023673-2021-FIRE0449-1,023673-2021-FIRE0449-1,https://www.find-tender.service.gov.uk/Notice/023673-2021,Airwave Solutions Ltd
Motorola Solutions Inc,USA,name,Bedfordshire Fire & Rescue Service,Provision of a Replacement Integrated Communication Control System and Mobilising Solution,Probably ended,active,active,complete,1931000.0,contract,GBP,False,1,services,,2020-06-19,,,"age (awarded over 5 years ago, no period published)",,2024-01-03,ocds-h6vhtk-042a8d,000154-2024-1,000154-2024-1,https://www.find-tender.service.gov.uk/Notice/000154-2024,Airwave Solutions Ltd
Motorola Solutions Inc,USA,check,Northern Ireland Fire and Rescue Service,TETRA Digital Radio Replacement,Probably ended,active,active,complete,1577298.0,contract,GBP,False,1,goods,,2021-03-03,,,"age (awarded over 5 years ago, no period published)",,2021-03-29,ocds-h6vhtk-029835,004312-2021-3496/215-1,004312-2021-3496/215-1,https://www.find-tender.service.gov.uk/Notice/004312-2021,Motorola
Motorola Solutions Inc,USA,check,Northern Ireland Fire and Rescue Service,Motorola TETRA Digital Radio Replacement,Probably ended,active,active,complete,1577298.0,contract,GBP,False,1,goods,,2021-03-29,,,"age (awarded over 5 years ago, no period published)",,2021-03-29,ocds-h6vhtk-029835,006375-2021-3496/215-1,006375-2021-3496/215-1,https://www.find-tender.service.gov.uk/Notice/006375-2021,Motorola
Motorola Solutions Inc,USA,name,Northern Ireland Fire and Rescue Service,PROCAD Support Agreement,Probably ended,active,active,complete,338064.0,contract,GBP,False,1,services,,2021-03-10,,,"age (awarded over 5 years ago, no period published)",,2021-03-29,ocds-h6vhtk-029a38,004807-2021-DAC3496/225-1,004807-2021-DAC3496/225-1,https://www.find-tender.service.gov.uk/Notice/004807-2021,Motorola Solutions Ltd
Motorola Solutions Inc,USA,check,Northern Ireland Fire and Rescue Service,PROCAD Support Agreement,Probably ended,active,active,complete,338064.0,contract,GBP,False,1,services,,2021-03-29,,,"age (awarded over 5 years ago, no period published)",,2021-03-29,ocds-h6vhtk-029a38,006378-2021-3496/225-1,006378-2021-3496/225-1,https://www.find-tender.service.gov.uk/Notice/006378-2021,Motorola
Northrop Grumman Corp,USA,name,"Ministry of Defence, Air Support, Air Platform Systems Project Team (APS PT)",Combat Electromagnetic Environmental Simulator (CEESIM) In-Service Support,Probably ended,active,active,complete,2680000.0,contract,GBP,False,1,services,,2021-02-05,,,"age (awarded over 5 years ago, no period published)",,2021-02-18,ocds-h6vhtk-029438,003281-2021-APS/058-1,003281-2021-APS/058-1,https://www.find-tender.service.gov.uk/Notice/003281-2021,"Northrop Grumman International Trading, Inc. (Amherst)"
Northrop Grumman Corp,USA,name,Ministry of Defence,AMML Support,Probably ended,active,active,complete,,,GBP,False,1,goods,,2021-06-30,,,"age (awarded over 5 years ago, no period published)",,2021-06-30,ocds-h6vhtk-02c210,015004-2021-1,015004-2021-1,https://www.find-tender.service.gov.uk/Notice/015004-2021,Northrop Grumman-IT
Northrop Grumman Corp,USA,name,Platform Equipment Delivery Team (PEDT),10000000,Probably ended,active,active,complete,10000000.0,contract,GBP,False,1,services,,2021-03-11,,,"age (awarded over 5 years ago, no period published)",,2021-08-09,ocds-h6vhtk-029afb,005002-2021-1,005002-2021-1,https://www.find-tender.service.gov.uk/Notice/005002-2021,Northrop Grumman Sperry Marine
Northrop Grumman Corp,USA,name,Ministry of Defence,VM250,Probably ended,active,active,,950000.0,contract,GBP,False,1,goods,,2021-05-17,,,"age (awarded over 5 years ago, no period published)",,2021-05-18,ocds-h6vhtk-02b27b,011018-2021-1,011018-2021-1,https://www.find-tender.service.gov.uk/Notice/011018-2021,Northrop Grumman UK Limited
Northrop Grumman Corp,USA,name,Ministry of Defence,Delivery of IBCS and FAAD C2 Concept Studies,Probably ended,active,active,complete,1.0,contract,GBP,False,1,services,,2024-08-27,,2025-02-25,notice text,,2024-09-10,ocds-h6vhtk-04996a,028865-2024-JSENS/00212-1,028865-2024-JSENS/00212-1,https://www.find-tender.service.gov.uk/Notice/028865-2024,NORTHROP GRUMMAN UK LIMITED
Oshkosh Corp,USA,name,Ministry of Defence,Wheeled Tanker Support Extension,Probably ended,active,active,complete,10000000.0,contract,GBP,False,1,goods,,2021-09-09,,,"age (awarded over 5 years ago, no period published)",,2021-09-09,ocds-h6vhtk-02df33,022468-2021-1,022468-2021-1,https://www.find-tender.service.gov.uk/Notice/022468-2021,Oshkosh Defense LLC
Palantir Technologies Inc,USA,name,Nuclear Restoration Services Limited,Back Office Software,Probably ended,active,active,complete,1200000000.0,contract,GBP,True,1,services,,2021-03-26,,,"age (awarded over 5 years ago, no period published)",,2025-04-28,ocds-h6vhtk-02a7c7,008278-2021-RM6194-21,008278-2021-RM6194-21,https://www.find-tender.service.gov.uk/Notice/008278-2021,"Palantir Technologies UK, Ltd"
RTX Corp,USA,name,Skills Development Scotland Co. Limited,Lot 1 - MA Services - Provider - Highlands & Islands,Probably ended,active,active,complete,8200000.0,contract,GBP,False,84,services,,2021-03-17,,2022-03-17,notice text,,2021-04-21,ocds-h6vhtk-02a850,008415-2021-1,008415-2021-1,https://www.find-tender.service.gov.uk/Notice/008415-2021,Raytheon Systems Limited
RTX Corp,USA,name,Skills Development Scotland Co. Limited,Lot 2 - MA Services - Provider - Lowlands & Uplands,Probably ended,active,active,complete,65400000.0,contract,GBP,False,69,services,,2021-03-17,,2022-03-17,notice text,,2021-04-21,ocds-h6vhtk-02a851,008416-2021-2,008416-2021-2,https://www.find-tender.service.gov.uk/Notice/008416-2021,Raytheon Systems Limited
RTX Corp,USA,name,The Skills Development Scotland Co. Limited,Modern Apprenticeship Services - Learning Provider and Employer 2024-2025,Probably ended,active,active,complete,277790000.0,contract,GBP,False,86,services,,2024-03-29,,2025-03-29,notice text,,2024-07-11,ocds-h6vhtk-041b37,021283-2024-1,021283-2024-1,https://www.find-tender.service.gov.uk/Notice/021283-2024,Raytheon Systems Limited
RTX Corp,USA,name,Ministry of Defence,Command and Staff Trainer (CAST) Contractor Logistic Support and Post Design Services,Probably ended,active,active,complete,19071439.0,contract,GBP,False,1,goods,,2023-01-13,,2026-01-12,notice text,,2023-01-13,ocds-h6vhtk-03978e,001189-2023-TSSP/122-1,001189-2023-TSSP/122-1,https://www.find-tender.service.gov.uk/Notice/001189-2023,Raytheon Systems Limited UK
Rheinmetall AG,Germany,name,Ministry of Defence,"The Maintenance and Repair of CR2, CRARRV, T2 and AS90 FRAME ELECTRICAL LAYOUTS (FELS) Training Aids",Probably ended,active,active,complete,3500000.0,contract,GBP,True,1,services,,2021-05-25,,,"age (awarded over 5 years ago, no period published)",,2021-06-01,ocds-h6vhtk-02b73c,012234-2021-IRM20/7527-1,012234-2021-IRM20/7527-1,https://www.find-tender.service.gov.uk/Notice/012234-2021,Rheinmetall BAE Systems Land (RBSL)
Rheinmetall AG,Germany,name,Ministry of Defence,The supply of spares for the Armoured Tracked and Light Wheels Platforms and Associated items,Probably ended,active,active,complete,41000000.0,contract,GBP,True,1,goods,,2021-06-15,,,"age (awarded over 5 years ago, no period published)",,2021-06-15,ocds-h6vhtk-02bc5e,013547-2021-IRM19/7453-1,013547-2021-IRM19/7453-1,https://www.find-tender.service.gov.uk/Notice/013547-2021,Rheinmetall BAE Systems Land Limited
Rheinmetall AG,Germany,name,Ministry of Defence,Challenger 2 Life Extension Project: Design Manufacture and Initial In Service Support,Probably ended,active,active,complete,670000000.0,contract,GBP,False,1,goods,,2021-03-30,,,"age (awarded over 5 years ago, no period published)",,2021-05-07,ocds-h6vhtk-02aeb8,010055-2021-700007115-1,010055-2021-700007115-1,https://www.find-tender.service.gov.uk/Notice/010055-2021,Rheinmetall BAE Systems Land Limited
Rheinmetall AG,Germany,name,Ministry of Defence,The repair and refurbishment of Fire Suppression Equipment,Probably ended,active,active,complete,11780178.0,contract,GBP,True,1,services,,2021-03-09,,,"age (awarded over 5 years ago, no period published)",,2021-06-01,ocds-h6vhtk-02b73d,012235-2021-IRM20/7500-1,012235-2021-IRM20/7500-1,https://www.find-tender.service.gov.uk/Notice/012235-2021,Rheinmetall BAE Systems Land (RBSL)
Rheinmetall AG,Germany,name,"Ministry of Defence, Land Equipment, Defence Support Group (DSG)",The supply of spares for the Armoured Tracked and Light Wheels Platforms and Associated items,Probably ended,active,active,,41000000.0,contract,GBP,True,1,goods,,2021-06-30,,,"age (awarded over 5 years ago, no period published)",,2021-07-06,ocds-h6vhtk-02c452,015584-2021-IRM19/7453-1,015584-2021-IRM19/7453-1,https://www.find-tender.service.gov.uk/Notice/015584-2021,Rheinmetall BAE Systems Land Limited
Rolls-Royce Holdings plc,UK,name,"Ministry of Defence, Combat Air, UK Military Flying Training System (UKMFTS) Project Team",Provision of In-Service-Support and Availability of Adour Engines for Hawk T Mk1/1A and Hawk T Mk2 aircraft,Probably ended,active,active,complete,15000000.0,contract,GBP,False,1,services,,2021-01-21,,,"age (awarded over 5 years ago, no period published)",,2021-02-04,ocds-h6vhtk-02901a,002227-2021-1,002227-2021-1,https://www.find-tender.service.gov.uk/Notice/002227-2021,ROLLS-ROYCE PLC
Rolls-Royce Holdings plc,UK,name,Ministry of Defence,£7.5M,Probably ended,active,active,complete,7772523.25,contract,GBP,True,1,goods,,2021-03-20,,,"age (awarded over 5 years ago, no period published)",,2023-06-29,ocds-h6vhtk-03dd5e,018474-2023-1,018474-2023-1,https://www.find-tender.service.gov.uk/Notice/018474-2023,Rolls-Royce Power Engineering Ltd
Rolls-Royce Holdings plc,UK,name,Skills Development Scotland Co. Limited,Lot 4 - MA Services - Employer,Probably ended,active,active,complete,4500000.0,contract,GBP,False,45,services,,2021-03-17,,2022-03-17,notice text,,2021-04-21,ocds-h6vhtk-02a850,008415-2021-4,008415-2021-4,https://www.find-tender.service.gov.uk/Notice/008415-2021,Rolls-Royce
Rolls-Royce Holdings plc,UK,name,The Skills Development Scotland Co. Limited,Lot 2 - MA Services - Employer,Probably ended,active,active,complete,277790000.0,contract,GBP,False,36,services,,2024-03-29,,2025-03-29,notice text,,2024-07-11,ocds-h6vhtk-041b37,021277-2024-1,021277-2024-1,https://www.find-tender.service.gov.uk/Notice/021277-2024,Rolls-Royce
Axon Enterprise Inc,USA,name,Ministry of Defence,Body Worn Video Camera for MDP,Expired,active,active,,1055020.0,contract,GBP,False,1,goods,,2021-07-01,,2024-06-15,estimated (start + duration),,2021-08-10,ocds-h6vhtk-02d331,019394-2021-700708368-1,019394-2021-700708368-1,https://www.find-tender.service.gov.uk/Notice/019394-2021,Axon Public Safety UK Ltd
Axon Enterprise Inc,USA,name,East Of England NHS Collaborative Hub c/o West Suffolk NHS Foundation Trust,Provision and Support of an Electronic Patient Record System (EPR),Expired,active,active,complete,2000000.0,contract,GBP,True,8,goods,,2022-11-01,2023-03-01,2025-03-31,lot,,2023-12-05,ocds-h6vhtk-036c07,035806-2023-Contract 1-1,035806-2023-Contract 1-1,https://www.find-tender.service.gov.uk/Notice/035806-2023,Axon Public Safety UK Ltd; Axon Public Saftey UK Ltd
Axon Enterprise Inc,USA,name,Civil Nuclear Police Authority,Taser 10 Halt Suits,Expired,pending,,complete,37182.0,award,GBP,False,1,,,,2025-09-30,2026-03-16,award,,2025-09-30,ocds-h6vhtk-05a484,1,,https://www.find-tender.service.gov.uk/api/1.0/ocdsRecordPackages/ocds-h6vhtk-05a484,AXON PUBLIC SAFETY UK LIMITED
BAE Systems PLC,UK,name,Department of Health and Social Care,Supporting Data Strategy: BAE Systems Test & Trace Data Platform,Expired,active,active,,7362386.0,contract,GBP,False,1,services,,2021-03-31,2021-04-26,2021-09-30,contract,,2021-07-30,ocds-h6vhtk-02ce9b,018221-2021-C36413-1,018221-2021-C36413-1,https://www.find-tender.service.gov.uk/Notice/018221-2021,BAE Systems Applied Intelligence
BAE Systems PLC,UK,name,Ministry of Defence,MSS/143 - Multi-Supplier Framework for Marine Systems Support (MSS) Post Design and Technical Services,Expired,active,active,active,2219000000.0,contract,GBP,True,1,services,,2024-03-08,,2021-10-18,tender,,2024-04-19,ocds-h6vhtk-02e8f3,012765-2024-MSS/142-2,012765-2024-MSS/142-2,https://www.find-tender.service.gov.uk/Notice/012765-2024,BAE Systems Surface Ships Limited
BAE Systems PLC,UK,name,Ministry of Defence,MSS/143 - Multi-Supplier Framework for Marine Systems Support (MSS) Post Design and Technical Services,Expired,active,active,active,3199000000.0,contract,GBP,True,1,services,,2024-03-08,,2021-10-18,tender,,2024-04-19,ocds-h6vhtk-02e8f3,012823-2024-MSS/141-4,012823-2024-MSS/141-4,https://www.find-tender.service.gov.uk/Notice/012823-2024,BAE Systems Surface Ships Limited
BAE Systems PLC,UK,name,Ministry of Defence,"Safety & Environmental Support Activity
Technical Support Products
Technical Support Services
Post Design Support Services
Logistics C+D",Expired,active,active,active,1517824000.0,contract,GBP,True,1,services,,2024-03-08,,2021-10-18,tender,,2024-04-19,ocds-h6vhtk-02e8f3,012865-2024-MSS/143-4,012865-2024-MSS/143-4,https://www.find-tender.service.gov.uk/Notice/012865-2024,BAE Systems Surface Ships Limited
BAE Systems PLC,UK,name,Secretary of State for Health and Social Care acting as part of the Crown through UK Health Security Agency,BAE Systems Test & Trace Data Platform Support - Phase 4,Expired,active,active,,4680752.5,contract,GBP,False,1,goods,,2021-09-30,,2021-11-29,estimated (start + duration),,2022-01-18,ocds-h6vhtk-030c14,001403-2022-C48988-1,001403-2022-C48988-1,https://www.find-tender.service.gov.uk/Notice/001403-2022,BAE Systems Applied Intelligence
BAE Systems PLC,UK,name,Secretary of State for Health and Social Care acting as part of the Crown through UK Health Security Agency,BAE Systems Test & Trace Data Platform Support - Phase 4,Expired,active,active,,6729567.03,contract,GBP,False,1,services,,2021-09-30,,2021-12-29,estimated (start + duration),,2022-04-26,ocds-h6vhtk-033093,010741-2022-C48988-1,010741-2022-C48988-1,https://www.find-tender.service.gov.uk/Notice/010741-2022,BAE SYSTEMS APPLIED INTELLIGENCE LIMITED
BAE Systems PLC,UK,name,"Ministry of Defence, C&C, C&C",Provision of PAC24 to USV and Fleet Minor Trial,Expired,active,active,,3260688.93,contract,GBP,False,2,goods,,2020-01-15,2020-01-15,2021-12-31,contract,,2021-05-10,ocds-h6vhtk-02aee8,010103-2021-700058336-1,010103-2021-700058336-1,https://www.find-tender.service.gov.uk/Notice/010103-2021,BAE Systems Surface Ships Ltd
BAE Systems PLC,UK,name,Ministry of Defence,AWE Urban: Sustain and Protect,Expired,active,active,complete,1.0,contract,GBP,True,27,services,,2022-06-14,,2023-03-31,lot,,2022-10-27,ocds-h6vhtk-030344,030422-2022-702296452-1,030422-2022-702296452-1,https://www.find-tender.service.gov.uk/Notice/030422-2022,BAE Systems Applied Intelligence
BAE Systems PLC,UK,name,Secretary of State for Health and Social Care acting as part of the Crown through UK Health Security Agency,Platform Engineering and Data Engineering Development Partner for EDGE and post,Expired,active,active,complete,4750000.0,contract,GBP,True,1,services,,2022-07-01,2023-04-01,2023-09-30,lot,,2023-05-12,ocds-h6vhtk-03c715,013084-2023-1,013084-2023-1,https://www.find-tender.service.gov.uk/Notice/013084-2023,BAE SYSTEMS APPLIED INTELLIGENCE LIMITED
BAE Systems PLC,UK,name,Secretary of State for Health and Social Care acting as part of the Crown through UK Health Security Agency,Platform Engineering and Data Engineering Development Partner for EDGE and post,Expired,active,active,complete,6586073.41,contract,GBP,True,1,services,,2022-07-01,2023-04-01,2023-09-30,contract,,2023-05-12,ocds-h6vhtk-03c715,013657-2023-C76476-1,013657-2023-C76476-1,https://www.find-tender.service.gov.uk/Notice/013657-2023,BAE SYSTEMS APPLIED INTELLIGENCE LIMITED
BAE Systems PLC,UK,name,Department for Education,"Aggregated DevOps for Apprenticeship Service, Funding Service and T Levels",Expired,active,active,,10229276.0,contract,GBP,False,1,services,,2023-12-20,2022-02-23,2024-02-23,lot,,2023-12-22,ocds-h6vhtk-042997,037852-2023-Con_13054-1,037852-2023-Con_13054-1,https://www.find-tender.service.gov.uk/Notice/037852-2023,BAE Systems Applied Intelligence Ltd
BAE Systems PLC,UK,name,Ministry of Defence,Abbott Kits,Expired,active,active,,8100000.0,contract,GBP,False,1,goods,,2023-03-17,,2024-03-16,estimated (start + duration),,2023-03-28,ocds-h6vhtk-03b69a,008943-2023-706831452-1,008943-2023-706831452-1,https://www.find-tender.service.gov.uk/Notice/008943-2023,BAE Systems GCS International Ltd
BAE Systems PLC,UK,name,Ministry of Defence,Engineering Service Support of Naval Compass Stabiliser Mark 1 (NCS1),Expired,active,active,,2683482.0,contract,GBP,False,1,services,,2022-04-04,,2024-04-03,estimated (start + duration),,2022-05-24,ocds-h6vhtk-033ec0,014363-2022-1,014363-2022-1,https://www.find-tender.service.gov.uk/Notice/014363-2022,BAE Systems (Operations) Ltd
BAE Systems PLC,UK,name,Ministry of Defence,Initial In-Service Support Solution Contract 155 Interim (Archer),Expired,active,active,,804.0,contract,SEK,False,1,services,,2023-11-20,,2024-11-14,estimated (start + duration),,2023-12-07,ocds-h6vhtk-042263,036081-2023-708345450-1,036081-2023-708345450-1,https://www.find-tender.service.gov.uk/Notice/036081-2023,BAE Systems Bofors AB
BAE Systems PLC,UK,name,Ministry of Defence,RN Fleet Efficiency,Expired,active,active,complete,68433.32,contract,GBP,False,1,,,2026-01-30,2026-02-02,2026-03-31,contract,,2026-02-11,ocds-h6vhtk-064de4,1,1,https://www.find-tender.service.gov.uk/api/1.0/ocdsRecordPackages/ocds-h6vhtk-064de4,BAE SYSTEMS SURFACE SHIPS LIMITED
BAE Systems PLC,UK,name,Ministry of Defence,HRAFI Workforce Modelling,Expired,active,active,,1387681.45,contract,GBP,False,2,services,,2026-01-15,2024-12-03,2026-03-31,contract,,2026-03-03,ocds-h6vhtk-066129,019050-2026-713293450-1,019050-2026-713293450-1,https://www.find-tender.service.gov.uk/Notice/019050-2026,BAE SYSTEMS; BAE systems
BAE Systems PLC,UK,name,Crown Prosecution Service,Python for MIS Build,Expired,active,active,complete,114862.5,contract,GBP,False,1,,,2026-04-24,2026-04-24,2026-06-15,contract,,2026-06-09,ocds-h6vhtk-06b0ce,1,1,https://www.find-tender.service.gov.uk/api/1.0/ocdsRecordPackages/ocds-h6vhtk-06b0ce,BAE Systems Applied Intelligence Limited
BAE Systems PLC,UK,name,Home Office,Turnkey Solution,Expired,active,active,complete,92000000.0,contract,GBP,True,1,services,,2022-10-17,,2026-09-26,estimated (start + duration),,2022-11-22,ocds-h6vhtk-02f3d6,033051-2022-C21170-2,033051-2022-C21170-2,https://www.find-tender.service.gov.uk/Notice/033051-2022,BAE Systems Applied Intelligence Limited
BAE Systems PLC,UK,name,Home Office,Programme and Project Support (provision of Project/Programme resources/services UK and Overseas),Expired,active,active,complete,92000000.0,contract,GBP,True,1,services,,2022-10-17,,2026-09-26,estimated (start + duration),,2022-11-22,ocds-h6vhtk-02f3d6,033051-2022-C21170-54,033051-2022-C21170-54,https://www.find-tender.service.gov.uk/Notice/033051-2022,BAE Systems Applied Intelligence Limited
Cadre Holdings Inc,USA,name,Leeds Beckett University,Lot 6 - Body Armour,Expired,active,active,complete,11111111.0,contract,GBP,True,8,goods,,2024-01-15,2023-09-07,2025-09-06,lot,,2025-09-23,ocds-h6vhtk-03dc7e,001834-2024-6,001834-2024-6,https://www.find-tender.service.gov.uk/Notice/001834-2024,Safariland UK Ltd
Cadre Holdings Inc,USA,name,Ministry of Defence,PROVISION OF BODY ARMOUR FOR MINISTRY OF DEFENCE POLICE - INTERIM SUPPLY,Expired,active,active,complete,115564.74,contract,GBP,False,1,,,2025-09-12,2025-09-12,2025-12-31,contract,,2025-09-25,ocds-h6vhtk-05a196,1,1,https://www.find-tender.service.gov.uk/api/1.0/ocdsRecordPackages/ocds-h6vhtk-05a196,SAFARILAND UK
Cellebrite DI Ltd,Israel,name,Department for Work & Pensions,Cellebrite Certified Operator (CCO) and Cellebrite Certified Physical Analyst (CCPA) and Cellebrite Mobile Forensics Fundamentals (CMFF),Expired,active,active,complete,80000.0,contract,GBP,False,1,,,2025-09-01,2025-09-02,2025-10-01,contract,,2025-09-01,ocds-h6vhtk-05913d,1,1,https://www.find-tender.service.gov.uk/api/1.0/ocdsRecordPackages/ocds-h6vhtk-05913d,CELLEBRITE UK LIMITED
Cellebrite DI Ltd,Israel,name,The Police and Crime Commissioner for Leicestershire,Digital Forensics Software Renewal for Cellebrite Software,Expired,active,active,complete,273906.58,contract,GBP,False,1,,2025-03-17,2025-03-31,2025-04-01,2026-03-31,contract,,2025-04-22,ocds-h6vhtk-04edca,1,1,https://www.find-tender.service.gov.uk/api/1.0/ocdsRecordPackages/ocds-h6vhtk-04edca,CELLEBRITE UK LIMITED
Cellebrite DI Ltd,Israel,name,The Police and Crime Commissioner for Kent,POLIT Responder,Expired,active,active,complete,19710.0,contract,GBP,False,1,,,2025-04-24,2025-05-01,2026-03-31,contract,,2026-02-06,ocds-h6vhtk-064a63,1,1,https://www.find-tender.service.gov.uk/api/1.0/ocdsRecordPackages/ocds-h6vhtk-064a63,Cellebrite
Cemex SAB de CV,Mexico,name,DERBY CITY COUNCIL,Lot 3 - Concrete,Expired,active,active,complete,300000.0,contract,GBP,True,3,goods,,2023-10-18,2023-10-16,2025-10-15,lot,,2023-11-09,ocds-h6vhtk-03e2cd,033136-2023-3,033136-2023-3,https://www.find-tender.service.gov.uk/Notice/033136-2023,Cemex UK Materials Ltd
Cemex SAB de CV,Mexico,name,Lincolnshire County Council,2249 Select List Framework for Highway Works 2021,Expired,active,active,complete,60000000.0,contract,GBP,True,5,works,,2022-05-27,,2026-05-06,estimated (start + duration),,2022-07-12,ocds-h6vhtk-02a427,019057-2022-3,019057-2022-3,https://www.find-tender.service.gov.uk/Notice/019057-2022,CEMEX Paving Solutions Ltd
Elbit Systems Ltd,Israel,name,Ministry of Defence,CCDT/602 NANO UNMANNED AIR SYSTEMS EXPERIMENTATION PROGRAMME SPIRAL 5,Expired,active,active,complete,2078051.0,contract,GBP,True,1,goods,,2022-03-30,,2022-08-27,estimated (start + duration),,2022-07-28,ocds-h6vhtk-02f2cb,018559-2022-CCDT/602/Elb-1,018559-2022-CCDT/602/Elb-1,https://www.find-tender.service.gov.uk/Notice/018559-2022,Elbit Systems UK
Elbit Systems Ltd,Israel,name,Ministry of Defence,Army Collective Training Service (ACTS),Expired,active,active,active,12000000.0,contract,GBP,False,1,services,,2025-02-11,,2025-08-10,estimated (start + duration),,2025-03-07,ocds-h6vhtk-03ec80,008417-2025-714011452-1,008417-2025-714011452-1,https://www.find-tender.service.gov.uk/Notice/008417-2025,Elbit Systems UK Limited
GE Aerospace,USA,name,Defence Science and Technology Laboratory,Time Sensitive Networking Training,Expired,pending,,complete,15810.0,award,GBP,False,1,,,,2025-08-01,2025-12-31,award,,2025-06-25,ocds-h6vhtk-05532e,1,,https://www.find-tender.service.gov.uk/api/1.0/ocdsRecordPackages/ocds-h6vhtk-05532e,GE Aviation Systems Limited
General Dynamics Corp,USA,name,Ministry of Defence,MSS/143 - Multi-Supplier Framework for Marine Systems Support (MSS) Post Design and Technical Services,Expired,active,active,active,3199000000.0,contract,GBP,True,1,services,,2024-03-08,,2021-10-18,tender,,2024-04-19,ocds-h6vhtk-02e8f3,012823-2024-MSS/141-10,012823-2024-MSS/141-10,https://www.find-tender.service.gov.uk/Notice/012823-2024,General Dynamics Land Systems UK
Heidelberg Materials AG,Germany,name,Cumbria County Council,Lot 1 - Bituminous materials,Expired,active,active,complete,4800000.0,contract,GBP,True,6,goods,,2021-07-30,,2024-07-14,estimated (start + duration),,2021-08-11,ocds-h6vhtk-02a0cf,019421-2021-DN534820-1,019421-2021-DN534820-1,https://www.find-tender.service.gov.uk/Notice/019421-2021,Hanson Quarry Products Europe Ltd
Heidelberg Materials AG,Germany,name,Cumbria County Council,Lot 2 - Ready Mix Concrete,Expired,active,active,complete,450000.0,contract,GBP,True,4,goods,,2021-07-30,,2024-07-14,estimated (start + duration),,2021-08-11,ocds-h6vhtk-02a0cf,019421-2021-DN534820-2,019421-2021-DN534820-2,https://www.find-tender.service.gov.uk/Notice/019421-2021,Hanson Quarry Products Europe Ltd
Heidelberg Materials AG,Germany,name,Cumbria County Council,Lot 3 - Dry Aggregates,Expired,active,active,complete,240000.0,contract,GBP,True,11,goods,,2021-07-30,,2024-07-14,estimated (start + duration),,2021-08-11,ocds-h6vhtk-02a0cf,019421-2021-DN534820-3,019421-2021-DN534820-3,https://www.find-tender.service.gov.uk/Notice/019421-2021,Hanson Quarry Products Europe Ltd
Heidelberg Materials AG,Germany,name,Carmarthenshire County Council,South West Wales Regional Civil Engineering Contractors Framework,Expired,active,active,,430000000.0,contract,GBP,False,79,works,,2023-02-06,,2026-01-21,estimated (start + duration),,2025-09-11,ocds-h6vhtk-0598a1,055816-2025-South West Wales Regional Civil Engineering Contractors Framework-1,055816-2025-South West Wales Regional Civil Engineering Contractors Framework-1,https://www.find-tender.service.gov.uk/Notice/055816-2025,Hanson Quarry Products Europe Ltd T/A Hanson Contracting
Heidelberg Materials AG,Germany,name,Wirral Borough Council,Highways Services - A2 CARRIAGEWAY STRUCTURAL RESURFACING,Expired,active,active,complete,,,GBP,False,1,works,,2021-10-25,,2026-02-01,estimated (start + duration),,2022-03-09,ocds-h6vhtk-02c8cc,006425-2022-1,006425-2022-1,https://www.find-tender.service.gov.uk/Notice/006425-2022,Hanson Quarry Products Europe Ltd T/A Hanson Contracting
Heidelberg Materials AG,Germany,name,Neath Port Talbot County Borough Council,Lot 1 (Eastern Region),Expired,active,active,complete,20000000.0,contract,GBP,True,3,works,,2022-05-16,,2026-04-25,estimated (start + duration),,2022-05-26,ocds-h6vhtk-0306a5,014719-2022-2,014719-2022-2,https://www.find-tender.service.gov.uk/Notice/014719-2022,Hanson Quarry Products Europe Ltd T/A Hanson Contracting
Heidelberg Materials AG,Germany,name,City & County of Swansea,Framework Agreement for Carriageway Resurfacing Contract,Expired,active,active,complete,0.01,contract,GBP,True,1,works,,2022-10-05,,2026-09-14,estimated (start + duration),,2026-03-24,ocds-h6vhtk-037fad,031425-2022-CCS/21/483-1,031425-2022-CCS/21/483-1,https://www.find-tender.service.gov.uk/Notice/031425-2022,Hanson Quarry Products Europe Ltd T/A Hanson Contracting
Heidelberg Materials AG,Germany,name,Natural Resources Wales,Boulder Purchase -Upper Wye River Restoration Project,Expired,active,active,complete,41250.0,contract,GBP,False,1,,,2026-08-10,2026-08-24,2026-09-21,contract,,2026-09-21,ocds-h6vhtk-077658,1,1,https://www.find-tender.service.gov.uk/api/1.0/ocdsRecordPackages/ocds-h6vhtk-077658,Heidelberg Materials UK
Honeywell Aerospace Inc,USA,check,NHS Wales Shared Services Partnership-Procurement Services (hosted by Velindre University NHS Trust),Building Management System Maintenance,Expired,active,active,complete,556709.35,contract,GBP,False,1,services,,2021-06-30,2021-07-01,2023-06-30,lot,,2021-08-12,ocds-h6vhtk-02a201,019585-2021-ABU-OJEU-46854-1,019585-2021-ABU-OJEU-46854-1,https://www.find-tender.service.gov.uk/Notice/019585-2021,Honeywell
Honeywell Aerospace Inc,USA,check,CAMBRIDGE UNIVERSITY HOSPITALS NHS FOUNDATION TRUST,Maintenance,Expired,active,active,complete,47953.43,contract,GBP,False,1,,,2025-07-10,2025-08-12,2025-11-11,contract,,2025-08-12,ocds-h6vhtk-0585c1,1,1,https://www.find-tender.service.gov.uk/api/1.0/ocdsRecordPackages/ocds-h6vhtk-0585c1,Honeywell - Novar Systems Ltd
Honeywell Aerospace Inc,USA,check,CAMBRIDGE UNIVERSITY HOSPITALS NHS FOUNDATION TRUST,Maintenance,Expired,active,active,complete,47953.45,contract,GBP,False,1,,,2025-09-24,2025-10-01,2025-12-01,contract,,2025-10-01,ocds-h6vhtk-05a56a,1,1,https://www.find-tender.service.gov.uk/api/1.0/ocdsRecordPackages/ocds-h6vhtk-05a56a,Honeywell Novor Systems Ltd
Honeywell Aerospace Inc,USA,check,Cwm Taf Morgannwg University Health Board,Building Management Systems Community Sites,Expired,active,active,complete,156667.0,contract,GBP,False,1,,2025-11-25,2025-12-05,2025-12-05,2026-03-31,contract,,2026-09-01,ocds-h6vhtk-05dbf5,1,1,https://www.find-tender.service.gov.uk/api/1.0/ocdsRecordPackages/ocds-h6vhtk-05dbf5,Honeywell Building Solutions
Honeywell Aerospace Inc,USA,check,QE Facilities Ltd,Honeywell Fire Alarm Maintenance,Expired,active,active,complete,19101.53,contract,GBP,False,1,,,2025-05-01,2025-05-01,2026-04-30,contract,,2025-05-07,ocds-h6vhtk-050dbd,1,1,https://www.find-tender.service.gov.uk/api/1.0/ocdsRecordPackages/ocds-h6vhtk-050dbd,HONEYWELL CONTROL SYSTEMS LIMITED
Honeywell Aerospace Inc,USA,check,COUNTESS OF CHESTER HOSPITAL NHS FOUNDATION TRUST,BMS FIRE ALARM SYSTEM,Expired,active,,complete,33234.0,award,GBP,False,1,,2025-07-30,,2025-08-14,2026-07-31,award,,2025-08-14,ocds-h6vhtk-05877c,1,,https://www.find-tender.service.gov.uk/api/1.0/ocdsRecordPackages/ocds-h6vhtk-05877c,HONEYWELL CONTROL SYSTEMS LIMITED
International Business Machines Corp,USA,name,Department of Health and Social Care,"CDO/JBC Provision of support, advice and analytical support",Expired,active,active,,5389848.0,contract,GBP,False,1,services,,2021-06-30,2021-07-01,2021-10-02,contract,,2021-09-08,ocds-h6vhtk-02dea7,022328-2021-C23411-1,022328-2021-C23411-1,https://www.find-tender.service.gov.uk/Notice/022328-2021,IBM United Kingdom Limited
International Business Machines Corp,USA,name,MSE Group,MSEFT Digital Strategy Delivery Partnership,Expired,active,active,complete,69.96,contract,GBP,False,1,services,,2022-02-15,,2023-02-10,estimated (start + duration),,2022-02-15,ocds-h6vhtk-02e5c2,004280-2022-CA9270-1,004280-2022-CA9270-1,https://www.find-tender.service.gov.uk/Notice/004280-2022,IBM United Kingdom Ltd
International Business Machines Corp,USA,name,Secretary of State for Health and Social Care acting as part of the Crown through UK Health Security Agency,Test and Trace Minimum Viable Product (MVP) Build and MVP operational support,Expired,active,active,,46618103.17,contract,GBP,False,1,goods,,2020-10-30,2020-09-14,2023-11-30,contract,,2021-12-14,ocds-h6vhtk-02cf12,018340-2021-C35567-1,018340-2021-C35567-1,https://www.find-tender.service.gov.uk/Notice/018340-2021,IBM United Kingdom Limited
International Business Machines Corp,USA,name,Secretary of State for Health and Social Care acting as part of the Crown through UK Health Security Agency,Test and Trace Minimum Viable Product (MVP) Build and MVP operational support,Expired,active,active,,47671589.58,contract,GBP,False,1,goods,,2020-09-14,2021-12-01,2023-11-30,lot,,2021-12-14,ocds-h6vhtk-02cf12,020677-2021-C35567-1,020677-2021-C35567-1,https://www.find-tender.service.gov.uk/Notice/020677-2021,IBM United Kingdom Limited
International Business Machines Corp,USA,name,Secretary of State for Health and Social Care acting as part of the Crown through UK Health Security Agency,Test and Trace Minimum Viable Product (MVP) Build and MVP operational support,Expired,active,active,,56908972.58,contract,GBP,False,1,goods,,2020-10-23,2021-12-01,2023-11-30,lot,,2021-12-14,ocds-h6vhtk-02cf12,023654-2021-C35567-1,023654-2021-C35567-1,https://www.find-tender.service.gov.uk/Notice/023654-2021,IBM United Kingdom Limited
International Business Machines Corp,USA,name,Secretary of State for Health and Social Care acting as part of the Crown through UK Health Security Agency,Test and Trace Minimum Viable Product (MVP) Build and MVP operational support,Expired,active,active,,64258752.58,contract,GBP,False,1,goods,,2020-10-23,2021-12-01,2023-11-30,lot,,2021-12-14,ocds-h6vhtk-02cf12,023661-2021-C35567-1,023661-2021-C35567-1,https://www.find-tender.service.gov.uk/Notice/023661-2021,IBM United Kingdom Limited
International Business Machines Corp,USA,name,Secretary of State for Health and Social Care acting as part of the Crown through UK Health Security Agency,Test and Trace Minimum Viable Product (MVP) Build and MVP operational support,Expired,active,active,,70095866.62,contract,GBP,False,1,goods,,2020-10-23,2021-12-01,2023-11-30,lot,,2021-12-14,ocds-h6vhtk-02cf12,029074-2021-C45026-1,029074-2021-C45026-1,https://www.find-tender.service.gov.uk/Notice/029074-2021,IBM United Kingdom Ltd
International Business Machines Corp,USA,name,Secretary of State for Health and Social Care acting as part of the Crown through UK Health Security Agency,Test and Trace Minimum Viable Product (MVP) Build and MVP operational support,Expired,active,active,,73714101.62,contract,GBP,False,1,goods,,2021-12-01,2021-12-01,2023-11-30,contract,,2021-12-14,ocds-h6vhtk-02cf12,031110-2021-C45026-1,031110-2021-C45026-1,https://www.find-tender.service.gov.uk/Notice/031110-2021,IBM United Kingdom Limited
International Business Machines Corp,USA,name,The Minister for the Cabinet Office acting through Crown Commercial Service,Digital Capability for Health,Expired,active,active,complete,800000000.0,contract,GBP,True,1,services,,2021-01-05,,2024-12-15,estimated (start + duration),,2024-10-15,ocds-h6vhtk-02928e,002855-2021-RM6221-7,002855-2021-RM6221-7,https://www.find-tender.service.gov.uk/Notice/002855-2021,IBM United Kingdom Limited
International Business Machines Corp,USA,name,Department for Work and Pensions,Gen AI Lighthouse Projects,Expired,active,active,,13500000.0,contract,GBP,False,2,services,,2024-08-01,2024-08-01,2025-10-31,contract,,2025-05-29,ocds-h6vhtk-052932,028600-2025-ecm_12019-1,028600-2025-ecm_12019-1,https://www.find-tender.service.gov.uk/Notice/028600-2025,IBM UK Ltd
International Business Machines Corp,USA,name,Met Office,MASS HPSS Software Support,Expired,pending,,complete,679722.0,award,GBP,False,1,,,,2025-04-01,2025-12-31,award,,2025-03-11,ocds-h6vhtk-04eb5c,1,,https://www.find-tender.service.gov.uk/api/1.0/ocdsRecordPackages/ocds-h6vhtk-04eb5c,IBM UNITED KINGDOM LIMITED
International Business Machines Corp,USA,name,Department for Work & Pensions,Architectural Outcomes - CAN 021,Expired,active,active,complete,0.0,contract,GBP,False,1,,,2025-11-05,2025-11-07,2026-01-16,contract,,2025-12-16,ocds-h6vhtk-05f71d,1,1,https://www.find-tender.service.gov.uk/api/1.0/ocdsRecordPackages/ocds-h6vhtk-05f71d,IBM United Kingdom Limited
International Business Machines Corp,USA,name,Companies House,Terraform Training,Expired,active,active,complete,28500.0,contract,GBP,False,1,,,2026-03-17,2026-03-17,2026-03-31,contract,,2026-03-18,ocds-h6vhtk-066e11,1,1,https://www.find-tender.service.gov.uk/api/1.0/ocdsRecordPackages/ocds-h6vhtk-066e11,IBM United Kingdom Limited
International Business Machines Corp,USA,name,HM Treasury,12 months Licence for IBM Planning Analytics Advanced Processor Value Unit (PVU) Annual SW Subscription & Support.,Expired,active,active,complete,468563.2,contract,GBP,False,1,,2025-03-28,2025-04-10,2025-04-11,2026-03-31,contract,,2025-04-14,ocds-h6vhtk-04f91f,1,1,https://www.find-tender.service.gov.uk/api/1.0/ocdsRecordPackages/ocds-h6vhtk-04f91f,IBM UNITED KINGDOM LIMITED
International Business Machines Corp,USA,name,Met Office,IBM SupportLine (zOS/zVM),Expired,active,active,complete,47116.58,contract,GBP,False,1,,,2025-07-29,2025-09-01,2026-03-31,contract,,2025-07-30,ocds-h6vhtk-0568bf,1,1,https://www.find-tender.service.gov.uk/api/1.0/ocdsRecordPackages/ocds-h6vhtk-0568bf,IBM UNITED KINGDOM LIMITED
International Business Machines Corp,USA,name,GENOMICS ENGLAND LIMITED,IBM LSF Licences Renewal 2025-2026,Expired,active,active,complete,98776.0,contract,GBP,False,1,,,2025-03-24,2025-04-01,2026-03-31,contract,,2025-10-24,ocds-h6vhtk-05d319,1,1,https://www.find-tender.service.gov.uk/api/1.0/ocdsRecordPackages/ocds-h6vhtk-05d319,IBM United Kingdom Limited
International Business Machines Corp,USA,name,Met Office,zVM subscription renewal (2024-26),Expired,active,active,complete,78851.64,contract,GBP,False,1,,,2025-03-17,2025-03-18,2026-03-31,contract,,2025-03-18,ocds-h6vhtk-04ee3a,1,1,https://www.find-tender.service.gov.uk/api/1.0/ocdsRecordPackages/ocds-h6vhtk-04ee3a,IBM UNITED KINGDOM LIMITED
International Business Machines Corp,USA,name,Met Office,IBM zVM7.2 Mainframe Extended Life Support,Expired,active,active,complete,99260.94,contract,GBP,False,1,,,2025-03-17,2025-04-01,2026-03-31,contract,,2025-03-18,ocds-h6vhtk-04ee3d,1,1,https://www.find-tender.service.gov.uk/api/1.0/ocdsRecordPackages/ocds-h6vhtk-04ee3d,IBM UNITED KINGDOM LIMITED
International Business Machines Corp,USA,name,Office for National Statistics,IBM Deployment Accelerator,Expired,active,active,complete,20168.0,contract,GBP,False,1,,,2025-04-30,2025-05-01,2026-04-30,contract,,2025-05-01,ocds-h6vhtk-050bc9,1,1,https://www.find-tender.service.gov.uk/api/1.0/ocdsRecordPackages/ocds-h6vhtk-050bc9,IBM UNITED KINGDOM LIMITED
International Business Machines Corp,USA,name,Met Office,Annual IBM Z Workload Scheduler subscription,Expired,active,active,complete,66057.97,contract,GBP,False,1,,,2025-07-01,2025-07-01,2026-06-30,contract,,2025-07-08,ocds-h6vhtk-055b0b,1,1,https://www.find-tender.service.gov.uk/api/1.0/ocdsRecordPackages/ocds-h6vhtk-055b0b,IBM UNITED KINGDOM LIMITED
International Business Machines Corp,USA,name,Met Office,MASS HPSS Support,Expired,active,active,complete,473942.0,contract,GBP,False,1,,,2025-10-07,2026-01-01,2026-06-30,contract,,2025-11-05,ocds-h6vhtk-05a136,1,1,https://www.find-tender.service.gov.uk/api/1.0/ocdsRecordPackages/ocds-h6vhtk-05a136,IBM UNITED KINGDOM LIMITED
International Business Machines Corp,USA,name,Met Office,MASS HPSS Support,Expired,active,active,complete,473942.0,contract,GBP,False,1,,,2025-10-07,2026-01-01,2026-06-30,contract,,2025-11-05,ocds-h6vhtk-05a136,2,2,https://www.find-tender.service.gov.uk/api/1.0/ocdsRecordPackages/ocds-h6vhtk-05a136,IBM UNITED KINGDOM LIMITED
International Business Machines Corp,USA,name,Met Office,MASS HPSS Support,Expired,active,active,complete,473942.0,contract,GBP,False,1,,,2025-10-07,2026-01-01,2026-06-30,contract,,2025-11-05,ocds-h6vhtk-05a136,3,3,https://www.find-tender.service.gov.uk/api/1.0/ocdsRecordPackages/ocds-h6vhtk-05a136,IBM LIMITED
International Business Machines Corp,USA,name,Met Office,IBM DS Storage Systems Hardware Support,Expired,active,active,complete,63339.18,contract,GBP,False,1,,,2025-09-01,2025-09-01,2026-08-31,contract,,2025-11-05,ocds-h6vhtk-05dabe,1,1,https://www.find-tender.service.gov.uk/api/1.0/ocdsRecordPackages/ocds-h6vhtk-05dabe,IBM LIMITED
International Business Machines Corp,USA,name,Met Office,DS Storage Systems Hardware Support,Expired,active,active,complete,63339.18,contract,GBP,False,1,,,2025-10-02,2025-10-02,2026-08-31,contract,,2025-10-02,ocds-h6vhtk-05a71b,1,1,https://www.find-tender.service.gov.uk/api/1.0/ocdsRecordPackages/ocds-h6vhtk-05a71b,IBM UNITED KINGDOM LIMITED
International Business Machines Corp,USA,name,Met Office,MASS HPSS Software Support 2026,Expired,active,active,complete,248820.0,contract,GBP,False,1,,,2026-05-14,2026-07-01,2026-09-30,contract,,2026-05-20,ocds-h6vhtk-06879e,1,1,https://www.find-tender.service.gov.uk/api/1.0/ocdsRecordPackages/ocds-h6vhtk-06879e,IBM LIMITED
International Business Machines Corp,USA,name,Met Office,MASS HPSS Software Support 2026,Expired,active,active,complete,248820.0,contract,GBP,False,1,,,2026-05-14,2026-07-01,2026-09-30,contract,,2026-05-20,ocds-h6vhtk-06879e,2,2,https://www.find-tender.service.gov.uk/api/1.0/ocdsRecordPackages/ocds-h6vhtk-06879e,IBM LIMITED
Kongsberg Gruppen ASA,Norway,name,University of Plymouth,Purchase of a Dynamic Positioning Simulator,Expired,active,active,complete,495000.0,contract,GBP,False,1,goods,,2022-01-28,2022-01-05,2022-07-31,lot,,2022-02-01,ocds-h6vhtk-02f314,002840-2022-1-1,002840-2022-1-1,https://www.find-tender.service.gov.uk/Notice/002840-2022,Kongsberg Digital AS
Kongsberg Gruppen ASA,Norway,name,Department of Agriculture Environment Rural Affairs,Contract,Expired,active,active,complete,273820.17,contract,GBP,False,1,goods,,2022-01-28,,2023-01-23,estimated (start + duration),,2022-01-31,ocds-h6vhtk-02f0e9,002657-2022-1-1,002657-2022-1-1,https://www.find-tender.service.gov.uk/Notice/002657-2022,KONGSBERG MARITIME LIMITED
Kongsberg Gruppen ASA,Norway,name,"Department of Agriculture, Environment and Rural Affairs",Contract,Expired,active,active,complete,273796.64,contract,GBP,False,1,goods,,2022-01-21,,2024-01-11,estimated (start + duration),,2022-02-02,ocds-h6vhtk-02f7b5,003023-2022-1-1,003023-2022-1-1,https://www.find-tender.service.gov.uk/Notice/003023-2022,KONGSBERG MARITIME LIMITED
Kongsberg Gruppen ASA,Norway,name,UK Research and Innovation,CSP25367,Expired,active,active,complete,14492.0,contract,EUR,False,1,,,2025-09-14,2025-09-15,2025-12-19,contract,,2025-09-16,ocds-h6vhtk-059af1,1,1,https://www.find-tender.service.gov.uk/api/1.0/ocdsRecordPackages/ocds-h6vhtk-059af1,Kongsberg Maritime AS
Kongsberg Gruppen ASA,Norway,name,UK Research and Innovation,CSP25736 - Engineering Services Onboard RRS SDA,Expired,active,active,complete,286357.22,contract,NOK,False,1,,,2025-12-22,2025-12-23,2025-12-24,contract,,2025-12-23,ocds-h6vhtk-05fc61,1,1,https://www.find-tender.service.gov.uk/api/1.0/ocdsRecordPackages/ocds-h6vhtk-05fc61,Kongsberg Discovery AS
Kongsberg Gruppen ASA,Norway,name,UK Research and Innovation,CSP26053 - Field service engineers in attendance to rectify shore power module replacement,Expired,active,active,complete,55679.57,contract,GBP,False,1,,,2026-01-27,2026-01-28,2026-01-28,contract,,2026-02-02,ocds-h6vhtk-0613c4,1,1,https://www.find-tender.service.gov.uk/api/1.0/ocdsRecordPackages/ocds-h6vhtk-0613c4,Kongsberg Maritime AS
Kongsberg Gruppen ASA,Norway,name,Northern Lighthouse Board,Ships Spares - Thrusters,Expired,active,active,complete,158047.75,contract,EUR,False,1,,,2026-02-26,2026-03-02,2026-03-04,contract,,2026-03-23,ocds-h6vhtk-067158,1,1,https://www.find-tender.service.gov.uk/api/1.0/ocdsRecordPackages/ocds-h6vhtk-067158,Kongsberg Maritime Netherlands BV
Kongsberg Gruppen ASA,Norway,name,UK Research and Innovation,CSP26012 - Service Engineer,Expired,active,active,complete,19089.44,contract,GBP,False,1,,,2026-01-14,2026-01-15,2026-03-31,contract,,2026-01-16,ocds-h6vhtk-0607e0,1,1,https://www.find-tender.service.gov.uk/api/1.0/ocdsRecordPackages/ocds-h6vhtk-0607e0,Kongsberg Maritime AS
Kongsberg Gruppen ASA,Norway,name,UK Research and Innovation,CSP26451 - Preservation Order for AFE Drives,Expired,active,active,complete,15000.0,contract,EUR,False,1,,,2026-05-19,2026-05-20,2026-05-31,contract,,2026-05-27,ocds-h6vhtk-06a54d,1,1,https://www.find-tender.service.gov.uk/api/1.0/ocdsRecordPackages/ocds-h6vhtk-06a54d,Kongsberg Maritime AS
Kongsberg Gruppen ASA,Norway,name,UK Research and Innovation,CSP26003 - ACWE-ETO Failed MP AFE Fuses,Expired,active,active,complete,15891.14,contract,EUR,False,1,,,2026-01-09,2026-01-13,2026-06-15,contract,,2026-01-14,ocds-h6vhtk-06058e,1,1,https://www.find-tender.service.gov.uk/api/1.0/ocdsRecordPackages/ocds-h6vhtk-06058e,Kongsberg Maritime AS
Kongsberg Gruppen ASA,Norway,name,Trinity House,THV GALATEA SPOT TRACK FANBEAM REPLACEMENT,Expired,active,active,complete,456500.0,contract,NOK,False,1,,,2026-07-21,2026-07-22,2026-07-29,contract,,2026-07-28,ocds-h6vhtk-06d4c6,1,1,https://www.find-tender.service.gov.uk/api/1.0/ocdsRecordPackages/ocds-h6vhtk-06d4c6,KONGSBERG MARITIME AS
Kongsberg Gruppen ASA,Norway,name,UK Research and Innovation,CSP26571 - Engineer attendance / assessment,Expired,active,active,complete,13128.0,contract,EUR,False,1,,,2026-06-03,2026-06-04,2026-07-31,contract,,2026-06-05,ocds-h6vhtk-06ae2e,1,1,https://www.find-tender.service.gov.uk/api/1.0/ocdsRecordPackages/ocds-h6vhtk-06ae2e,Kongsberg Maritime AS
Kongsberg Gruppen ASA,Norway,name,UK Research and Innovation,CSP26605,Expired,active,active,complete,22654.0,contract,GBP,False,1,,,2026-06-12,2026-06-15,2026-08-12,contract,,2026-06-23,ocds-h6vhtk-06bab2,1,1,https://www.find-tender.service.gov.uk/api/1.0/ocdsRecordPackages/ocds-h6vhtk-06bab2,KONGSBERG MARITIME
Kongsberg Gruppen ASA,Norway,name,UK Research and Innovation,CSP26668 - Central Lubrication on Gentry,Expired,active,active,complete,132450.0,contract,NOK,False,1,,,2026-07-07,2026-07-07,2026-09-07,contract,,2026-07-10,ocds-h6vhtk-06c80d,1,1,https://www.find-tender.service.gov.uk/api/1.0/ocdsRecordPackages/ocds-h6vhtk-06c80d,Kongsberg Maritime AS
L3Harris Technologies Inc,USA,name,Ministry of Defence,AWE Urban: Sustain and Protect,Expired,active,active,complete,1.0,contract,GBP,True,27,services,,2022-06-14,,2023-03-31,lot,,2022-10-27,ocds-h6vhtk-030344,030422-2022-702296452-1,030422-2022-702296452-1,https://www.find-tender.service.gov.uk/Notice/030422-2022,L3Harris Technologies ASA Limited
L3Harris Technologies Inc,USA,name,"Ministry of Defence, Mine Hunting Capability Team",704391450 - MHC Procurement of IVER 4 Autonomous Underwater Vehicles (AUVs),Expired,active,active,complete,14163670.45,contract,GBP,False,1,goods,,2022-11-11,,2023-04-10,estimated (start + duration),,2022-11-25,ocds-h6vhtk-036541,033520-2022-704391450-1,033520-2022-704391450-1,https://www.find-tender.service.gov.uk/Notice/033520-2022,L3Harris ASV
L3Harris Technologies Inc,USA,name,Ministry of Defence,The Provision of 12 months Technical Support to Joint Common Remote Viewing Terminal (JCRVT),Expired,active,active,complete,628557.0,contract,GBP,False,1,services,,2023-11-03,,2024-11-02,estimated (start + duration),,2023-12-04,ocds-h6vhtk-03c4bd,035709-2023-707684453-1,035709-2023-707684453-1,https://www.find-tender.service.gov.uk/Notice/035709-2023,L3Harris Communications Systems UK Ltd
Leonardo SpA,Italy,name,Ministry of Defence,Provision of Laser Target Designators,Expired,active,active,,802320.0,contract,GBP,False,1,goods,,2021-06-28,,2022-06-28,estimated (start + duration),,2021-07-06,ocds-h6vhtk-02c472,015616-2021-701550489-1,015616-2021-701550489-1,https://www.find-tender.service.gov.uk/Notice/015616-2021,Leonardo UK Ltd
Leonardo SpA,Italy,name,Apache Delivery Team,The Provision of Pre-Flight Messaging Test Facility (PFMTF) Rigs and System Test Facility (STF) Rigs,Expired,active,active,,36714964.0,contract,GBP,False,1,goods,,2021-06-24,,2025-06-23,estimated (start + duration),,2021-06-25,ocds-h6vhtk-02c037,014532-2021-700027319-1,014532-2021-700027319-1,https://www.find-tender.service.gov.uk/Notice/014532-2021,Leonardo UK Limited
Leonardo SpA,Italy,name,Ministry of Defence,A400M Future Integrated Review Defensive Aid Suites (IR DAS),Expired,active,active,,16081152.0,contract,GBP,False,1,services,,2024-12-19,,2025-12-14,estimated (start + duration),,2025-02-25,ocds-h6vhtk-04e619,006607-2025-1,006607-2025-1,https://www.find-tender.service.gov.uk/Notice/006607-2025,Leonardo UK
Leonardo SpA,Italy,name,Somerset Council,Contribution towards staffing support provided for the iAero Innovation centre,Expired,active,active,complete,45000.0,contract,GBP,False,1,,,2025-01-01,2025-01-01,2026-03-31,contract,,2026-03-06,ocds-h6vhtk-0663e6,1,1,https://www.find-tender.service.gov.uk/api/1.0/ocdsRecordPackages/ocds-h6vhtk-0663e6,LEONARDO UK LTD
Lockheed Martin Corp,USA,name,Ministry of Defence,701712466 ADEWS/098,Expired,active,active,,4301860.0,contract,GBP,False,1,services,,2020-07-31,,2021-07-31,estimated (start + duration),,2021-10-08,ocds-h6vhtk-02ea2d,025280-2021-1,025280-2021-1,https://www.find-tender.service.gov.uk/Notice/025280-2021,Lockheed Martin Corporation Overseas
Lockheed Martin Corp,USA,name,Ministry of Defence,701577650 ADEWS/108,Expired,active,active,,4623761.0,contract,GBP,False,1,services,,2021-08-02,,2022-08-02,estimated (start + duration),,2021-09-23,ocds-h6vhtk-02e435,023746-2021-1,023746-2021-1,https://www.find-tender.service.gov.uk/Notice/023746-2021,Lockheed Martin Corporation Overseas
Lockheed Martin Corp,USA,name,Ministry of Defence,ADEWS/069,Expired,active,active,,6680000.0,contract,GBP,False,1,services,,2022-02-09,,2024-02-09,estimated (start + duration),,2022-03-30,ocds-h6vhtk-032841,008614-2022-1,008614-2022-1,https://www.find-tender.service.gov.uk/Notice/008614-2022,Lockheed Martin Global Inc
Lockheed Martin Corp,USA,name,"Ministry of Defence, Helicopters, Apache Project Team",Reprogramming Capability for the Modernized Radar Frequency Interferometer,Expired,active,active,,28000000.0,contract,USD,False,1,services,,2020-12-18,,2025-12-17,estimated (start + duration),,2021-01-05,ocds-h6vhtk-0287dd,000151-2021-700009743-1,000151-2021-700009743-1,https://www.find-tender.service.gov.uk/Notice/000151-2021,Lockheed Martin Corporation
Lockheed Martin Corp,USA,name,Ministry of Defence,Ground segment software solutions (core plus adaptations),Expired,active,active,complete,50000.0,contract,GBP,True,1,goods,,2023-01-04,,2025-12-19,estimated (start + duration),,2023-02-02,ocds-h6vhtk-035558,003267-2023-704294450-2,003267-2023-704294450-2,https://www.find-tender.service.gov.uk/Notice/003267-2023,Lockheed Martin UK Ltd
Lockheed Martin Corp,USA,name,Ministry of Defence,SONAR 2054IR In-Service Support (ISS),Expired,active,active,,16400000.0,contract,GBP,False,1,goods,,2022-03-24,,2026-03-23,estimated (start + duration),,2022-04-05,ocds-h6vhtk-032a4a,009135-2022-701314417-1,009135-2022-701314417-1,https://www.find-tender.service.gov.uk/Notice/009135-2022,Lockheed Martin UK Ltd
Motorola Solutions Inc,USA,name,National Highways,"Lot 1- Detector Systems (Goods, Services and Maintenance)",Expired,active,active,complete,70000000.0,contract,GBP,True,28,services,,2022-01-10,,2023-12-31,estimated (start + duration),,2025-09-08,ocds-h6vhtk-02c68e,002360-2022-1,002360-2022-1,https://www.find-tender.service.gov.uk/Notice/002360-2022,Motorola Solutions UK Limited
Motorola Solutions Inc,USA,name,Police and Crime Commissioner for North Wales Police & North Wales Police ,Mobile Policing Application,Expired,active,active,complete,900000.0,contract,GBP,False,1,goods,,2022-01-17,,2025-01-01,estimated (start + duration),,2022-01-17,ocds-h6vhtk-02ad36,001384-2022-1-1,001384-2022-1-1,https://www.find-tender.service.gov.uk/Notice/001384-2022,Motorola Solutions UK Limited
Motorola Solutions Inc,USA,name,East Of England NHS Collaborative Hub c/o West Suffolk NHS Foundation Trust,Provision and Support of an Electronic Patient Record System (EPR),Expired,active,active,complete,2000000.0,contract,GBP,True,8,goods,,2022-11-01,2023-03-01,2025-03-31,lot,,2023-12-05,ocds-h6vhtk-036c07,035806-2023-Contract 1-1,035806-2023-Contract 1-1,https://www.find-tender.service.gov.uk/Notice/035806-2023,Motorola Solutions UK Ltd
Motorola Solutions Inc,USA,name,The Police and Crime Commissioner for Sussex,Provision of Mobile Airwaves Base Station,Expired,active,,complete,49691.06,award,GBP,False,1,,2025-06-04,,2025-06-04,2025-07-03,award,,2025-06-04,ocds-h6vhtk-052c00,1,,https://www.find-tender.service.gov.uk/api/1.0/ocdsRecordPackages/ocds-h6vhtk-052c00,Airwave Solutions Limited
Motorola Solutions Inc,USA,name,Home Office,Provision of Radios for Criminal Financial Investigation Belfast,Expired,active,active,complete,16576.0,contract,GBP,False,1,,,2025-05-22,2025-05-23,2025-10-01,contract,,2025-05-22,ocds-h6vhtk-051cd8,1,1,https://www.find-tender.service.gov.uk/api/1.0/ocdsRecordPackages/ocds-h6vhtk-051cd8,Motorola Solutions
Motorola Solutions Inc,USA,name,The Mayor and Commonalty and Citizens of the City of London,KMF In Life Support,Expired,active,active,complete,,,GBP,False,1,,,2024-06-10,2025-01-01,2025-12-31,contract,,2025-07-09,ocds-h6vhtk-055b9d,1,1,https://www.find-tender.service.gov.uk/api/1.0/ocdsRecordPackages/ocds-h6vhtk-055b9d,MOTOROLA SOLUTIONS UK LIMITED
Motorola Solutions Inc,USA,name,West Midlands Fire and Rescue Authority,San N Date Centre and service charge,Expired,active,active,complete,,,GBP,False,1,,,2025-03-17,2025-03-18,2026-03-31,contract,,2025-04-04,ocds-h6vhtk-04fd72,1,1,https://www.find-tender.service.gov.uk/api/1.0/ocdsRecordPackages/ocds-h6vhtk-04fd72,AIRWAVE SOLUTIONS LIMITED
Motorola Solutions Inc,USA,name,Home Office,Provision of Radios for Immigration Compliance and Enforcement Belfast,Expired,active,active,complete,20649.0,contract,GBP,False,1,,2025-12-18,2026-01-22,2026-01-31,2026-07-04,contract,,2026-01-23,ocds-h6vhtk-05f534,1,1,https://www.find-tender.service.gov.uk/api/1.0/ocdsRecordPackages/ocds-h6vhtk-05f534,Motorola Solutions UK Limited
Motorola Solutions Inc,USA,name,Merseytravel,support and maintenance of Police Cortex Communication System,Expired,pending,,complete,70063.25,award,GBP,False,1,,,,2025-10-01,2026-09-30,award,,2025-09-30,ocds-h6vhtk-05a504,1,,https://www.find-tender.service.gov.uk/api/1.0/ocdsRecordPackages/ocds-h6vhtk-05a504,ZETRON LIMITED
Palantir Technologies Inc,USA,name,The Newcastle Upon Tyne Hospitals NHS Foundation Trust,Picture Archiving and Communication (PACS) System,Expired,active,active,complete,2000000000.0,lot,GBP,False,1,goods,,2024-10-01,,2026-09-21,estimated (start + duration),,2026-04-28,ocds-h6vhtk-038750,032423-2024-74,032423-2024-74,https://www.find-tender.service.gov.uk/Notice/032423-2024,Palantir Technologies UK Ltd
RENK Group AG,Germany,check,Offshore Renewable Energy Catapult,15MW Drive Train Test Facility Upgrade - ORE/22/100,Expired,active,active,complete,,,GBP,False,1,works,,2025-02-05,,2025-07-31,lot,,2025-02-12,ocds-h6vhtk-037ef4,004774-2025-ORE/22/100-1,004774-2025-ORE/22/100-1,https://www.find-tender.service.gov.uk/Notice/004774-2025,RENK Test Systems GmbH
RTX Corp,USA,name,Ministry of Defence,AWE Urban: Sustain and Protect,Expired,active,active,complete,1.0,contract,GBP,True,27,services,,2022-06-14,,2023-03-31,lot,,2022-10-27,ocds-h6vhtk-030344,030422-2022-702296452-1,030422-2022-702296452-1,https://www.find-tender.service.gov.uk/Notice/030422-2022,Raytheon Systems Limited
RTX Corp,USA,name,Ministry of Defence,Army Collective Training Service (ACTS),Expired,active,active,active,12000000.0,contract,GBP,False,1,services,,2025-02-11,,2025-08-10,estimated (start + duration),,2025-03-07,ocds-h6vhtk-03ec80,008419-2025-714017452-1,008419-2025-714017452-1,https://www.find-tender.service.gov.uk/Notice/008419-2025,Raytheon Systems Limited
RTX Corp,USA,name,Ministry of Defence,Ground segment software solutions (core plus adaptations),Expired,active,active,complete,50000.0,contract,GBP,True,1,goods,,2023-01-04,,2025-12-19,estimated (start + duration),,2023-02-02,ocds-h6vhtk-035558,003267-2023-704294450-3,003267-2023-704294450-3,https://www.find-tender.service.gov.uk/Notice/003267-2023,Raytheon Systems Ltd
RTX Corp,USA,name,UK Space Agency,NSpOC Orbital Analyst Laptop Support,Expired,active,active,complete,20068.23,contract,GBP,False,1,,,2026-02-17,2026-02-17,2026-03-31,contract,,2026-02-18,ocds-h6vhtk-06569b,1,1,https://www.find-tender.service.gov.uk/api/1.0/ocdsRecordPackages/ocds-h6vhtk-06569b,RAYTHEON SYSTEMS LIMITED
RTX Corp,USA,name,Ministry of Defence,ACTS Early Works and Risk Reduction,Expired,active,active,complete,4910000.0,contract,GBP,False,1,,2026-01-12,2026-02-23,2026-02-23,2026-07-01,contract,,2026-03-25,ocds-h6vhtk-064e4a,1,1,https://www.find-tender.service.gov.uk/api/1.0/ocdsRecordPackages/ocds-h6vhtk-064e4a,Raytheon Systems Limited
Rheinmetall AG,Germany,name,Ministry of Defence,AWE Urban: Sustain and Protect,Expired,active,active,complete,1.0,contract,GBP,True,27,services,,2022-06-14,,2023-03-31,lot,,2022-10-27,ocds-h6vhtk-030344,030422-2022-702296452-1,030422-2022-702296452-1,https://www.find-tender.service.gov.uk/Notice/030422-2022,Rheinmetall Defence UK Limited
Rheinmetall AG,Germany,name,Ministry of Defence,708339450 - Warrior Rear Safety Camera System- Contract Award Notice FTS,Expired,active,active,active,21263289.88,contract,GBP,False,1,goods,,2023-10-06,,2025-10-05,estimated (start + duration),,2023-11-03,ocds-h6vhtk-03dde5,032649-2023-70833945-1,032649-2023-70833945-1,https://www.find-tender.service.gov.uk/Notice/032649-2023,Rheinmetall Electronics UK Limited
Rolls-Royce Holdings plc,UK,name,United Kingdom Atomic Energy Authority,STEP Manufacture Support Services Framework,Expired,active,active,complete,3500000.0,contract,GBP,True,1,services,,2022-01-25,2021-11-15,2024-03-31,lot,,2022-04-29,ocds-h6vhtk-02dbfa,011063-2022-5-5,011063-2022-5-5,https://www.find-tender.service.gov.uk/Notice/011063-2022,Rolls-Royce Submarines Ltd
Rolls-Royce Holdings plc,UK,name,Ministry of Defence,,Expired,active,active,,2800000.0,contract,GBP,False,1,goods,,2024-10-25,,2025-10-25,estimated (start + duration),,2025-07-11,ocds-h6vhtk-055dc6,039333-2025-1,039333-2025-1,https://www.find-tender.service.gov.uk/Notice/039333-2025,Rolls Royce
thyssenkrupp AG,Germany,name,Belfast City Council,MTC for repairs & maintenance of lift installations at Council properties,Expired,active,active,complete,69000.0,contract,GBP,False,1,goods,,2022-01-07,,2025-12-17,estimated (start + duration),,2022-01-07,ocds-h6vhtk-02da4c,000572-2022-1,000572-2022-1,https://www.find-tender.service.gov.uk/Notice/000572-2022,ThyssenKrupp Elevators Ltd
International Business Machines Corp,USA,name,Home Office,Protective Monitoring Transition and Exit,Terminated,active,terminated,complete,337664.64,contract,GBP,False,1,,2025-12-02,2026-01-13,2026-01-13,2026-05-30,contract,,2026-06-11,ocds-h6vhtk-05f22c,1,1,https://www.find-tender.service.gov.uk/api/1.0/ocdsRecordPackages/ocds-h6vhtk-05f22c,IBM UK Ltd
International Business Machines Corp,USA,name,UK Research & Innovation,UKRI-4981 Software Subscription and Support Renewal,Terminated,active,terminated,complete,166930.48,contract,GBP,False,1,,2025-05-19,2025-06-04,2025-06-05,2026-06-02,contract,,2026-07-15,ocds-h6vhtk-05187f,1,1,https://www.find-tender.service.gov.uk/api/1.0/ocdsRecordPackages/ocds-h6vhtk-05187f,IBM United Kingdom Ltd
BAE Systems PLC,UK,name,BLUELIGHT COMMERCIAL LIMITED,Lot 2 - Cyber Security Incident Response and Planning Services,Cancelled,cancelled,,complete,8000000.0,award,GBP,True,8,services,2026-03-13,,2026-04-07,2034-04-06,award,2033-12-18,2026-09-18,ocds-h6vhtk-0553a6,2,,https://www.find-tender.service.gov.uk/api/1.0/ocdsRecordPackages/ocds-h6vhtk-0553a6,BAE SYSTEMS APPLIED INTELLIGENCE LIMITED
BAE Systems PLC,UK,name,BLUELIGHT COMMERCIAL LIMITED,Lot 2 - Cyber Security Incident Response and Planning Services,Cancelled,active,cancelled,complete,8000000.0,award,GBP,True,8,services,2026-03-31,,2026-04-20,2034-04-19,award,2033-12-18,2026-09-18,ocds-h6vhtk-0553a6,6,6,https://www.find-tender.service.gov.uk/api/1.0/ocdsRecordPackages/ocds-h6vhtk-0553a6,BAE SYSTEMS APPLIED INTELLIGENCE LIMITED
BAE Systems PLC,UK,name,BLUELIGHT COMMERCIAL LIMITED,Lot 1 - Penetration Testing and Vulnerability Management Scanning Services,Cancelled,active,cancelled,complete,38000000.0,award,GBP,True,8,services,2026-03-31,,2026-04-20,2034-04-20,award,2033-12-18,2026-09-18,ocds-h6vhtk-0553a6,5,5,https://www.find-tender.service.gov.uk/api/1.0/ocdsRecordPackages/ocds-h6vhtk-0553a6,BAE SYSTEMS APPLIED INTELLIGENCE LIMITED
Leonardo SpA,Italy,name,BLUELIGHT COMMERCIAL LIMITED,Lot 3 - Cyber Resilience Audit Services,Cancelled,cancelled,,complete,4000000.0,award,GBP,True,8,services,2026-03-13,,2026-04-07,2034-04-06,award,2033-12-18,2026-09-18,ocds-h6vhtk-0553a6,3,,https://www.find-tender.service.gov.uk/api/1.0/ocdsRecordPackages/ocds-h6vhtk-0553a6,LEONARDO UK LTD
Leonardo SpA,Italy,name,BLUELIGHT COMMERCIAL LIMITED,Lot 3 - Cyber Resilience Audit Services,Cancelled,active,cancelled,complete,4000000.0,award,GBP,True,8,services,2026-03-31,,2026-04-20,2034-04-19,award,2033-12-18,2026-09-18,ocds-h6vhtk-0553a6,7,7,https://www.find-tender.service.gov.uk/api/1.0/ocdsRecordPackages/ocds-h6vhtk-0553a6,LEONARDO UK LTD
