company,company_country,confidence,status,buyer,title,type,suppliers_on_award,lots_won,value,value_basis,currency,start_date,end_date,end_date_source,max_end_date,date_signed,last_updated,category,supplier_name,ocid,notice_url,record_url
Axon Enterprise Inc,USA,name,Active,East Of England NHS Collaborative Hub,Framework Agreement for Personal Video Devices & Accessories,Framework / multi-supplier,4,1,1000000.0,contract,GBP,,2026-10-11,estimated (start + duration),,2022-11-01,2023-12-06,goods,Axon Public Saftey UK Ltd,ocds-h6vhtk-02f66d,https://www.find-tender.service.gov.uk/Notice/035902-2023,https://www.find-tender.service.gov.uk/api/1.0/ocdsRecordPackages/ocds-h6vhtk-02f66d
Axon Enterprise Inc,USA,name,Active,The Police and Crime Commissioner for Norfolk,Data Portal,Contract,1,1,,tender,GBP,2026-04-08,2027-03-31,contract,,2026-04-08,2026-04-16,,AXON PUBLIC SAFETY UK LIMITED,ocds-h6vhtk-068465,https://www.find-tender.service.gov.uk/api/1.0/ocdsRecordPackages/ocds-h6vhtk-068465,https://www.find-tender.service.gov.uk/api/1.0/ocdsRecordPackages/ocds-h6vhtk-068465
Axon Enterprise Inc,USA,name,Active,Crown Commercial Service,"Lot 5 - Enforcement, Security and Compliance",Framework / multi-supplier,43,1,500000000.0,contract,GBP,2025-10-23,2027-10-22,contract,2028-10-22,2025-10-23,2026-07-22,services,AXON PUBLIC SAFETY UK LIMITED,ocds-h6vhtk-04ec9e,https://www.find-tender.service.gov.uk/api/1.0/ocdsRecordPackages/ocds-h6vhtk-04ec9e,https://www.find-tender.service.gov.uk/api/1.0/ocdsRecordPackages/ocds-h6vhtk-04ec9e
Axon Enterprise Inc,USA,name,Active,"Meta Procurement, on behalf of Efficiency East Midlands Limited",Camera Framework,Framework / multi-supplier,4,1,250000000.0,contract,GBP,,2028-03-13,estimated (start + duration),,2024-04-03,2024-04-17,goods,Axon Public Safety UK Limited,ocds-h6vhtk-03dd18,https://www.find-tender.service.gov.uk/Notice/012506-2024,https://www.find-tender.service.gov.uk/api/1.0/ocdsRecordPackages/ocds-h6vhtk-03dd18
Axon Enterprise Inc,USA,name,Active,BlueLight Commercial Ltd,Lot 1 -  Body Worn Video,Framework / multi-supplier,3,3,73120000.0,contract,GBP,,2029-04-01,estimated (start + duration),,2025-04-22,2025-05-14,goods,Axon Public Safety UK Ltd,ocds-h6vhtk-04b0e8,https://www.find-tender.service.gov.uk/Notice/021361-2025,https://www.find-tender.service.gov.uk/api/1.0/ocdsRecordPackages/ocds-h6vhtk-04b0e8
Axon Enterprise Inc,USA,name,Active,West Yorkshire Fire and Rescue Service,Body Worn Video Cameras and a Data Management System,Contract,1,1,1000000.0,contract,GBP,2025-04-07,2031-04-06,lot,,2025-05-08,2025-05-08,goods,AXON Public Safety UK Ltd,ocds-h6vhtk-04ccd0,https://www.find-tender.service.gov.uk/Notice/019567-2025,https://www.find-tender.service.gov.uk/api/1.0/ocdsRecordPackages/ocds-h6vhtk-04ccd0
BAE Systems PLC,UK,name,Active,Ministry of Defence,714004450 The Supply of MIDS JTRS BU3 BC1 Declaration of Design Performance (DDP) and Optional MIDS JTRS Integration and Technical Support,Contract,1,1,1985500.0,contract,USN,,2026-10-17,estimated (start + duration),,2026-05-20,2026-05-21,services,Adaptive Communications and Sensing (AC&S) BAE Systems Electronic Systems / Data Link Solutions,ocds-h6vhtk-059383,https://www.find-tender.service.gov.uk/Notice/047313-2026,https://www.find-tender.service.gov.uk/api/1.0/ocdsRecordPackages/ocds-h6vhtk-059383
BAE Systems PLC,UK,name,Active,UK Research & Innovation (UKRI),NERC - Annual Continued Airworthiness services,Contract,1,1,25000.0,contract,GBP,2026-08-24,2026-12-31,contract,,2026-08-18,2026-08-20,,BAE Systems (Operations) Ltd,ocds-h6vhtk-06e8b1,https://www.find-tender.service.gov.uk/api/1.0/ocdsRecordPackages/ocds-h6vhtk-06e8b1,https://www.find-tender.service.gov.uk/api/1.0/ocdsRecordPackages/ocds-h6vhtk-06e8b1
BAE Systems PLC,UK,name,Active,Ministry of Defence,Provision of Annual Flexible Hose Assemblies Surveys and Examinations,Framework / multi-supplier,1,1,47182.72,contract,GBP,,2027-01-27,estimated (start + duration),,2023-02-17,2023-02-17,services,BAE Systems Surface Ships Limited,ocds-h6vhtk-0371f8,https://www.find-tender.service.gov.uk/Notice/004852-2023,https://www.find-tender.service.gov.uk/api/1.0/ocdsRecordPackages/ocds-h6vhtk-0371f8
BAE Systems PLC,UK,name,Active,HM Revenue & Customs,Stage 3 Pilot - HMRC's Competition to Identify Deliberate Evasion and Help Close the Tax Gap,Contract,1,1,279929.0,contract,GBP,2026-02-06,2027-02-05,contract,2031-02-11,2026-02-04,2026-02-16,goods,BAE Systems Applied Intelligence Limited,ocds-h6vhtk-055ed0,https://www.find-tender.service.gov.uk/api/1.0/ocdsRecordPackages/ocds-h6vhtk-055ed0,https://www.find-tender.service.gov.uk/api/1.0/ocdsRecordPackages/ocds-h6vhtk-055ed0
BAE Systems PLC,UK,name,Active,Ministry of Defence,Provision of Defence Aviation Confliction Awareness Planning Tool,Contract,1,2,6324090.0,contract,GBP,2026-03-20,2027-02-17,contract,,2026-03-20,2026-04-02,,BAE SYSTEMS (OPERATIONS) LIMITED,ocds-h6vhtk-05fa9a,https://www.find-tender.service.gov.uk/api/1.0/ocdsRecordPackages/ocds-h6vhtk-05fa9a,https://www.find-tender.service.gov.uk/api/1.0/ocdsRecordPackages/ocds-h6vhtk-05fa9a
BAE Systems PLC,UK,name,Active,Defence Equipment and Support,Post Design Services (PDS) & Repairs for the Mobile Test Facility (MTF) Vehicle,Contract,1,1,939592.0,contract,GBP,2026-05-01,2027-04-30,contract,2028-04-30,2026-05-01,2026-06-02,,BAE Systems (Operations) Limited,ocds-h6vhtk-05630d,https://www.find-tender.service.gov.uk/api/1.0/ocdsRecordPackages/ocds-h6vhtk-05630d,https://www.find-tender.service.gov.uk/api/1.0/ocdsRecordPackages/ocds-h6vhtk-05630d
BAE Systems PLC,UK,name,Active,DIGITAL CATAPULT,P2025-223 - Digital Twin Design Centre US DoD High Level Architecture Compliant Software,Contract,1,1,36925.0,contract,GBP,2026-05-15,2027-05-14,contract,,2026-05-15,2026-07-17,services,BAE Systems (Operations) Limited,ocds-h6vhtk-05f459,https://www.find-tender.service.gov.uk/api/1.0/ocdsRecordPackages/ocds-h6vhtk-05f459,https://www.find-tender.service.gov.uk/api/1.0/ocdsRecordPackages/ocds-h6vhtk-05f459
BAE Systems PLC,UK,name,Active,Ministry of Defence,The Repair and Overhaul of Various Fire Suppression Repairable Assets and Associated Items,Framework / multi-supplier,1,1,23600000.0,contract,GBP,,2027-06-17,estimated (start + duration),,2025-06-17,2025-07-29,services,Rheinmetall BAE Systems Land (RBSL),ocds-h6vhtk-0567bc,https://www.find-tender.service.gov.uk/Notice/043726-2025,https://www.find-tender.service.gov.uk/api/1.0/ocdsRecordPackages/ocds-h6vhtk-0567bc
BAE Systems PLC,UK,name,Active,Ministry of Defence,IRM16/1297 - Repair of the Challenger 2 Commanders Sighting System,Framework / multi-supplier,1,1,10412544.0,contract,GBP,,2027-06-18,estimated (start + duration),,2024-06-18,2025-02-07,services,Rheinmetall BAE Systems Land (RBSL),ocds-h6vhtk-04dcbd,https://www.find-tender.service.gov.uk/Notice/004163-2025,https://www.find-tender.service.gov.uk/api/1.0/ocdsRecordPackages/ocds-h6vhtk-04dcbd
BAE Systems PLC,UK,name,Active,Ministry of Defence,Typhoon Civilian Qualified Flying Instructor Support (CQFIs),Contract,1,1,2014000.0,contract,GBP,,2027-07-04,estimated (start + duration),,2024-07-19,2024-07-24,services,BAE Systems (Operations) Ltd,ocds-h6vhtk-040d48,https://www.find-tender.service.gov.uk/Notice/023045-2024,https://www.find-tender.service.gov.uk/api/1.0/ocdsRecordPackages/ocds-h6vhtk-040d48
BAE Systems PLC,UK,name,Active,Crown Commercial Service,Lot 1 - Digital Outcomes,Framework / multi-supplier,1624,3,11940000000.0,contract,GBP,2026-01-30,2027-07-29,contract,2029-01-29,2026-01-30,2026-09-09,services,BAE SYSTEMS APPLIED INTELLIGENCE LIMITED; BAE Systems (Operations) Limited,ocds-h6vhtk-04fb0d,https://www.find-tender.service.gov.uk/api/1.0/ocdsRecordPackages/ocds-h6vhtk-04fb0d,https://www.find-tender.service.gov.uk/api/1.0/ocdsRecordPackages/ocds-h6vhtk-04fb0d
BAE Systems PLC,UK,name,Active,Ministry of Defence,Sonar 2117 In Service Support,Contract,1,1,2840139.0,contract,GBP,,2027-09-23,estimated (start + duration),,2024-09-23,2024-10-21,goods,BAE Systems Maritime Naval Ships,ocds-h6vhtk-042b4a,https://www.find-tender.service.gov.uk/Notice/033920-2024,https://www.find-tender.service.gov.uk/api/1.0/ocdsRecordPackages/ocds-h6vhtk-042b4a
BAE Systems PLC,UK,name,Active,Crown Commercial Service,Lot 1 - Transport Professional Services,Framework / multi-supplier,106,2,750000000.0,contract,GBP,2025-10-23,2027-10-22,contract,2028-10-22,2025-10-23,2026-07-22,services,BAE SYSTEMS APPLIED INTELLIGENCE LIMITED,ocds-h6vhtk-04ec9e,https://www.find-tender.service.gov.uk/api/1.0/ocdsRecordPackages/ocds-h6vhtk-04ec9e,https://www.find-tender.service.gov.uk/api/1.0/ocdsRecordPackages/ocds-h6vhtk-04ec9e
BAE Systems PLC,UK,name,Active,Crown Commercial Service,Lot 1 - Technology and Digital Consultancy Services,Framework / multi-supplier,263,9,16000000000.0,contract,GBP,2025-12-12,2028-06-11,contract,2028-12-11,2025-12-12,2026-09-09,services,BAE Systems Applied Intelligence,ocds-h6vhtk-04eac3,https://www.find-tender.service.gov.uk/api/1.0/ocdsRecordPackages/ocds-h6vhtk-04eac3,https://www.find-tender.service.gov.uk/api/1.0/ocdsRecordPackages/ocds-h6vhtk-04eac3
BAE Systems PLC,UK,name,Active,Ministry of Defence,706125450 - Sting Ray Mid Life Upgrade (SRMLU) Assessment Phase (AP),Contract,1,1,240543614.4,contract,GBP,,2028-06-27,estimated (start + duration),,2024-06-28,2024-07-02,goods,BAE Systems Surface Ships,ocds-h6vhtk-0478ae,https://www.find-tender.service.gov.uk/Notice/019920-2024,https://www.find-tender.service.gov.uk/api/1.0/ocdsRecordPackages/ocds-h6vhtk-0478ae
BAE Systems PLC,UK,name,Active,"Leicestershire County Council, trading as ESPO",Lot 1. Executive and Managerial Interim Recruitment,Framework / multi-supplier,151,3,875000001.0,contract,GBP,2026-07-07,2028-07-06,contract,2030-07-06,2026-06-23,2026-07-16,services,BAE SYSTEMS STRATEGIC AEROSPACE SERVICES LIMITED (13206216),ocds-h6vhtk-0505ab,https://www.find-tender.service.gov.uk/api/1.0/ocdsRecordPackages/ocds-h6vhtk-0505ab,https://www.find-tender.service.gov.uk/api/1.0/ocdsRecordPackages/ocds-h6vhtk-0505ab
BAE Systems PLC,UK,name,Active,KBS MARITIME LIMITED,"Professional Services, Compliance & Consultancy",Framework / multi-supplier,35,2,147000000.0,contract,GBP,,2028-11-09,estimated (start + duration),,2024-11-10,2024-12-28,services,BAE SYSTEMS PLC,ocds-h6vhtk-044566,https://www.find-tender.service.gov.uk/Notice/041575-2024,https://www.find-tender.service.gov.uk/api/1.0/ocdsRecordPackages/ocds-h6vhtk-044566
BAE Systems PLC,UK,name,Active,Ministry of Defence,ADEWS/097 SPICCCS,Contract,1,1,17619000.0,contract,GBP,,2029-03-05,estimated (start + duration),,2022-03-07,2022-04-05,services,BAE Systems,ocds-h6vhtk-032a05,https://www.find-tender.service.gov.uk/Notice/009066-2022,https://www.find-tender.service.gov.uk/api/1.0/ocdsRecordPackages/ocds-h6vhtk-032a05
BAE Systems PLC,UK,name,Active,Ministry of Defence,L118 Light Gun Design Organisation,Contract,1,1,30500000.0,contract,GBP,,2029-03-27,estimated (start + duration),,2024-03-28,2024-05-16,services,BAE Systems GCS International Limited,ocds-h6vhtk-045a1c,https://www.find-tender.service.gov.uk/Notice/015579-2024,https://www.find-tender.service.gov.uk/api/1.0/ocdsRecordPackages/ocds-h6vhtk-045a1c
BAE Systems PLC,UK,name,Active,Defence Equipment and Support,BBMF Lancaster Aircraft PDS,Contract,1,1,5000000.0,contract,GBP,2026-08-14,2029-03-31,contract,2035-12-31,2026-08-14,2026-08-27,,BAE Systems (Operations) Ltd,ocds-h6vhtk-0614fc,https://www.find-tender.service.gov.uk/api/1.0/ocdsRecordPackages/ocds-h6vhtk-0614fc,https://www.find-tender.service.gov.uk/api/1.0/ocdsRecordPackages/ocds-h6vhtk-0614fc
BAE Systems PLC,UK,name,Active,Met Office,Framework for Applied Science Technology Engineering Requirements (FASTER),Framework / multi-supplier,31,3,27360000.0,contract,GBP,2026-04-24,2029-04-23,contract,2034-04-23,2026-04-23,2026-05-18,services,BAE Systems Applied Intelligence,ocds-h6vhtk-050b18,https://www.find-tender.service.gov.uk/api/1.0/ocdsRecordPackages/ocds-h6vhtk-050b18,https://www.find-tender.service.gov.uk/api/1.0/ocdsRecordPackages/ocds-h6vhtk-050b18
BAE Systems PLC,UK,name,Active,Government Commercial Agency,"Services - Architecture design, system integration, field support, training, and system sustainment activities",Framework / multi-supplier,75,3,8027000000.0,contract,GBP,2026-06-26,2029-06-25,contract,,2026-06-26,2026-09-09,services,BAE Systems (Operations) Limited,ocds-h6vhtk-04ff3b,https://www.find-tender.service.gov.uk/api/1.0/ocdsRecordPackages/ocds-h6vhtk-04ff3b,https://www.find-tender.service.gov.uk/api/1.0/ocdsRecordPackages/ocds-h6vhtk-04ff3b
BAE Systems PLC,UK,name,Active,Ministry of Defence,TTHC/0017 Torpedoes Repair and Maintenance (TRAM),Contract,1,1,405762737.13,contract,GBP,,2029-06-30,estimated (start + duration),,2026-07-01,2026-07-29,services,BAE Systems Surface Ships Ltd,ocds-h6vhtk-06d68e,https://www.find-tender.service.gov.uk/Notice/071742-2026,https://www.find-tender.service.gov.uk/api/1.0/ocdsRecordPackages/ocds-h6vhtk-06d68e
BAE Systems PLC,UK,name,Active,Ministry of Defence,The Supply of Artillery & Howitzer Components & Armoured Vehicle Weapons Systems Components,Framework / multi-supplier,1,2,8000000.0,award,GBP,2026-08-11,2030-08-11,award,,2026-08-12,2026-08-26,,BAE Systems GCS International Limited,ocds-h6vhtk-0696c1,https://www.find-tender.service.gov.uk/api/1.0/ocdsRecordPackages/ocds-h6vhtk-0696c1,https://www.find-tender.service.gov.uk/api/1.0/ocdsRecordPackages/ocds-h6vhtk-0696c1
BAE Systems PLC,UK,name,Active,Met Office,Lot 3. Secure Services,Framework / multi-supplier,3,1,12000000.0,contract,GBP,2026-09-14,2030-09-13,contract,,2026-09-14,2026-09-15,services,BAE SYSTEMS APPLIED INTELLIGENCE LIMITED,ocds-h6vhtk-0522a5,https://www.find-tender.service.gov.uk/api/1.0/ocdsRecordPackages/ocds-h6vhtk-0522a5,https://www.find-tender.service.gov.uk/api/1.0/ocdsRecordPackages/ocds-h6vhtk-0522a5
BAE Systems PLC,UK,name,Active,Ministry of Defence,"MSS/109 Lot 1 - Life Jackets, Buoyancy Aids and Flotation Devices - Civilian",Contract,1,1,40843832.87,contract,GBP,,2032-01-29,estimated (start + duration),,2025-01-30,2025-02-25,goods,BAE Systems Surface Ships Limited,ocds-h6vhtk-0433d6,https://www.find-tender.service.gov.uk/Notice/007162-2025,https://www.find-tender.service.gov.uk/api/1.0/ocdsRecordPackages/ocds-h6vhtk-0433d6
BAE Systems PLC,UK,name,Active,Ministry of Defence,"705563450 - In Service Support for Combat Management Systems (CMS), Shared Infrastructure (SI) and Networks",Contract,1,2,2762202216.0,contract,GBP,,2032-09-22,estimated (start + duration),,2024-06-25,2024-09-27,services,BAE Systems Surface Ships Limited; BAE Systems Surface Ships Ltd,ocds-h6vhtk-047255,https://www.find-tender.service.gov.uk/Notice/030895-2024,https://www.find-tender.service.gov.uk/api/1.0/ocdsRecordPackages/ocds-h6vhtk-047255
BAE Systems PLC,UK,name,Active,Ministry of Defence,"NJORD Framework - Call-Off Competition 1 ITT - NTD, STX, BUC, BRZ",Contract,1,1,95000000.0,contract,GBP,,2033-01-20,estimated (start + duration),,2026-02-26,2026-03-24,goods,BAE Systems Surface Ships  Limited,ocds-h6vhtk-04021a,https://www.find-tender.service.gov.uk/Notice/027034-2026,https://www.find-tender.service.gov.uk/api/1.0/ocdsRecordPackages/ocds-h6vhtk-04021a
BAE Systems PLC,UK,name,Active,BLUELIGHT COMMERCIAL LIMITED,Lot 1 - Penetration Testing and Vulnerability Management Scanning Services,Framework / multi-supplier,8,5,100000000.0,contract,GBP,2026-04-07,2034-06-07,contract,2033-12-18,2026-06-08,2026-09-18,services,BAE SYSTEMS APPLIED INTELLIGENCE LIMITED,ocds-h6vhtk-0553a6,https://www.find-tender.service.gov.uk/api/1.0/ocdsRecordPackages/ocds-h6vhtk-0553a6,https://www.find-tender.service.gov.uk/api/1.0/ocdsRecordPackages/ocds-h6vhtk-0553a6
Boeing Co,USA,name,Active,Crown Commercial Service,Lot 1 - Technology and Digital Consultancy Services,Framework / multi-supplier,263,9,16000000000.0,contract,GBP,2025-12-12,2028-06-11,contract,2028-12-11,2025-12-12,2026-09-09,services,Boeing Defence UK,ocds-h6vhtk-04eac3,https://www.find-tender.service.gov.uk/api/1.0/ocdsRecordPackages/ocds-h6vhtk-04eac3,https://www.find-tender.service.gov.uk/api/1.0/ocdsRecordPackages/ocds-h6vhtk-04eac3
Boeing Co,USA,name,Active,Defence Equipment and Support,Rotary Wing Enterprise Transition Phase,Contract,1,1,890000000.0,contract,GBP,2026-04-01,2029-03-31,contract,,2026-03-28,2026-06-26,,Boeing Defence UK Ltd,ocds-h6vhtk-066ccd,https://www.find-tender.service.gov.uk/api/1.0/ocdsRecordPackages/ocds-h6vhtk-066ccd,https://www.find-tender.service.gov.uk/api/1.0/ocdsRecordPackages/ocds-h6vhtk-066ccd
Cadre Holdings Inc,USA,name,Active,West Yorkshire Combined Authority,Body armour for armed response officers,Framework / multi-supplier,1,1,900000.0,contract,GBP,,2027-11-10,estimated (start + duration),,2023-12-01,2023-12-22,goods,Safariland Uk Ltd,ocds-h6vhtk-03d6ca,https://www.find-tender.service.gov.uk/Notice/037887-2023,https://www.find-tender.service.gov.uk/api/1.0/ocdsRecordPackages/ocds-h6vhtk-03d6ca
Cadre Holdings Inc,USA,name,Active,Ministry of Defence,Provision of Body Armour for the Ministry of Defence Police Force,Framework / multi-supplier,2,1,1702045.94,contract,GBP,2026-03-10,2029-03-31,contract,,2026-03-10,2026-03-17,,SAFARILAND UK LTD; Safariland UK LTD,ocds-h6vhtk-061300,https://www.find-tender.service.gov.uk/api/1.0/ocdsRecordPackages/ocds-h6vhtk-061300,https://www.find-tender.service.gov.uk/api/1.0/ocdsRecordPackages/ocds-h6vhtk-061300
Cadre Holdings Inc,USA,name,Active,Ministry of Justice,Framework for the Provision of General Patrol and Firearms Body Armour,Framework / multi-supplier,1,3,47682770.0,contract,GBP,,2029-12-18,estimated (start + duration),,2023-01-20,2026-01-22,goods,SAFARILAND UK LTD; Safariland UK Ltd,ocds-h6vhtk-03503c,https://www.find-tender.service.gov.uk/Notice/007675-2023,https://www.find-tender.service.gov.uk/api/1.0/ocdsRecordPackages/ocds-h6vhtk-03503c
Caterpillar Inc,USA,name,Active,Ministry of Defence,The Repair of Land Rover Engines and Associated Assemblies,Contract,1,1,43200000.0,contract,GBP,,2028-09-01,estimated (start + duration),,2025-09-02,2025-12-23,services,Caterpillar Shrewsbury Limited,ocds-h6vhtk-05fc20,https://www.find-tender.service.gov.uk/Notice/085648-2025,https://www.find-tender.service.gov.uk/api/1.0/ocdsRecordPackages/ocds-h6vhtk-05fc20
Caterpillar Inc,USA,name,Active,Ministry of Defence,HAAIP Main Engine Radiators,Contract,1,1,400091550.36,contract,GBP,,2030-09-28,estimated (start + duration),,2022-05-13,2022-05-17,goods,Caterpillar Shrewsbury limited,ocds-h6vhtk-02b9ba,https://www.find-tender.service.gov.uk/Notice/012772-2022,https://www.find-tender.service.gov.uk/api/1.0/ocdsRecordPackages/ocds-h6vhtk-02b9ba
Cellebrite DI Ltd,Israel,name,Active,The Mayor and Commonalty and Citizens of the City of London,DFU Cellebrite 2025 Renewal,Contract,1,1,79327.4,contract,GBP,2025-06-30,2026-10-26,contract,,2025-06-27,2025-06-27,,Cellebrite,ocds-h6vhtk-05550e,https://www.find-tender.service.gov.uk/api/1.0/ocdsRecordPackages/ocds-h6vhtk-05550e,https://www.find-tender.service.gov.uk/api/1.0/ocdsRecordPackages/ocds-h6vhtk-05550e
Cellebrite DI Ltd,Israel,name,Active,Serious Fraud Office,SFO-DFU-Cellebrite-CS,Contract,1,1,77302.82,contract,GBP,2026-03-25,2027-03-24,contract,,2026-03-23,2026-04-08,,CELLEBRITE UK LIMITED,ocds-h6vhtk-066059,https://www.find-tender.service.gov.uk/api/1.0/ocdsRecordPackages/ocds-h6vhtk-066059,https://www.find-tender.service.gov.uk/api/1.0/ocdsRecordPackages/ocds-h6vhtk-066059
Cellebrite DI Ltd,Israel,name,Active,"The Police, Fire and Crime Commissioner for Northamptonshire",The Provision of Extraction Licences 2026,Contract,1,1,30165.0,contract,GBP,2026-05-13,2027-05-12,contract,,2026-05-13,2026-05-14,,Cellebrite UK Limited,ocds-h6vhtk-06989f,https://www.find-tender.service.gov.uk/api/1.0/ocdsRecordPackages/ocds-h6vhtk-06989f,https://www.find-tender.service.gov.uk/api/1.0/ocdsRecordPackages/ocds-h6vhtk-06989f
Cellebrite DI Ltd,Israel,name,Active,Police and Crime Commissioner for North Wales Police & North Wales Police,Digital Intelligence Solution,Contract,1,2,248719.58,award,GBP,2026-04-22,2027-10-02,contract,,2026-04-15,2026-04-15,,Cellebrite UK Limited,ocds-h6vhtk-059ebc,https://www.find-tender.service.gov.uk/api/1.0/ocdsRecordPackages/ocds-h6vhtk-059ebc,https://www.find-tender.service.gov.uk/api/1.0/ocdsRecordPackages/ocds-h6vhtk-059ebc
Cemex SAB de CV,Mexico,name,Active,Derbyshire County Council,Lot 1 – Area 1 (North West),Framework / multi-supplier,1,7,14000000.0,contract,GBP,,2029-01-14,estimated (start + duration),,2025-02-04,2025-02-11,goods,CEMEX UK Operations Ltd,ocds-h6vhtk-04bd2d,https://www.find-tender.service.gov.uk/Notice/004465-2025,https://www.find-tender.service.gov.uk/api/1.0/ocdsRecordPackages/ocds-h6vhtk-04bd2d
Cemex SAB de CV,Mexico,name,Active,Nottingham City Council,CPU 8051 Construction Materials (Aggregates & Asphalts) Lot 1 Aggregates,Framework / multi-supplier,3,2,2000000.0,contract,GBP,2026-08-03,2030-08-02,contract,,2026-07-16,2026-09-14,goods,CEMEX UK OPERATIONS LIMITED,ocds-h6vhtk-05e7a5,https://www.find-tender.service.gov.uk/api/1.0/ocdsRecordPackages/ocds-h6vhtk-05e7a5,https://www.find-tender.service.gov.uk/api/1.0/ocdsRecordPackages/ocds-h6vhtk-05e7a5
Cemex SAB de CV,Mexico,name,Active,East Riding of Yorkshire Council,Call Off #1 March 2022 - Supply of Highways Materials,Framework / multi-supplier,1,1,4388000.0,contract,GBP,2022-02-01,2032-01-31,lot,,2022-03-01,2026-09-11,goods,Cemex UK Operations Ltd,ocds-h6vhtk-02f40f,https://www.find-tender.service.gov.uk/Notice/009438-2022,https://www.find-tender.service.gov.uk/api/1.0/ocdsRecordPackages/ocds-h6vhtk-02f40f
Elbit Systems Ltd,Israel,name,Active,Ministry of Defence,The Procurement of Ground Based Surveillance Radar,Contract,1,1,25000000.0,tender,GBP,,2027-03-13,estimated (start + duration),,2023-04-03,2023-05-22,goods,Elbit Systems UK,ocds-h6vhtk-029917,https://www.find-tender.service.gov.uk/Notice/014463-2023,https://www.find-tender.service.gov.uk/api/1.0/ocdsRecordPackages/ocds-h6vhtk-029917
Elbit Systems Ltd,Israel,name,Active,Ministry of Defence,Interim Combined Arms Virtual Simulation (Deployable),Contract,1,1,344452536.0,contract,GBP,,2027-10-10,estimated (start + duration),,2021-10-11,2021-10-22,services,Elbit Systems UK Ltd,ocds-h6vhtk-02ef4d,https://www.find-tender.service.gov.uk/Notice/026592-2021,https://www.find-tender.service.gov.uk/api/1.0/ocdsRecordPackages/ocds-h6vhtk-02ef4d
Elbit Systems Ltd,Israel,name,Active,Government Commercial Agency,"Services - Architecture design, system integration, field support, training, and system sustainment activities",Framework / multi-supplier,75,3,8027000000.0,contract,GBP,2026-06-26,2029-06-25,contract,,2026-06-26,2026-09-09,services,Elbit Systems UK Limited,ocds-h6vhtk-04ff3b,https://www.find-tender.service.gov.uk/api/1.0/ocdsRecordPackages/ocds-h6vhtk-04ff3b,https://www.find-tender.service.gov.uk/api/1.0/ocdsRecordPackages/ocds-h6vhtk-04ff3b
Elbit Systems Ltd,Israel,name,Active,Ministry of Defence,PROCUREMENT OF ELECTRO-MAGNETIC COUNTER SMALL UNCREWED AIR SYSTEMS DEFEAT AND/OR DETECT (EMDAD) (AND ASSOCIATED SYSTEMS),Framework / multi-supplier,1,1,7.0,contract,GBP,,2031-11-07,estimated (start + duration),,2024-11-08,2024-12-13,goods,Elbit Systems UK Ltd,ocds-h6vhtk-04c804,https://www.find-tender.service.gov.uk/Notice/040299-2024,https://www.find-tender.service.gov.uk/api/1.0/ocdsRecordPackages/ocds-h6vhtk-04c804
Elbit Systems Ltd,Israel,name,Active,Ministry of Defence,Night Vision Devices Framework Agreement,Framework / multi-supplier,1,1,1.0,contract,GBP,,2032-03-23,estimated (start + duration),,2025-04-29,2025-06-05,goods,Instro Precision Ltd,ocds-h6vhtk-0499a1,https://www.find-tender.service.gov.uk/Notice/030150-2025,https://www.find-tender.service.gov.uk/api/1.0/ocdsRecordPackages/ocds-h6vhtk-0499a1
General Dynamics Corp,USA,name,Active,Defence Equipment and Support,Connectivity Assurance Testing for the Ajax Programme,Contract,1,2,4638714.0,contract,GBP,2026-04-01,2028-03-31,contract,2029-03-31,2026-03-31,2026-05-06,,General Dynamics UK Limited,ocds-h6vhtk-05d8df,https://www.find-tender.service.gov.uk/api/1.0/ocdsRecordPackages/ocds-h6vhtk-05d8df,https://www.find-tender.service.gov.uk/api/1.0/ocdsRecordPackages/ocds-h6vhtk-05d8df
General Dynamics Corp,USA,name,Active,Defence Equipment and Support,DGM/1909 - Framework Agreement for the Repeat Procurement of Small & Medium Calibre Ammunition,Contract,1,1,98000000.0,contract,GBP,2026-04-15,2028-03-31,contract,,2026-03-31,2026-03-31,,General Dynamics OTS Canada Inc.,ocds-h6vhtk-066ba5,https://www.find-tender.service.gov.uk/api/1.0/ocdsRecordPackages/ocds-h6vhtk-066ba5,https://www.find-tender.service.gov.uk/api/1.0/ocdsRecordPackages/ocds-h6vhtk-066ba5
General Dynamics Corp,USA,name,Active,Babcock Land Defence Ltd,IRM21/7568 - THE SUPPLY OF LIGHT & HEAVY PROTECTED MOBILITY VEHICLE SPARES,Framework / multi-supplier,1,1,310800000.0,contract,GBP,,2029-01-17,estimated (start + duration),,2022-01-19,2022-03-24,goods,General Dynamics Land Systems United Kingdom,ocds-h6vhtk-0325e6,https://www.find-tender.service.gov.uk/Notice/008012-2022,https://www.find-tender.service.gov.uk/api/1.0/ocdsRecordPackages/ocds-h6vhtk-0325e6
General Dynamics Corp,USA,name,Active,Babcock Land Defence Ltd,IRM19/7235 - THE SUPPLY OF LIGHT & HEAVY PROTECTED MOBILITY VEHICLE SPARES,Framework / multi-supplier,1,1,379400000.0,contract,GBP,,2029-01-17,estimated (start + duration),,2022-01-19,2022-03-24,goods,General Dynamics Land Systems United Kingdom,ocds-h6vhtk-0325c7,https://www.find-tender.service.gov.uk/Notice/007981-2022,https://www.find-tender.service.gov.uk/api/1.0/ocdsRecordPackages/ocds-h6vhtk-0325c7
General Dynamics Corp,USA,name,Active,Government Commercial Agency,"Services - Architecture design, system integration, field support, training, and system sustainment activities",Framework / multi-supplier,75,3,8027000000.0,contract,GBP,2026-06-26,2029-06-25,contract,,2026-06-26,2026-09-09,services,General Dynamics United Kingdom Limited,ocds-h6vhtk-04ff3b,https://www.find-tender.service.gov.uk/api/1.0/ocdsRecordPackages/ocds-h6vhtk-04ff3b,https://www.find-tender.service.gov.uk/api/1.0/ocdsRecordPackages/ocds-h6vhtk-04ff3b
General Dynamics Corp,USA,name,Active,Ministry of Defence,DGM/2022 - Supply of Marker Round Training System Compatible Blank Ammunition,Contract,1,2,19250000.0,contract,CAD,,2031-09-08,estimated (start + duration),,2023-03-31,2024-10-21,goods,GENERAL DYNAMICS ORDNANCE AND TACTICAL SYSTEMS - CANADA INC; General Dynamics Ordnance and Tactical Systems Canada Inc,ocds-h6vhtk-03b7ad,https://www.find-tender.service.gov.uk/Notice/033909-2024,https://www.find-tender.service.gov.uk/api/1.0/ocdsRecordPackages/ocds-h6vhtk-03b7ad
Heidelberg Materials AG,Germany,name,Active,Caerphilly County Borough Council,"Lot 10 – Surfacing projects up to the value of 10,000,000.00GBP per contract in the South East Wales Region",Framework / multi-supplier,5,1,7000000.0,contract,GBP,,2026-12-14,estimated (start + duration),,2023-01-04,2025-12-01,works,Hanson Quarry Products Europe Ltd,ocds-h6vhtk-029434,https://www.find-tender.service.gov.uk/Notice/018304-2023,https://www.find-tender.service.gov.uk/api/1.0/ocdsRecordPackages/ocds-h6vhtk-029434
Heidelberg Materials AG,Germany,name,Active,Westmorland and Furness Council,Core Surfacing in Westmorland and Furness for 2024-2027 (with the option of 3 X 1 year extensions),Contract,1,1,60000000.0,contract,GBP,,2027-03-21,estimated (start + duration),,2024-04-05,2024-08-08,works,Hanson Quarry Products Europe Ltd T/A Hanson Contracting,ocds-h6vhtk-041e34,https://www.find-tender.service.gov.uk/Notice/024957-2024,https://www.find-tender.service.gov.uk/api/1.0/ocdsRecordPackages/ocds-h6vhtk-041e34
Heidelberg Materials AG,Germany,name,Active,Cyngor Gwynedd Council,Lot 9 - Special Projects,Framework / multi-supplier,4,12,12.0,contract,GBP,,2027-04-06,estimated (start + duration),,2025-04-16,2025-04-22,works,Hanson Quarry Products Europe Ltd,ocds-h6vhtk-048317,https://www.find-tender.service.gov.uk/Notice/016164-2025,https://www.find-tender.service.gov.uk/api/1.0/ocdsRecordPackages/ocds-h6vhtk-048317
Heidelberg Materials AG,Germany,name,Active,City & County of Swansea,Framework Agreement for Carriageway Resurfacing Contract,Framework / multi-supplier,2,2,18000000.01,contract,GBP,,2027-04-12,estimated (start + duration),,2022-10-05,2026-03-24,works,Hanson Quarry Products Europe Ltd; Hanson Quarry Products Europe Ltd T/A Hanson Contracting,ocds-h6vhtk-037fad,https://www.find-tender.service.gov.uk/Notice/026591-2026,https://www.find-tender.service.gov.uk/api/1.0/ocdsRecordPackages/ocds-h6vhtk-037fad
Heidelberg Materials AG,Germany,name,Active,Somerset Council,Highways New Assets Framework Agreement 2024,Framework / multi-supplier,1,1,50000000.0,contract,GBP,,2027-11-07,estimated (start + duration),,2023-11-28,2024-01-22,works,Hanson Quarry Products  Europe Ltd T/A Hanson  Contracting,ocds-h6vhtk-030ef3,https://www.find-tender.service.gov.uk/Notice/035457-2023,https://www.find-tender.service.gov.uk/api/1.0/ocdsRecordPackages/ocds-h6vhtk-030ef3
Heidelberg Materials AG,Germany,name,Active,National Highways,Pavement Delivery Framework - Lot 2 - Central Super Region,Contract,1,2,220800000.0,contract,GBP,,2027-11-16,estimated (start + duration),,2022-12-12,2023-01-06,works,Hanson Quarry Products Europe Limited T/A Hanson Contracting,ocds-h6vhtk-02fac0,https://www.find-tender.service.gov.uk/Notice/000365-2023,https://www.find-tender.service.gov.uk/api/1.0/ocdsRecordPackages/ocds-h6vhtk-02fac0
Heidelberg Materials AG,Germany,name,Active,The North Yorkshire Council,Lot 1 - Planing & Surfacing (£0 - £500k),Framework / multi-supplier,1,4,300000000.0,tender,GBP,,2028-03-10,estimated (start + duration),,2024-03-31,2024-04-22,works,Hanson Quarry Products Europe Ltd,ocds-h6vhtk-042257,https://www.find-tender.service.gov.uk/Notice/012961-2024,https://www.find-tender.service.gov.uk/api/1.0/ocdsRecordPackages/ocds-h6vhtk-042257
Heidelberg Materials AG,Germany,name,Active,Bedford Borough Council,Carriageway Resurfacing and Associated Works 2025-2030,Contract,1,1,30000000.0,contract,GBP,,2028-05-12,estimated (start + duration),,2025-05-28,2025-05-28,works,Hanson Quarry Products Europe Ltd,ocds-h6vhtk-04b6db,https://www.find-tender.service.gov.uk/Notice/028224-2025,https://www.find-tender.service.gov.uk/api/1.0/ocdsRecordPackages/ocds-h6vhtk-04b6db
Heidelberg Materials AG,Germany,name,Active,Nottingham City Council,CPU 5940 Highways Planned Carriageway Maintenance Framework,Framework / multi-supplier,1,1,15000000.0,lot,GBP,,2028-12-09,estimated (start + duration),,2024-12-30,2024-12-30,works,Heidelberg Materials UK t/a Hanson Quarry Products Europe Ltd,ocds-h6vhtk-0305fb,https://www.find-tender.service.gov.uk/Notice/041597-2024,https://www.find-tender.service.gov.uk/api/1.0/ocdsRecordPackages/ocds-h6vhtk-0305fb
Heidelberg Materials AG,Germany,name,Active,Lincolnshire County Council,Lot 3. Major Highway Resurfacing Works (PRN) £0-6m,Framework / multi-supplier,5,1,,tender,GBP,2026-05-28,2030-01-11,contract,,2026-05-28,2026-05-29,,HANSON QUARRY PRODUCTS EUROPE LIMITED,ocds-h6vhtk-055417,https://www.find-tender.service.gov.uk/api/1.0/ocdsRecordPackages/ocds-h6vhtk-055417,https://www.find-tender.service.gov.uk/api/1.0/ocdsRecordPackages/ocds-h6vhtk-055417
Heidelberg Materials AG,Germany,name,Active,East Riding of Yorkshire Council,"Concrete, Dry Stone & Surface Dressing Chippings",Framework / multi-supplier,1,2,16640000.0,contract,GBP,2022-02-01,2032-01-31,lot,,2024-04-08,2026-09-11,goods,Hanson Quarry Products Europe Ltd,ocds-h6vhtk-02f40f,https://www.find-tender.service.gov.uk/Notice/011971-2024,https://www.find-tender.service.gov.uk/api/1.0/ocdsRecordPackages/ocds-h6vhtk-02f40f
Heidelberg Materials AG,Germany,name,Active,The Association of North East Councils Limited,"Aggregates, Concrete & Pre-cast Products",Framework / multi-supplier,9,58,13050000000.0,contract,GBP,2025-11-01,2033-10-31,contract,,2025-11-01,2026-02-02,goods,HANSON QUARRY PRODUCTS EUROPE LIMITED,ocds-h6vhtk-0505f2,https://www.find-tender.service.gov.uk/api/1.0/ocdsRecordPackages/ocds-h6vhtk-0505f2,https://www.find-tender.service.gov.uk/api/1.0/ocdsRecordPackages/ocds-h6vhtk-0505f2
Heidelberg Materials AG,Germany,name,Active,The Association of North East Councils Limited,NEPO210 Highways Surfacing Works,Framework / multi-supplier,12,4,13333332.0,contract,GBP,2025-11-01,2033-10-31,contract,,2025-11-01,2026-05-21,works,HANSON QUARRY PRODUCTS EUROPE LIMITED,ocds-h6vhtk-05048c,https://www.find-tender.service.gov.uk/api/1.0/ocdsRecordPackages/ocds-h6vhtk-05048c,https://www.find-tender.service.gov.uk/api/1.0/ocdsRecordPackages/ocds-h6vhtk-05048c
Honeywell Aerospace Inc,USA,check,Active,WARRINGTON AND HALTON TEACHING HOSPITALS NHS FOUNDATION TRUST,Maintenance of Fire Alarm Panels and all Ancillary Equipment,Contract,1,1,20000.0,contract,GBP,2025-11-24,2026-10-31,contract,,2025-11-24,2025-11-26,,Honeywell Building Solutions Ltd,ocds-h6vhtk-05e984,https://www.find-tender.service.gov.uk/api/1.0/ocdsRecordPackages/ocds-h6vhtk-05e984,https://www.find-tender.service.gov.uk/api/1.0/ocdsRecordPackages/ocds-h6vhtk-05e984
Honeywell Aerospace Inc,USA,check,Active,South Yorkshire Fire and Rescue Service,SYFR BEMS Replacement,Contract,1,1,333923.0,contract,GBP,,2026-12-24,estimated (start + duration),,2022-01-19,2022-03-16,services,Honeywell Control Solutions Ltd,ocds-h6vhtk-02ecc1,https://www.find-tender.service.gov.uk/Notice/007200-2022,https://www.find-tender.service.gov.uk/api/1.0/ocdsRecordPackages/ocds-h6vhtk-02ecc1
Honeywell Aerospace Inc,USA,check,Active,Nuclear Restoration Services Limited,HNB - Gent Fire Detection Maintenance,Contract,1,1,82285.0,contract,GBP,2026-04-01,2026-12-31,contract,,2026-03-31,2026-04-23,,Honeywell Control Systems Limited,ocds-h6vhtk-068926,https://www.find-tender.service.gov.uk/api/1.0/ocdsRecordPackages/ocds-h6vhtk-068926,https://www.find-tender.service.gov.uk/api/1.0/ocdsRecordPackages/ocds-h6vhtk-068926
Honeywell Aerospace Inc,USA,check,Active,CAMBRIDGE UNIVERSITY HOSPITALS NHS FOUNDATION TRUST,Maintenance alarm testing,Contract,1,1,47953.45,contract,GBP,2026-01-22,2027-01-21,contract,,2026-01-19,2026-01-22,,Honeywell Novar Systems Ltd,ocds-h6vhtk-060bf2,https://www.find-tender.service.gov.uk/api/1.0/ocdsRecordPackages/ocds-h6vhtk-060bf2,https://www.find-tender.service.gov.uk/api/1.0/ocdsRecordPackages/ocds-h6vhtk-060bf2
Honeywell Aerospace Inc,USA,check,Active,QE Facilities Ltd,CSC Controls,Contract,1,1,19865.57,contract,GBP,2026-05-01,2027-04-30,contract,,2026-05-01,2026-07-14,,HONEYWELL CONTROL SYSTEMS LIMITED,ocds-h6vhtk-06ca51,https://www.find-tender.service.gov.uk/api/1.0/ocdsRecordPackages/ocds-h6vhtk-06ca51,https://www.find-tender.service.gov.uk/api/1.0/ocdsRecordPackages/ocds-h6vhtk-06ca51
Honeywell Aerospace Inc,USA,check,Active,CAMBRIDGE UNIVERSITY HOSPITALS NHS FOUNDATION TRUST,Maintenance of the Trusts fire alarm system,Contract,1,1,103352.35,contract,GBP,2026-05-11,2027-05-10,contract,,2026-05-08,2026-05-11,,HONEYWELL CONTROL SYSTEMS LIMITED,ocds-h6vhtk-069542,https://www.find-tender.service.gov.uk/api/1.0/ocdsRecordPackages/ocds-h6vhtk-069542,https://www.find-tender.service.gov.uk/api/1.0/ocdsRecordPackages/ocds-h6vhtk-069542
Honeywell Aerospace Inc,USA,check,Active,Centre for Process Innovation Limited,Acetonitrile/Sulfolane Mix Large Drums,Framework / multi-supplier,2,3,6000000.0,contract,GBP,,2027-11-07,estimated (start + duration),,2023-11-28,2023-11-30,goods,Honeywell Speciality Chemicals Seelze GmbH,ocds-h6vhtk-03edd2,https://www.find-tender.service.gov.uk/Notice/035313-2023,https://www.find-tender.service.gov.uk/api/1.0/ocdsRecordPackages/ocds-h6vhtk-03edd2
Honeywell Aerospace Inc,USA,check,Active,NORTH CUMBRIA INTEGRATED CARE NHS FOUNDATION TRUST,Honeywell closed protocol building energy management system,Contract,1,1,494218.56,contract,GBP,2025-05-06,2028-03-31,contract,2031-03-31,2025-05-06,2025-05-14,,HONEYWELL CONTROL SYSTEMS LIMITED,ocds-h6vhtk-04ffdf,https://www.find-tender.service.gov.uk/api/1.0/ocdsRecordPackages/ocds-h6vhtk-04ffdf,https://www.find-tender.service.gov.uk/api/1.0/ocdsRecordPackages/ocds-h6vhtk-04ffdf
Honeywell Aerospace Inc,USA,check,Active,Betsi Cadwaladr University Health Board,Maintenance of Health Board Building Management System across Primary Care Sites,Contract,1,1,175188.29,contract,GBP,2025-10-13,2028-03-31,contract,,2025-10-08,2026-05-14,,Honeywell UK Limited,ocds-h6vhtk-06984d,https://www.find-tender.service.gov.uk/api/1.0/ocdsRecordPackages/ocds-h6vhtk-06984d,https://www.find-tender.service.gov.uk/api/1.0/ocdsRecordPackages/ocds-h6vhtk-06984d
Honeywell Aerospace Inc,USA,check,Active,Centre for Process Innovation Limited,DCA in Toluene,Framework / multi-supplier,2,1,2000000.0,contract,GBP,,2028-07-23,estimated (start + duration),,2024-08-13,2024-08-14,goods,Honeywell Speciality Chemicals Seelze GmbH,ocds-h6vhtk-0449f2,https://www.find-tender.service.gov.uk/Notice/025753-2024,https://www.find-tender.service.gov.uk/api/1.0/ocdsRecordPackages/ocds-h6vhtk-0449f2
Honeywell Aerospace Inc,USA,check,Active,WORCESTERSHIRE ACUTE HOSPITALS NHS TRUST,Honeywell closed protocol BMS support contract,Contract,1,1,150700.0,contract,GBP,2025-10-28,2028-08-28,contract,2030-08-28,2025-10-28,2025-10-30,,HONEYWELL CONTROL SYSTEMS LIMITED,ocds-h6vhtk-05cd76,https://www.find-tender.service.gov.uk/api/1.0/ocdsRecordPackages/ocds-h6vhtk-05cd76,https://www.find-tender.service.gov.uk/api/1.0/ocdsRecordPackages/ocds-h6vhtk-05cd76
Honeywell Aerospace Inc,USA,check,Active,Nottingham University Hospital NHS Trust,Provision of Servicing and Maintenance of the Fire Alarm System at the Queen’s Medical Centre,Contract,1,1,1466000.0,contract,GBP,2026-09-01,2028-08-31,lot,2031-08-31,2024-01-11,2026-06-01,services,Honeywell Control Systems Limited,ocds-h6vhtk-04e9a0,https://www.find-tender.service.gov.uk/Notice/051243-2026,https://www.find-tender.service.gov.uk/api/1.0/ocdsRecordPackages/ocds-h6vhtk-04e9a0
Honeywell Aerospace Inc,USA,check,Active,Aneurin Bevan University Health Board,Maintenance of Building Management Systems,Contract,1,1,181103.45,contract,GBP,2026-09-08,2028-08-31,contract,,2026-09-08,2026-09-08,,Honeywell Building Solutions,ocds-h6vhtk-06e4fe,https://www.find-tender.service.gov.uk/api/1.0/ocdsRecordPackages/ocds-h6vhtk-06e4fe,https://www.find-tender.service.gov.uk/api/1.0/ocdsRecordPackages/ocds-h6vhtk-06e4fe
Honeywell Aerospace Inc,USA,check,Active,Centre for Process Innovation Limited,Activator Solution,Framework / multi-supplier,2,6,6000000.0,contract,GBP,,2028-12-18,estimated (start + duration),,2025-01-08,2025-01-08,goods,Honeywell Speciality Chemicals Seelze GmbH,ocds-h6vhtk-047172,https://www.find-tender.service.gov.uk/Notice/000516-2025,https://www.find-tender.service.gov.uk/api/1.0/ocdsRecordPackages/ocds-h6vhtk-047172
Honeywell Aerospace Inc,USA,check,Active,Oil and Pipelines Agency,OPA/T903 Service Level Agreement for Industrial Measurement and Controls Systems.,Contract,1,1,603624.0,award,GBP,2026-10-02,2029-10-01,award,,,2026-09-17,,Honeywell Control Systems Limited,ocds-h6vhtk-077406,https://www.find-tender.service.gov.uk/api/1.0/ocdsRecordPackages/ocds-h6vhtk-077406,https://www.find-tender.service.gov.uk/api/1.0/ocdsRecordPackages/ocds-h6vhtk-077406
Honeywell Aerospace Inc,USA,check,Active,Greater London Authority (GLA),GLA 82615 RE:FIT 5 - National Carbon and Energy Performance Contracting Framework,Framework / multi-supplier,1,1,1000000000.0,contract,GBP,,2030-04-02,estimated (start + duration),,2026-04-23,2026-07-10,services,Honeywell Limited,ocds-h6vhtk-04e753,https://www.find-tender.service.gov.uk/Notice/065043-2026,https://www.find-tender.service.gov.uk/api/1.0/ocdsRecordPackages/ocds-h6vhtk-04e753
Honeywell Aerospace Inc,USA,check,Active,Oxfordshire County Council,Framework - Start Well (Children’s) Supported Services,Framework / multi-supplier,1,1,70000000.0,contract,GBP,,2030-05-17,estimated (start + duration),,2024-06-17,2024-07-02,services,Honeywell Healthcare,ocds-h6vhtk-03e494,https://www.find-tender.service.gov.uk/Notice/020149-2024,https://www.find-tender.service.gov.uk/api/1.0/ocdsRecordPackages/ocds-h6vhtk-03e494
Honeywell Aerospace Inc,USA,check,Active,Scottish Water,Meter Data Management System,Framework / multi-supplier,1,2,10000000.0,lot,GBP,,2034-07-08,estimated (start + duration),,2026-04-14,2026-08-24,services,Elster Water Metering T/A Honeywell,ocds-h6vhtk-04b35a,https://www.find-tender.service.gov.uk/Notice/044206-2026,https://www.find-tender.service.gov.uk/api/1.0/ocdsRecordPackages/ocds-h6vhtk-04b35a
International Business Machines Corp,USA,name,Active,GUY'S AND ST THOMAS' NHS FOUNDATION TRUST,"Lot 2 - Services for Integration, Deployment and Interoperability",Framework / multi-supplier,18,3,3000000000.0,contract,GBP,2025-11-17,2026-11-18,contract,2033-11-01,2025-11-17,2025-12-08,goods,IBM LIMITED; IBM United Kingdom Limited,ocds-h6vhtk-04eae7,https://www.find-tender.service.gov.uk/api/1.0/ocdsRecordPackages/ocds-h6vhtk-04eae7,https://www.find-tender.service.gov.uk/api/1.0/ocdsRecordPackages/ocds-h6vhtk-04eae7
International Business Machines Corp,USA,name,Active,BANK OF ENGLAND,Laboratory Services Assets 2026-2028,Contract,1,1,146817.75,contract,GBP,2026-01-01,2026-12-31,contract,2028-12-31,2025-11-20,2025-12-02,,IBM UNITED KINGDOM LIMITED,ocds-h6vhtk-05ece6,https://www.find-tender.service.gov.uk/api/1.0/ocdsRecordPackages/ocds-h6vhtk-05ece6,https://www.find-tender.service.gov.uk/api/1.0/ocdsRecordPackages/ocds-h6vhtk-05ece6
International Business Machines Corp,USA,name,Active,GENOMICS ENGLAND LIMITED,Spectrum LSF 2026-2027,Contract,1,1,114583.0,contract,GBP,2026-04-01,2027-03-31,contract,,2026-03-31,2026-04-01,,IBM UNITED KINGDOM LIMITED,ocds-h6vhtk-067aa3,https://www.find-tender.service.gov.uk/api/1.0/ocdsRecordPackages/ocds-h6vhtk-067aa3,https://www.find-tender.service.gov.uk/api/1.0/ocdsRecordPackages/ocds-h6vhtk-067aa3
International Business Machines Corp,USA,name,Active,HM Treasury,IBM Planning Analytics Subscription and Support,Contract,1,1,495488.0,contract,GBP,2026-04-01,2027-03-31,contract,,2026-03-24,2026-04-23,,IBM United Kingdom Limited,ocds-h6vhtk-0667b4,https://www.find-tender.service.gov.uk/api/1.0/ocdsRecordPackages/ocds-h6vhtk-0667b4,https://www.find-tender.service.gov.uk/api/1.0/ocdsRecordPackages/ocds-h6vhtk-0667b4
International Business Machines Corp,USA,name,Active,East Of England NHS Collaborative Hub c/o West Suffolk NHS Foundation Trust,"Sustainable Services Modelling, Design & Improvement",Framework / multi-supplier,1,4,40000000.0,tender,GBP,2024-04-24,2027-04-23,lot,,2024-04-01,2024-05-01,services,IBM United Kingdom Limited,ocds-h6vhtk-04083c,https://www.find-tender.service.gov.uk/Notice/013975-2024,https://www.find-tender.service.gov.uk/api/1.0/ocdsRecordPackages/ocds-h6vhtk-04083c
International Business Machines Corp,USA,name,Active,UK Research & Innovation (UKRI),UKRI-5862 IBM Quantum Flex Plan Resource,Contract,1,1,2022116.4,contract,GBP,2026-05-01,2027-04-30,contract,,2026-04-24,2026-04-29,,"IBM United Kingdom Limited,",ocds-h6vhtk-067c38,https://www.find-tender.service.gov.uk/api/1.0/ocdsRecordPackages/ocds-h6vhtk-067c38,https://www.find-tender.service.gov.uk/api/1.0/ocdsRecordPackages/ocds-h6vhtk-067c38
International Business Machines Corp,USA,name,Active,Office for National Statistics,IBM Deployment Accelerator (IDA),Contract,1,1,20775.0,contract,GBP,2026-05-13,2027-04-30,contract,,2026-05-13,2026-05-13,,IBM LIMITED,ocds-h6vhtk-0697a4,https://www.find-tender.service.gov.uk/api/1.0/ocdsRecordPackages/ocds-h6vhtk-0697a4,https://www.find-tender.service.gov.uk/api/1.0/ocdsRecordPackages/ocds-h6vhtk-0697a4
International Business Machines Corp,USA,name,Active,NHS England,CSOC 24x7 Monitoring,Framework / multi-supplier,1,1,7080000.0,contract,GBP,,2027-05-31,estimated (start + duration),,2025-06-10,2025-06-27,services,IBM UNITED KINGDOM LIMITED,ocds-h6vhtk-04b691,https://www.find-tender.service.gov.uk/Notice/035928-2025,https://www.find-tender.service.gov.uk/api/1.0/ocdsRecordPackages/ocds-h6vhtk-04b691
International Business Machines Corp,USA,name,Active,Met Office,IBM Z Workload Scheduler Renewal (2026),Contract,1,1,71342.61,contract,GBP,2026-07-01,2027-06-30,contract,,2026-06-24,2026-08-07,,IBM LIMITED,ocds-h6vhtk-06deb9,https://www.find-tender.service.gov.uk/api/1.0/ocdsRecordPackages/ocds-h6vhtk-06deb9,https://www.find-tender.service.gov.uk/api/1.0/ocdsRecordPackages/ocds-h6vhtk-06deb9
International Business Machines Corp,USA,name,Active,Crown Commercial Service,Lot 1 - Digital Outcomes,Framework / multi-supplier,1624,3,11940000000.0,contract,GBP,2026-01-30,2027-07-29,contract,2029-01-29,2026-01-30,2026-09-09,services,IBM UNITED KINGDOM LIMITED,ocds-h6vhtk-04fb0d,https://www.find-tender.service.gov.uk/api/1.0/ocdsRecordPackages/ocds-h6vhtk-04fb0d,https://www.find-tender.service.gov.uk/api/1.0/ocdsRecordPackages/ocds-h6vhtk-04fb0d
International Business Machines Corp,USA,name,Active,Met Office,DS8882F Storage Systems Support (2026-27),Contract,1,1,97176.02,contract,GBP,2026-09-01,2027-08-31,contract,,2026-08-21,2026-09-07,,IBM LIMITED,ocds-h6vhtk-06f35a,https://www.find-tender.service.gov.uk/api/1.0/ocdsRecordPackages/ocds-h6vhtk-06f35a,https://www.find-tender.service.gov.uk/api/1.0/ocdsRecordPackages/ocds-h6vhtk-06f35a
International Business Machines Corp,USA,name,Active,Met Office,IBM Supportline Renewal (2026),Contract,1,1,47116.58,contract,GBP,2026-09-01,2027-08-31,contract,,2026-07-28,2026-08-07,,IBM LIMITED,ocds-h6vhtk-06deb3,https://www.find-tender.service.gov.uk/api/1.0/ocdsRecordPackages/ocds-h6vhtk-06deb3,https://www.find-tender.service.gov.uk/api/1.0/ocdsRecordPackages/ocds-h6vhtk-06deb3
International Business Machines Corp,USA,name,Active,JISC,FinOps solution,Contract,1,1,20000000.0,contract,GBP,2026-02-26,2028-02-25,contract,2030-02-25,2026-01-16,2026-01-29,services,IBM UNITED KINGDOM LIMITED,ocds-h6vhtk-059ff6,https://www.find-tender.service.gov.uk/api/1.0/ocdsRecordPackages/ocds-h6vhtk-059ff6,https://www.find-tender.service.gov.uk/api/1.0/ocdsRecordPackages/ocds-h6vhtk-059ff6
International Business Machines Corp,USA,name,Active,FCDO Services,Managed Service for Software Maintenance and Support - Biometric System,Contract,1,1,5838731.5,contract,GBP,2025-04-22,2028-03-31,contract,,2025-04-22,2025-05-19,,IBM UNITED KINGDOM LIMITED,ocds-h6vhtk-04fe6c,https://www.find-tender.service.gov.uk/api/1.0/ocdsRecordPackages/ocds-h6vhtk-04fe6c,https://www.find-tender.service.gov.uk/api/1.0/ocdsRecordPackages/ocds-h6vhtk-04fe6c
International Business Machines Corp,USA,name,Active,Met Office,zVM LIcencing and support (2026-28),Contract,1,1,95410.49,contract,GBP,2026-04-01,2028-03-31,contract,,2026-03-31,2026-04-01,,IBM LIMITED,ocds-h6vhtk-067ae2,https://www.find-tender.service.gov.uk/api/1.0/ocdsRecordPackages/ocds-h6vhtk-067ae2,https://www.find-tender.service.gov.uk/api/1.0/ocdsRecordPackages/ocds-h6vhtk-067ae2
International Business Machines Corp,USA,name,Active,Sussex Community NHS Foundation Trust,"Infrastructure as a Service (IaaS), Platform as a Service (PaaS) and Software as a Service (SaaS)",Framework / multi-supplier,1,2,1000000000.0,contract,GBP,,2028-04-26,estimated (start + duration),,2024-05-17,2025-03-17,services,IBM United Kingdom Limited,ocds-h6vhtk-0399bc,https://www.find-tender.service.gov.uk/Notice/018176-2024,https://www.find-tender.service.gov.uk/api/1.0/ocdsRecordPackages/ocds-h6vhtk-0399bc
International Business Machines Corp,USA,name,Active,National Savings and Investments,Digital Integration and Service Operations,Contract,1,1,34216262.0,contract,GBP,,2028-04-29,estimated (start + duration),,2022-05-31,2022-06-30,services,IBM United Kingdom Ltd,ocds-h6vhtk-029ad2,https://www.find-tender.service.gov.uk/Notice/017882-2022,https://www.find-tender.service.gov.uk/api/1.0/ocdsRecordPackages/ocds-h6vhtk-029ad2
International Business Machines Corp,USA,name,Active,Home Office,IBM Enterprise Licensing Agreement - Home Office Biometrics,Contract,1,1,4869972.17,contract,GBP,2026-05-01,2028-04-30,contract,,2026-04-30,2026-06-10,,IBM United Kingdom Limited,ocds-h6vhtk-068a7a,https://www.find-tender.service.gov.uk/api/1.0/ocdsRecordPackages/ocds-h6vhtk-068a7a,https://www.find-tender.service.gov.uk/api/1.0/ocdsRecordPackages/ocds-h6vhtk-068a7a
International Business Machines Corp,USA,name,Active,Home Office,BIOMETRIC MATCHER AND ASSOCIATED SERVICES,Contract,1,1,65659748.15,contract,GBP,,2028-06-01,estimated (start + duration),,2023-06-28,2023-07-25,services,IBM UNITED KINGDOM LIMITED,ocds-h6vhtk-02db88,https://www.find-tender.service.gov.uk/Notice/021195-2023,https://www.find-tender.service.gov.uk/api/1.0/ocdsRecordPackages/ocds-h6vhtk-02db88
International Business Machines Corp,USA,name,Active,Crown Commercial Service,Lot 1 - Technology and Digital Consultancy Services,Framework / multi-supplier,263,9,16000000000.0,contract,GBP,2025-12-12,2028-06-11,contract,2028-12-11,2025-12-12,2026-09-09,services,IBM UK Limited,ocds-h6vhtk-04eac3,https://www.find-tender.service.gov.uk/api/1.0/ocdsRecordPackages/ocds-h6vhtk-04eac3,https://www.find-tender.service.gov.uk/api/1.0/ocdsRecordPackages/ocds-h6vhtk-04eac3
International Business Machines Corp,USA,name,Active,Ministry of Defence,Operational Services - Operational Management,Contract,1,1,1076591209.2,contract,GBP,,2029-03-09,estimated (start + duration),,2024-04-04,2024-08-01,services,IBM UK Ltd,ocds-h6vhtk-0486d8,https://www.find-tender.service.gov.uk/Notice/024171-2024,https://www.find-tender.service.gov.uk/api/1.0/ocdsRecordPackages/ocds-h6vhtk-0486d8
International Business Machines Corp,USA,name,Active,BBC (British Broadcasting Corporation),Domain Name Service (DNS) Solution,Contract,1,2,2200000.0,award,GBP,2026-06-01,2029-05-31,award,2030-05-31,2026-05-29,2026-08-05,,IBM United Kingdom Limited,ocds-h6vhtk-06ac8d,https://www.find-tender.service.gov.uk/api/1.0/ocdsRecordPackages/ocds-h6vhtk-06ac8d,https://www.find-tender.service.gov.uk/api/1.0/ocdsRecordPackages/ocds-h6vhtk-06ac8d
International Business Machines Corp,USA,name,Active,YORKSHIRE WATER SERVICES LIMITED,Customer Interaction Management (CIM) - Professional Services,Framework / multi-supplier,1,1,9021846.0,contract,GBP,,2029-07-30,estimated (start + duration),,2022-09-05,2022-10-19,services,IBM United Kingdom Limited,ocds-h6vhtk-02fba2,https://www.find-tender.service.gov.uk/Notice/029478-2022,https://www.find-tender.service.gov.uk/api/1.0/ocdsRecordPackages/ocds-h6vhtk-02fba2
International Business Machines Corp,USA,name,Active,Financial Conduct Authority,Consultancy & Skilled Persons Framework 3,Framework / multi-supplier,89,1,170000000.0,contract,GBP,2026-04-01,2030-03-31,contract,,2026-04-01,2026-04-15,services,IBM United Kingdom Limited,ocds-h6vhtk-0523e0,https://www.find-tender.service.gov.uk/api/1.0/ocdsRecordPackages/ocds-h6vhtk-0523e0,https://www.find-tender.service.gov.uk/api/1.0/ocdsRecordPackages/ocds-h6vhtk-0523e0
International Business Machines Corp,USA,name,Active,BANK OF ENGLAND,IBM Cloudpak for Integration Support and Maintenance Renewal,Contract,1,1,7027293.02,contract,GBP,2026-01-01,2030-12-31,contract,,2025-12-22,2026-02-11,services,IBM LIMITED,ocds-h6vhtk-051f82,https://www.find-tender.service.gov.uk/api/1.0/ocdsRecordPackages/ocds-h6vhtk-051f82,https://www.find-tender.service.gov.uk/api/1.0/ocdsRecordPackages/ocds-h6vhtk-051f82
International Business Machines Corp,USA,name,Active,Ministry of Defence,"Defence Equipment Engineering Asset Management Service 
(DEEAMS)",Contract,1,1,12440843925.84,contract,GBP,,2031-03-03,estimated (start + duration),,2025-09-30,2025-11-03,services,IBM United Kingdom Limited,ocds-h6vhtk-03b08a,https://www.find-tender.service.gov.uk/Notice/070560-2025,https://www.find-tender.service.gov.uk/api/1.0/ocdsRecordPackages/ocds-h6vhtk-03b08a
International Business Machines Corp,USA,name,Active,Northern Ireland Electricity Networks Ltd,Lot 1 - Business Applications Support & Development Resources,Framework / multi-supplier,8,3,27000000.0,contract,GBP,,2032-03-25,estimated (start + duration),,2025-05-01,2025-05-27,services,IBM UK LTD,ocds-h6vhtk-0445e1,https://www.find-tender.service.gov.uk/Notice/027704-2025,https://www.find-tender.service.gov.uk/api/1.0/ocdsRecordPackages/ocds-h6vhtk-0445e1
International Business Machines Corp,USA,name,Active,Northern Ireland Electricity Networks Ltd,Lot 2 - Maximo Development Partners,Framework / multi-supplier,5,2,25000000.0,contract,GBP,,2033-05-19,estimated (start + duration),,2026-06-25,2026-06-30,services,IBM UNITED KINGDOM LIMITED,ocds-h6vhtk-048b55,https://www.find-tender.service.gov.uk/Notice/061395-2026,https://www.find-tender.service.gov.uk/api/1.0/ocdsRecordPackages/ocds-h6vhtk-048b55
International Business Machines Corp,USA,name,Active,UK Biobank Ltd,Laboratory IT Systems,Contract,1,1,5938026.0,contract,GBP,,2033-05-26,estimated (start + duration),,2025-11-04,2025-11-05,goods,IBM UNITED KINGDOM LIMITED,ocds-h6vhtk-04da9d,https://www.find-tender.service.gov.uk/Notice/071135-2025,https://www.find-tender.service.gov.uk/api/1.0/ocdsRecordPackages/ocds-h6vhtk-04da9d
International Business Machines Corp,USA,name,Active,Secretary of State for the Home Department,User Services for Emergency Services Network (ESN),Contract,1,1,1362000000.0,contract,GBP,,2034-06-27,estimated (start + duration),,2024-12-16,2025-01-14,services,IBM United Kingdom Limited,ocds-h6vhtk-037300,https://www.find-tender.service.gov.uk/Notice/001272-2025,https://www.find-tender.service.gov.uk/api/1.0/ocdsRecordPackages/ocds-h6vhtk-037300
International Business Machines Corp,USA,name,Active,Department for Work and Pensions,Synergy Technology (including ERP) and Systems Integration Services,Contract,1,1,710885044.45,contract,GBP,,2036-06-28,estimated (start + duration),,2024-08-30,2024-09-25,services,IBM UNITED KINGDOM LIMITED,ocds-h6vhtk-03bcfb,https://www.find-tender.service.gov.uk/Notice/030687-2024,https://www.find-tender.service.gov.uk/api/1.0/ocdsRecordPackages/ocds-h6vhtk-03bcfb
Kongsberg Gruppen ASA,Norway,name,Active,UK Research & Innovation (UKRI),UKRI-6124 RRS SDA - Capacitor Bank Replacement,Contract,1,1,49894.0,contract,EUR,2026-06-04,2026-10-30,contract,,2026-06-03,2026-06-04,,Kongsberg Maritime AS,ocds-h6vhtk-06ad2f,https://www.find-tender.service.gov.uk/api/1.0/ocdsRecordPackages/ocds-h6vhtk-06ad2f,https://www.find-tender.service.gov.uk/api/1.0/ocdsRecordPackages/ocds-h6vhtk-06ad2f
Kongsberg Gruppen ASA,Norway,name,Active,UK Research and Innovation,CSP26407 - Deck Machinery,Contract,1,1,178000.0,contract,NOK,2026-04-08,2026-10-30,contract,,2026-04-07,2026-04-13,,Kongsberg Maritime Netherlands BV c/o Global Distribution Center-Europe,ocds-h6vhtk-0680bf,https://www.find-tender.service.gov.uk/api/1.0/ocdsRecordPackages/ocds-h6vhtk-0680bf,https://www.find-tender.service.gov.uk/api/1.0/ocdsRecordPackages/ocds-h6vhtk-0680bf
Kongsberg Gruppen ASA,Norway,name,Active,UK Research and Innovation,CSP26764 - MP Breaker Modification,Contract,1,1,19873.0,contract,EUR,2026-07-07,2026-10-31,contract,,2026-07-06,2026-08-12,,Kongsberg Maritime AS,ocds-h6vhtk-06e2e0,https://www.find-tender.service.gov.uk/api/1.0/ocdsRecordPackages/ocds-h6vhtk-06e2e0,https://www.find-tender.service.gov.uk/api/1.0/ocdsRecordPackages/ocds-h6vhtk-06e2e0
Kongsberg Gruppen ASA,Norway,name,Active,UK Research and Innovation,CSP26665 - Maintenance Inspection of Winches,Contract,1,1,17933.5,contract,GBP,2026-07-09,2026-10-31,contract,,2026-07-08,2026-07-10,,Kongsberg Maritime AS,ocds-h6vhtk-06c899,https://www.find-tender.service.gov.uk/api/1.0/ocdsRecordPackages/ocds-h6vhtk-06c899,https://www.find-tender.service.gov.uk/api/1.0/ocdsRecordPackages/ocds-h6vhtk-06c899
Kongsberg Gruppen ASA,Norway,name,Active,National Oceanography Centre,Provision of a Seapath and MGC Navigation System & System Upgrade for RRS Discovery,Contract,1,1,197332.0,contract,USD,2025-11-11,2026-11-10,contract,,2025-11-11,2025-11-13,,Kongsberg Discovery AS,ocds-h6vhtk-05e02e,https://www.find-tender.service.gov.uk/api/1.0/ocdsRecordPackages/ocds-h6vhtk-05e02e,https://www.find-tender.service.gov.uk/api/1.0/ocdsRecordPackages/ocds-h6vhtk-05e02e
Kongsberg Gruppen ASA,Norway,name,Active,UK Research and Innovation,CSP26856 - ETO - Marine Controller for Stock,Contract,1,1,10955.91,contract,GBP,2026-09-16,2026-12-16,contract,,2026-09-16,2026-09-22,,Kongsberg Maritime Netherlands BV,ocds-h6vhtk-077788,https://www.find-tender.service.gov.uk/api/1.0/ocdsRecordPackages/ocds-h6vhtk-077788,https://www.find-tender.service.gov.uk/api/1.0/ocdsRecordPackages/ocds-h6vhtk-077788
Kongsberg Gruppen ASA,Norway,name,Active,UK Research and Innovation,CSP26568 - ConConnect remote system,Contract,1,1,21200.0,contract,GBP,2026-06-04,2027-01-29,contract,,2026-06-03,2026-06-04,,Kongsberg Maritime AS,ocds-h6vhtk-06addc,https://www.find-tender.service.gov.uk/api/1.0/ocdsRecordPackages/ocds-h6vhtk-06addc,https://www.find-tender.service.gov.uk/api/1.0/ocdsRecordPackages/ocds-h6vhtk-06addc
Kongsberg Gruppen ASA,Norway,name,Active,National Oceanography Centre,Provision of a Kongsberg EK-80 Echo Sounder System,Contract,1,1,106456.56,contract,GBP,2026-01-30,2027-04-01,contract,,2026-01-30,2026-02-19,,Kongsberg Discovery AS,ocds-h6vhtk-065853,https://www.find-tender.service.gov.uk/api/1.0/ocdsRecordPackages/ocds-h6vhtk-065853,https://www.find-tender.service.gov.uk/api/1.0/ocdsRecordPackages/ocds-h6vhtk-065853
Kongsberg Gruppen ASA,Norway,name,Active,UK Research and Innovation,CSP26586,Contract,1,1,12000.0,contract,GBP,2026-07-19,2027-07-19,contract,,2026-06-08,2026-06-23,,KONGSBERG MARITIME,ocds-h6vhtk-06baaf,https://www.find-tender.service.gov.uk/api/1.0/ocdsRecordPackages/ocds-h6vhtk-06baaf,https://www.find-tender.service.gov.uk/api/1.0/ocdsRecordPackages/ocds-h6vhtk-06baaf
Kongsberg Gruppen ASA,Norway,name,Active,Tyne Coast College,"Ships Bridge Simulator Relocation, Upgrade and Installation",Framework / multi-supplier,2,2,2401053.0,contract,GBP,2026-05-14,2027-09-30,contract,,2026-05-14,2026-06-12,,KONGSBERG MARITIME,ocds-h6vhtk-067a5f,https://www.find-tender.service.gov.uk/api/1.0/ocdsRecordPackages/ocds-h6vhtk-067a5f,https://www.find-tender.service.gov.uk/api/1.0/ocdsRecordPackages/ocds-h6vhtk-067a5f
Kongsberg Gruppen ASA,Norway,name,Active,Maritime and Coastguard Agency,UK Long Range Identification and Tracking Collaborative Data Centre,Contract,1,1,1434784.0,contract,GBP,2026-07-01,2029-06-30,contract,2031-06-30,2026-06-08,2026-06-23,services,KONGSBERG NORCONTROL LIMITED,ocds-h6vhtk-05e8ab,https://www.find-tender.service.gov.uk/api/1.0/ocdsRecordPackages/ocds-h6vhtk-05e8ab,https://www.find-tender.service.gov.uk/api/1.0/ocdsRecordPackages/ocds-h6vhtk-05e8ab
Kongsberg Gruppen ASA,Norway,name,Active,Home Office,Kongsberg Propulsion System maintenance UK,Contract,1,1,200000.0,award,GBP,2025-06-05,2030-03-31,award,,,2025-06-03,,Kongsberg Maritime Limited,ocds-h6vhtk-050b09,https://www.find-tender.service.gov.uk/api/1.0/ocdsRecordPackages/ocds-h6vhtk-050b09,https://www.find-tender.service.gov.uk/api/1.0/ocdsRecordPackages/ocds-h6vhtk-050b09
Kongsberg Gruppen ASA,Norway,name,Active,Home Office,Kongsberg Propulsion System maintenance - Europe,Contract,1,1,620000.0,award,EUR,2025-06-05,2030-03-31,award,,,2025-06-03,,Kongsberg Maritime Netherlands BV,ocds-h6vhtk-0511ea,https://www.find-tender.service.gov.uk/api/1.0/ocdsRecordPackages/ocds-h6vhtk-0511ea,https://www.find-tender.service.gov.uk/api/1.0/ocdsRecordPackages/ocds-h6vhtk-0511ea
Kongsberg Gruppen ASA,Norway,name,Active,Agri-Food and Biosciences Institute,ID 6202678 - AFBI – The Supply and Delivery of a Multibeam Echosounder 70923,Contract,1,1,215885.0,contract,GBP,2026-07-09,2036-07-24,contract,,2026-07-08,2026-07-28,goods,Kongsberg Discovery AS,ocds-h6vhtk-069dff,https://www.find-tender.service.gov.uk/api/1.0/ocdsRecordPackages/ocds-h6vhtk-069dff,https://www.find-tender.service.gov.uk/api/1.0/ocdsRecordPackages/ocds-h6vhtk-069dff
L3Harris Technologies Inc,USA,name,Active,Government Commercial Agency,"Services - Architecture design, system integration, field support, training, and system sustainment activities",Framework / multi-supplier,75,3,8027000000.0,contract,GBP,2026-06-26,2029-06-25,contract,,2026-06-26,2026-09-09,services,L3Harris Communications Systems UK Limited,ocds-h6vhtk-04ff3b,https://www.find-tender.service.gov.uk/api/1.0/ocdsRecordPackages/ocds-h6vhtk-04ff3b,https://www.find-tender.service.gov.uk/api/1.0/ocdsRecordPackages/ocds-h6vhtk-04ff3b
L3Harris Technologies Inc,USA,name,Active,Ministry of Defence,,Contract,1,1,11393875.0,contract,GBP,,2030-08-25,estimated (start + duration),,2025-08-26,2025-08-28,goods,L3Harris Communications Systems UK Limited,ocds-h6vhtk-058f7f,https://www.find-tender.service.gov.uk/Notice/052053-2025,https://www.find-tender.service.gov.uk/api/1.0/ocdsRecordPackages/ocds-h6vhtk-058f7f
L3Harris Technologies Inc,USA,name,Active,Ministry of Defence,Provision and Support of Medium Size Explosive Ordinance Disposal (EOD) Remote Control Vehicle (RCV),Contract,1,1,21021169.4,contract,GBP,2024-03-25,2034-10-23,tender,,2024-04-23,2024-05-13,services,L3 Harris TRL Technology Ltd,ocds-h6vhtk-036597,https://www.find-tender.service.gov.uk/Notice/015157-2024,https://www.find-tender.service.gov.uk/api/1.0/ocdsRecordPackages/ocds-h6vhtk-036597
Leonardo SpA,Italy,name,Active,Defence Equipment and Support,703918454 - PA23 EOST Support Extension,Contract,1,2,15602296.0,contract,GBP,2026-04-01,2027-03-31,contract,,2026-03-31,2026-05-27,,Leonardo UK LTD,ocds-h6vhtk-066f78,https://www.find-tender.service.gov.uk/api/1.0/ocdsRecordPackages/ocds-h6vhtk-066f78,https://www.find-tender.service.gov.uk/api/1.0/ocdsRecordPackages/ocds-h6vhtk-066f78
Leonardo SpA,Italy,name,Active,Ministry of Defence,715882482 - Cyber Mission Data – Lot 2 (Cyber Data Product Delivery),Contract,1,1,877759.88,contract,GBP,2026-08-05,2027-03-31,contract,,2026-07-09,2026-08-12,,Leonardo UK LTD,ocds-h6vhtk-06bf9a,https://www.find-tender.service.gov.uk/api/1.0/ocdsRecordPackages/ocds-h6vhtk-06bf9a,https://www.find-tender.service.gov.uk/api/1.0/ocdsRecordPackages/ocds-h6vhtk-06bf9a
Leonardo SpA,Italy,name,Active,Crown Commercial Service,Lot 1 - Digital Outcomes,Framework / multi-supplier,1624,2,5240000000.0,contract,GBP,2026-01-30,2027-07-29,contract,2029-01-29,2026-01-30,2026-09-09,services,LEONARDO UK LTD,ocds-h6vhtk-04fb0d,https://www.find-tender.service.gov.uk/api/1.0/ocdsRecordPackages/ocds-h6vhtk-04fb0d,https://www.find-tender.service.gov.uk/api/1.0/ocdsRecordPackages/ocds-h6vhtk-04fb0d
Leonardo SpA,Italy,name,Active,Crown Commercial Service,Lot 1 - Technology and Digital Consultancy Services,Framework / multi-supplier,263,9,16000000000.0,contract,GBP,2025-12-12,2028-06-11,contract,2028-12-11,2025-12-12,2026-09-09,services,Leonardo UK Ltd.,ocds-h6vhtk-04eac3,https://www.find-tender.service.gov.uk/api/1.0/ocdsRecordPackages/ocds-h6vhtk-04eac3,https://www.find-tender.service.gov.uk/api/1.0/ocdsRecordPackages/ocds-h6vhtk-04eac3
Leonardo SpA,Italy,name,Active,Ministry of Defence,,Contract,1,1,6383828.0,contract,GBP,,2028-06-26,estimated (start + duration),,2024-06-27,2024-07-19,goods,Leonardo UK Ltd.,ocds-h6vhtk-0482b8,https://www.find-tender.service.gov.uk/Notice/022450-2024,https://www.find-tender.service.gov.uk/api/1.0/ocdsRecordPackages/ocds-h6vhtk-0482b8
Leonardo SpA,Italy,name,Active,Defence Equipment and Support,Aircraft Commodity Consumables,Contract,1,2,131088333.34,contract,GBP,2026-04-01,2029-05-28,contract,2033-05-28,2026-05-29,2026-06-30,goods,Leonardo UK; Leonardo UK Ltd,ocds-h6vhtk-04e8b9,https://www.find-tender.service.gov.uk/api/1.0/ocdsRecordPackages/ocds-h6vhtk-04e8b9,https://www.find-tender.service.gov.uk/api/1.0/ocdsRecordPackages/ocds-h6vhtk-04e8b9
Leonardo SpA,Italy,name,Active,"Secretary of State for the Home Department, Public Safety Group, Emergency Services Mobile Communications Programme (ESMCP)",ESMCP MCX Dispatcher and related services,Contract,1,1,11300000.0,contract,GBP,,2029-06-19,estimated (start + duration),,2025-07-10,2025-08-07,services,Leonardo UK Limited,ocds-h6vhtk-04022a,https://www.find-tender.service.gov.uk/Notice/046791-2025,https://www.find-tender.service.gov.uk/api/1.0/ocdsRecordPackages/ocds-h6vhtk-04022a
Leonardo SpA,Italy,name,Active,Ministry of Defence,Provision of New Medium Helicopter Procurement (NMH) and Support Contract,Contract,1,1,989469800.0,contract,GBP,,2033-02-14,estimated (start + duration),,2026-03-23,2026-04-10,goods,Leonardo UK Ltd,ocds-h6vhtk-033ae8,https://www.find-tender.service.gov.uk/Notice/032735-2026,https://www.find-tender.service.gov.uk/api/1.0/ocdsRecordPackages/ocds-h6vhtk-033ae8
Leonardo SpA,Italy,name,Active,BLUELIGHT COMMERCIAL LIMITED,Lot 3 - Cyber Resilience Audit Services,Framework / multi-supplier,8,3,12000000.0,contract,GBP,2026-04-07,2034-06-07,contract,2033-12-18,2026-06-08,2026-09-18,services,LEONARDO UK LTD,ocds-h6vhtk-0553a6,https://www.find-tender.service.gov.uk/api/1.0/ocdsRecordPackages/ocds-h6vhtk-0553a6,https://www.find-tender.service.gov.uk/api/1.0/ocdsRecordPackages/ocds-h6vhtk-0553a6
Leonardo SpA,Italy,name,Active,Home Office,Future Cyclamen Project Contract Award,Contract,1,1,99900000.0,contract,GBP,,2036-03-08,estimated (start + duration),,2026-04-30,2026-07-30,services,Leonardo UK Ltd,ocds-h6vhtk-048802,https://www.find-tender.service.gov.uk/Notice/069098-2026,https://www.find-tender.service.gov.uk/api/1.0/ocdsRecordPackages/ocds-h6vhtk-048802
Lockheed Martin Corp,USA,name,Active,Ministry of Defence,713289450-Procurement of Drill Rounds and Gauges,Contract,1,1,8973924.0,contract,GBP,,2028-04-16,estimated (start + duration),,2025-04-17,2025-05-15,goods,Lockheed Martin Ampthill UK Ltd,ocds-h6vhtk-04b6e8,https://www.find-tender.service.gov.uk/Notice/021933-2025,https://www.find-tender.service.gov.uk/api/1.0/ocdsRecordPackages/ocds-h6vhtk-04b6e8
Lockheed Martin Corp,USA,name,Active,Defence Equipment and Support,715070450 SONAR 2054IR IN-SERVICE SUPPORT (ISS),Contract,1,1,8863833.0,contract,GBP,2026-04-01,2032-03-31,contract,,2026-03-30,2026-04-22,,Lockheed Martin UK Ltd,ocds-h6vhtk-0562bf,https://www.find-tender.service.gov.uk/api/1.0/ocdsRecordPackages/ocds-h6vhtk-0562bf,https://www.find-tender.service.gov.uk/api/1.0/ocdsRecordPackages/ocds-h6vhtk-0562bf
Motorola Solutions Inc,USA,name,Active,East Of England NHS Collaborative Hub,Framework Agreement for Personal Video Devices & Accessories,Framework / multi-supplier,4,1,1000000.0,contract,GBP,,2026-10-11,estimated (start + duration),,2022-11-01,2023-12-06,goods,Motorola Solutions UK Ltd,ocds-h6vhtk-02f66d,https://www.find-tender.service.gov.uk/Notice/035902-2023,https://www.find-tender.service.gov.uk/api/1.0/ocdsRecordPackages/ocds-h6vhtk-02f66d
Motorola Solutions Inc,USA,name,Active,The Police and Crime Commissioner for Lincolnshire,Airwave Booster for local police stations,Contract,1,1,,tender,GBP,2026-09-14,2026-10-14,contract,,2026-09-14,2026-09-22,,MOTOROLA SOLUTIONS UK LIMITED,ocds-h6vhtk-077772,https://www.find-tender.service.gov.uk/api/1.0/ocdsRecordPackages/ocds-h6vhtk-077772,https://www.find-tender.service.gov.uk/api/1.0/ocdsRecordPackages/ocds-h6vhtk-077772
Motorola Solutions Inc,USA,name,Active,POLICE DIGITAL SERVICE,TETRA  Airwave Products and Services,Framework / multi-supplier,1,1,50000000.0,contract,GBP,,2026-12-11,estimated (start + duration),,2023-01-01,2026-04-10,goods,Motorola Solutions UK Ltd,ocds-h6vhtk-030b2c,https://www.find-tender.service.gov.uk/Notice/003540-2023,https://www.find-tender.service.gov.uk/api/1.0/ocdsRecordPackages/ocds-h6vhtk-030b2c
Motorola Solutions Inc,USA,name,Active,West Midlands Fire and Rescue Authority,SAN J RENEWALS,Contract,1,1,,tender,GBP,2025-03-19,2026-12-31,contract,,2025-03-18,2025-04-04,,AIRWAVE SOLUTIONS LIMITED,ocds-h6vhtk-04fd71,https://www.find-tender.service.gov.uk/api/1.0/ocdsRecordPackages/ocds-h6vhtk-04fd71,https://www.find-tender.service.gov.uk/api/1.0/ocdsRecordPackages/ocds-h6vhtk-04fd71
Motorola Solutions Inc,USA,name,Active,NHS England,Resilient Telecoms,Contract,1,1,23987.0,contract,GBP,2026-04-01,2027-03-31,contract,,2026-04-01,2026-07-13,,Airwave Solutions,ocds-h6vhtk-06c9b8,https://www.find-tender.service.gov.uk/api/1.0/ocdsRecordPackages/ocds-h6vhtk-06c9b8,https://www.find-tender.service.gov.uk/api/1.0/ocdsRecordPackages/ocds-h6vhtk-06c9b8
Motorola Solutions Inc,USA,name,Active,West Midlands Ambulance Service University NHS FT,Body Worn Camera Software Subscription,Contract,1,1,98592.0,contract,GBP,2026-07-03,2027-06-30,contract,2029-06-30,2026-07-03,2026-07-03,,MOTOROLA SOLUTIONS UK LIMITED,ocds-h6vhtk-06c399,https://www.find-tender.service.gov.uk/api/1.0/ocdsRecordPackages/ocds-h6vhtk-06c399,https://www.find-tender.service.gov.uk/api/1.0/ocdsRecordPackages/ocds-h6vhtk-06c399
Motorola Solutions Inc,USA,name,Active,National Highways,"Lot 1- Detector Systems (Goods, Services and Maintenance)",Framework / multi-supplier,28,2,260000000.0,contract,GBP,,2027-08-29,estimated (start + duration),,2022-01-10,2025-09-08,services,Motorola Solutions UK Limited,ocds-h6vhtk-02c68e,https://www.find-tender.service.gov.uk/Notice/054580-2025,https://www.find-tender.service.gov.uk/api/1.0/ocdsRecordPackages/ocds-h6vhtk-02c68e
Motorola Solutions Inc,USA,name,Active,Crown Commercial Service,"Lot 5 - Enforcement, Security and Compliance",Framework / multi-supplier,45,2,569600000.0,contract,GBP,2025-10-23,2027-10-22,contract,2028-10-22,2025-10-23,2026-07-22,services,MOTOROLA SOLUTIONS UK LIMITED,ocds-h6vhtk-04ec9e,https://www.find-tender.service.gov.uk/api/1.0/ocdsRecordPackages/ocds-h6vhtk-04ec9e,https://www.find-tender.service.gov.uk/api/1.0/ocdsRecordPackages/ocds-h6vhtk-04ec9e
Motorola Solutions Inc,USA,name,Active,ScotRail Trains Limited,Body Worn Cameras,Contract,1,1,,tender,GBP,,2027-11-16,estimated (start + duration),,2023-12-07,2024-01-08,goods,Motorola Solutions UK Limited,ocds-h6vhtk-03660d,https://www.find-tender.service.gov.uk/Notice/000470-2024,https://www.find-tender.service.gov.uk/api/1.0/ocdsRecordPackages/ocds-h6vhtk-03660d
Motorola Solutions Inc,USA,name,Active,Ministry of Justice,Body Worn Video Cameras,Contract,1,1,5800000.0,contract,GBP,,2028-02-18,estimated (start + duration),,2022-03-21,2022-03-30,goods,Motorola Solutions UK Ltd,ocds-h6vhtk-02ec18,https://www.find-tender.service.gov.uk/Notice/008494-2022,https://www.find-tender.service.gov.uk/api/1.0/ocdsRecordPackages/ocds-h6vhtk-02ec18
Motorola Solutions Inc,USA,name,Active,"Meta Procurement, on behalf of Efficiency East Midlands Limited",Camera Framework,Framework / multi-supplier,4,1,250000000.0,contract,GBP,,2028-03-13,estimated (start + duration),,2024-04-03,2024-04-17,goods,Motorola Solutions UK Ltd,ocds-h6vhtk-03dd18,https://www.find-tender.service.gov.uk/Notice/012506-2024,https://www.find-tender.service.gov.uk/api/1.0/ocdsRecordPackages/ocds-h6vhtk-03dd18
Motorola Solutions Inc,USA,name,Active,"The Police, Fire and Crime Commissioner for Northamptonshire",The provision of licences and support for ICCs Cortex,Contract,1,1,461962.05,contract,GBP,2025-04-14,2028-04-13,contract,,2025-04-11,2025-05-20,,ZETRON LIMITED,ocds-h6vhtk-04fa93,https://www.find-tender.service.gov.uk/api/1.0/ocdsRecordPackages/ocds-h6vhtk-04fa93,https://www.find-tender.service.gov.uk/api/1.0/ocdsRecordPackages/ocds-h6vhtk-04fa93
Motorola Solutions Inc,USA,name,Active,Norfolk County Council,Radios for NFRS for the Emergency National Radio Network  - S497247,Contract,1,1,86750.0,contract,GBP,2025-04-28,2028-05-31,contract,,2025-04-27,2025-06-03,,Airwave Solutions Limited,ocds-h6vhtk-052b9d,https://www.find-tender.service.gov.uk/api/1.0/ocdsRecordPackages/ocds-h6vhtk-052b9d,https://www.find-tender.service.gov.uk/api/1.0/ocdsRecordPackages/ocds-h6vhtk-052b9d
Motorola Solutions Inc,USA,name,Active,Crown Commercial Service,Lot 5. Application and Data Management,Framework / multi-supplier,220,2,4800000000.0,contract,GBP,2025-12-12,2028-06-11,contract,2028-12-11,2025-12-12,2026-09-09,services,Motorola Solutions UK Ltd,ocds-h6vhtk-04eac3,https://www.find-tender.service.gov.uk/api/1.0/ocdsRecordPackages/ocds-h6vhtk-04eac3,https://www.find-tender.service.gov.uk/api/1.0/ocdsRecordPackages/ocds-h6vhtk-04eac3
Motorola Solutions Inc,USA,name,Active,Police and Crime Commissioner for Dyfed-Powys,Contact Management Solution,Contract,1,1,3580851.0,contract,GBP,,2028-10-24,estimated (start + duration),,2021-11-30,2022-04-28,goods,Airwave Solutions.com,ocds-h6vhtk-0295ac,https://www.find-tender.service.gov.uk/Notice/010890-2022,https://www.find-tender.service.gov.uk/api/1.0/ocdsRecordPackages/ocds-h6vhtk-0295ac
Motorola Solutions Inc,USA,name,Active,Hertfordshire County Council,HCC02/23- Provision of Mobilising System for Fire Control Collaboration,Contract,1,1,40500000.0,contract,GBP,,2028-11-03,estimated (start + duration),,2023-11-30,2023-11-30,services,Motorola Solutions UK Limited,ocds-h6vhtk-03a553,https://www.find-tender.service.gov.uk/Notice/035325-2023,https://www.find-tender.service.gov.uk/api/1.0/ocdsRecordPackages/ocds-h6vhtk-03a553
Motorola Solutions Inc,USA,name,Active,Police & Crime Commissioner for Merseyside & Chief Constable for Merseyside,CallTouch DataGateway,Contract,1,1,37509.2,contract,GBP,2026-04-01,2029-03-31,contract,,2026-04-01,2026-05-19,,ZETRON LIMITED,ocds-h6vhtk-069b81,https://www.find-tender.service.gov.uk/api/1.0/ocdsRecordPackages/ocds-h6vhtk-069b81,https://www.find-tender.service.gov.uk/api/1.0/ocdsRecordPackages/ocds-h6vhtk-069b81
Motorola Solutions Inc,USA,check,Active,BlueLight Commercial Ltd,Lot 1 -  Body Worn Video,Framework / multi-supplier,3,3,73120000.0,contract,GBP,,2029-04-01,estimated (start + duration),,2025-04-22,2025-05-14,goods,Motorola Limited,ocds-h6vhtk-04b0e8,https://www.find-tender.service.gov.uk/Notice/021361-2025,https://www.find-tender.service.gov.uk/api/1.0/ocdsRecordPackages/ocds-h6vhtk-04b0e8
Motorola Solutions Inc,USA,name,Active,NHS Shared Business Services Limited,"Supply, Installation, and Maintenance of CCTV and VSS",Framework / multi-supplier,1,2,250000000.0,contract,GBP,,2029-04-08,estimated (start + duration),,2025-04-29,2025-06-04,services,Motorola Solutions UK Ltd,ocds-h6vhtk-03b44e,https://www.find-tender.service.gov.uk/Notice/029687-2025,https://www.find-tender.service.gov.uk/api/1.0/ocdsRecordPackages/ocds-h6vhtk-03b44e
Motorola Solutions Inc,USA,name,Active,Tyne and Wear Fire and Rescue Service (TWFRS),Mobilising System,Contract,1,1,7182000.0,contract,GBP,,2029-05-30,estimated (start + duration),,2024-06-25,2024-06-26,goods,Motorola Solutions UK Ltd,ocds-h6vhtk-03eab3,https://www.find-tender.service.gov.uk/Notice/019490-2024,https://www.find-tender.service.gov.uk/api/1.0/ocdsRecordPackages/ocds-h6vhtk-03eab3
Motorola Solutions Inc,USA,name,Active,Home Office,ESMCP Control Room Systems Upgrade to ensure compatibility to the Emergency Services Network - Motorola,Contract,1,1,13454669.0,contract,GBP,2026-07-01,2029-12-31,contract,2031-02-03,2026-07-01,2026-07-30,,MOTOROLA SOLUTIONS UK LIMITED,ocds-h6vhtk-069ecb,https://www.find-tender.service.gov.uk/api/1.0/ocdsRecordPackages/ocds-h6vhtk-069ecb,https://www.find-tender.service.gov.uk/api/1.0/ocdsRecordPackages/ocds-h6vhtk-069ecb
Motorola Solutions Inc,USA,name,Active,Hereford & Worcester Fire and Rescue Service,Lot 1-3,Contract,1,1,7454128.99,contract,GBP,,2030-05-27,estimated (start + duration),,2023-07-03,2023-07-03,goods,Motorola Solutions UK Limited,ocds-h6vhtk-03988a,https://www.find-tender.service.gov.uk/Notice/018832-2023,https://www.find-tender.service.gov.uk/api/1.0/ocdsRecordPackages/ocds-h6vhtk-03988a
Motorola Solutions Inc,USA,name,Active,Northumbria Police,"Body Worn Video Hardware, Software and Support",Contract,1,1,2490500.0,contract,GBP,,2030-08-11,estimated (start + duration),,2024-09-11,2025-02-13,goods,Motorola Solutions UK Ltd,ocds-h6vhtk-0487ba,https://www.find-tender.service.gov.uk/Notice/004866-2025,https://www.find-tender.service.gov.uk/api/1.0/ocdsRecordPackages/ocds-h6vhtk-0487ba
Motorola Solutions Inc,USA,name,Active,Scottish Prison Service,SPS-02293 The Provision of Body Worn Video Cameras (BWVC),Contract,1,1,848000.0,contract,GBP,,2031-01-25,estimated (start + duration),,2026-02-20,2026-02-23,goods,Motorola Solutions UK Ltd,ocds-h6vhtk-056455,https://www.find-tender.service.gov.uk/Notice/015998-2026,https://www.find-tender.service.gov.uk/api/1.0/ocdsRecordPackages/ocds-h6vhtk-056455
Motorola Solutions Inc,USA,name,Active,The Police and Crime Commissioner for Northumbria,Integrated Communication Control System,Framework / multi-supplier,2,1,1393595.57,contract,GBP,2026-03-13,2031-03-12,contract,2033-03-01,2026-03-06,2026-03-16,goods,ZETRON LIMITED; Zetron Ltd,ocds-h6vhtk-055da2,https://www.find-tender.service.gov.uk/api/1.0/ocdsRecordPackages/ocds-h6vhtk-055da2,https://www.find-tender.service.gov.uk/api/1.0/ocdsRecordPackages/ocds-h6vhtk-055da2
Northrop Grumman Corp,USA,name,Active,Ministry of Defence,AMML Support,Contract,1,1,15500000.0,contract,USD,,2026-11-28,estimated (start + duration),,2021-11-29,2021-12-06,services,Northrop Grumman-IT,ocds-h6vhtk-02fdb6,https://www.find-tender.service.gov.uk/Notice/030271-2021,https://www.find-tender.service.gov.uk/api/1.0/ocdsRecordPackages/ocds-h6vhtk-02fdb6
Northrop Grumman Corp,USA,name,Active,Crown Commercial Service,Lot 1 - Digital Outcomes,Framework / multi-supplier,1624,3,11940000000.0,contract,GBP,2026-01-30,2027-07-29,contract,2029-01-29,2026-01-30,2026-09-09,services,NORTHROP GRUMMAN UK LIMITED,ocds-h6vhtk-04fb0d,https://www.find-tender.service.gov.uk/api/1.0/ocdsRecordPackages/ocds-h6vhtk-04fb0d,https://www.find-tender.service.gov.uk/api/1.0/ocdsRecordPackages/ocds-h6vhtk-04fb0d
Northrop Grumman Corp,USA,name,Active,Crown Commercial Service,Lot 1 - Technology and Digital Consultancy Services,Framework / multi-supplier,263,3,5760000000.0,contract,GBP,2025-12-12,2028-06-11,contract,2028-12-11,2025-12-12,2026-09-09,services,Northrop Grumman UK Ltd.,ocds-h6vhtk-04eac3,https://www.find-tender.service.gov.uk/api/1.0/ocdsRecordPackages/ocds-h6vhtk-04eac3,https://www.find-tender.service.gov.uk/api/1.0/ocdsRecordPackages/ocds-h6vhtk-04eac3
Northrop Grumman Corp,USA,name,Active,Ministry of Defence,"In Service Support of Queen Elizabeth Class Integrated Navigation and Bridge Systems, and In Service Support for VM250 Radar, Astute Ships Inertial Navigation System, MK39 Gyroscope across Multiple Naval Platforms (QEC INBS).",Contract,1,1,204936740.0,contract,GBP,,2035-03-30,estimated (start + duration),,2025-04-01,2025-05-15,services,Northrop Grumman UK Ltd,ocds-h6vhtk-05143b,https://www.find-tender.service.gov.uk/Notice/021670-2025,https://www.find-tender.service.gov.uk/api/1.0/ocdsRecordPackages/ocds-h6vhtk-05143b
Palantir Technologies Inc,USA,name,Active,Crown Commercial Service,Lot 2 - Transport Data Services,Framework / multi-supplier,106,1,400000000.0,contract,GBP,2025-10-23,2027-10-22,contract,2028-10-22,2025-10-23,2026-07-22,services,"PALANTIR TECHNOLOGIES UK, LTD.",ocds-h6vhtk-04ec9e,https://www.find-tender.service.gov.uk/api/1.0/ocdsRecordPackages/ocds-h6vhtk-04ec9e,https://www.find-tender.service.gov.uk/api/1.0/ocdsRecordPackages/ocds-h6vhtk-04ec9e
Palantir Technologies Inc,USA,name,Active,NHS England,Federated Data Platform and Associated Services,Contract,1,1,182242760.0,contract,GBP,,2028-10-26,estimated (start + duration),,2023-11-22,2023-12-22,services,"PALANTIR TECHNOLOGIES UK, LTD.",ocds-h6vhtk-0328ce,https://www.find-tender.service.gov.uk/Notice/037776-2023,https://www.find-tender.service.gov.uk/api/1.0/ocdsRecordPackages/ocds-h6vhtk-0328ce
Palantir Technologies Inc,USA,name,Active,Ministry of Defence,MOD Palantir Enterprise Agreement,Contract,1,1,240600000.0,contract,GBP,2026-04-01,2029-03-31,contract,,2025-12-30,2026-01-23,,"PALANTIR TECHNOLOGIES UK, LTD.",ocds-h6vhtk-05f7e9,https://www.find-tender.service.gov.uk/api/1.0/ocdsRecordPackages/ocds-h6vhtk-05f7e9,https://www.find-tender.service.gov.uk/api/1.0/ocdsRecordPackages/ocds-h6vhtk-05f7e9
RTX Corp,USA,name,Active,UK Space Agency,NORSSTrack Cloud Licence,Contract,1,1,486138.0,contract,GBP,2026-02-16,2027-03-31,contract,2027-03-31,2026-01-26,2026-02-17,,RAYTHEON SYSTEMS LIMITED,ocds-h6vhtk-05d0ef,https://www.find-tender.service.gov.uk/api/1.0/ocdsRecordPackages/ocds-h6vhtk-05d0ef,https://www.find-tender.service.gov.uk/api/1.0/ocdsRecordPackages/ocds-h6vhtk-05d0ef
RTX Corp,USA,name,Active,Crown Commercial Service,Lot 1 - Digital Outcomes,Framework / multi-supplier,1624,3,11940000000.0,contract,GBP,2026-01-30,2027-07-29,contract,2029-01-29,2026-01-30,2026-09-09,services,RAYTHEON SYSTEMS LIMITED,ocds-h6vhtk-04fb0d,https://www.find-tender.service.gov.uk/api/1.0/ocdsRecordPackages/ocds-h6vhtk-04fb0d,https://www.find-tender.service.gov.uk/api/1.0/ocdsRecordPackages/ocds-h6vhtk-04fb0d
RTX Corp,USA,name,Active,Ministry of Defence,DIPS Lot 6,Contract,1,1,32000000.0,contract,GBP,,2027-12-12,estimated (start + duration),,2025-12-12,2026-02-11,services,Raytheon Systems Limited,ocds-h6vhtk-064da3,https://www.find-tender.service.gov.uk/Notice/012307-2026,https://www.find-tender.service.gov.uk/api/1.0/ocdsRecordPackages/ocds-h6vhtk-064da3
RTX Corp,USA,name,Active,City of Doncaster Council,Lot 1 Primary Surveillance Radar with Secondary Surveillance Radar,Framework / multi-supplier,2,1,7726000.0,contract,GBP,2026-08-05,2027-12-31,contract,2042-12-30,2026-08-05,2026-09-25,goods,RAYTHEON SYSTEMS LIMITED; Raytheon Systems Limited,ocds-h6vhtk-05df01,https://www.find-tender.service.gov.uk/api/1.0/ocdsRecordPackages/ocds-h6vhtk-05df01,https://www.find-tender.service.gov.uk/api/1.0/ocdsRecordPackages/ocds-h6vhtk-05df01
RTX Corp,USA,name,Active,Crown Commercial Service,Lot 1 - Technology and Digital Consultancy Services,Framework / multi-supplier,263,6,13440000000.0,contract,GBP,2025-12-12,2028-06-11,contract,2028-12-11,2025-12-12,2026-09-09,services,Raytheon Systems Limited,ocds-h6vhtk-04eac3,https://www.find-tender.service.gov.uk/api/1.0/ocdsRecordPackages/ocds-h6vhtk-04eac3,https://www.find-tender.service.gov.uk/api/1.0/ocdsRecordPackages/ocds-h6vhtk-04eac3
RTX Corp,USA,name,Active,Government Commercial Agency,"Services - Architecture design, system integration, field support, training, and system sustainment activities",Framework / multi-supplier,75,3,8027000000.0,contract,GBP,2026-06-26,2029-06-25,contract,,2026-06-26,2026-09-09,services,Rockwell Collins,ocds-h6vhtk-04ff3b,https://www.find-tender.service.gov.uk/api/1.0/ocdsRecordPackages/ocds-h6vhtk-04ff3b,https://www.find-tender.service.gov.uk/api/1.0/ocdsRecordPackages/ocds-h6vhtk-04ff3b
Rheinmetall AG,Germany,name,Active,Ministry of Defence,The Repair and Overhaul of Various Fire Suppression Repairable Assets and Associated Items,Framework / multi-supplier,1,1,23600000.0,contract,GBP,,2027-06-17,estimated (start + duration),,2025-06-17,2025-07-29,services,Rheinmetall BAE Systems Land (RBSL),ocds-h6vhtk-0567bc,https://www.find-tender.service.gov.uk/Notice/043726-2025,https://www.find-tender.service.gov.uk/api/1.0/ocdsRecordPackages/ocds-h6vhtk-0567bc
Rheinmetall AG,Germany,name,Active,Ministry of Defence,IRM16/1297 - Repair of the Challenger 2 Commanders Sighting System,Framework / multi-supplier,1,1,10412544.0,contract,GBP,,2027-06-18,estimated (start + duration),,2024-06-18,2025-02-07,services,Rheinmetall BAE Systems Land (RBSL),ocds-h6vhtk-04dcbd,https://www.find-tender.service.gov.uk/Notice/004163-2025,https://www.find-tender.service.gov.uk/api/1.0/ocdsRecordPackages/ocds-h6vhtk-04dcbd
Rheinmetall AG,Germany,name,Active,Defence Equipment and Support,"DGM/1908- Framework Agreement for the Repeat Procurement of Impact Rounds, Cannon Ammunition, Rockets and Grenades-2 Year Extension",Contract,1,1,184736836.0,contract,EUR,2026-04-01,2028-03-31,contract,,2026-01-29,2026-02-10,,Rheinmetall Waffe Munition GmbH,ocds-h6vhtk-05a6cf,https://www.find-tender.service.gov.uk/api/1.0/ocdsRecordPackages/ocds-h6vhtk-05a6cf,https://www.find-tender.service.gov.uk/api/1.0/ocdsRecordPackages/ocds-h6vhtk-05a6cf
Rheinmetall AG,Germany,name,Active,Government Commercial Agency,"Services - Architecture design, system integration, field support, training, and system sustainment activities",Framework / multi-supplier,75,3,8027000000.0,contract,GBP,2026-06-26,2029-06-25,contract,,2026-06-26,2026-09-09,services,Rheinmetall Electronics UK,ocds-h6vhtk-04ff3b,https://www.find-tender.service.gov.uk/api/1.0/ocdsRecordPackages/ocds-h6vhtk-04ff3b,https://www.find-tender.service.gov.uk/api/1.0/ocdsRecordPackages/ocds-h6vhtk-04ff3b
Rolls-Royce Holdings plc,UK,name,Active,West Northamptonshire Council,2 year coverage for OAS diesel generator,Contract,1,1,76000.0,contract,GBP,2025-04-01,2027-03-31,contract,,2025-03-14,2026-06-09,,ROLLS-ROYCE SOLUTIONS UK LIMITED,ocds-h6vhtk-06b0aa,https://www.find-tender.service.gov.uk/api/1.0/ocdsRecordPackages/ocds-h6vhtk-06b0aa,https://www.find-tender.service.gov.uk/api/1.0/ocdsRecordPackages/ocds-h6vhtk-06b0aa
Rolls-Royce Holdings plc,UK,name,Active,Great British Energy - Nuclear,Small Modular Reactor Technology Partner,Contract,1,1,359000000.0,contract,GBP,,2041-07-20,estimated (start + duration),,2026-04-10,2026-05-08,goods,Rolls-Royce SMR Limited,ocds-h6vhtk-03e2f8,https://www.find-tender.service.gov.uk/Notice/042546-2026,https://www.find-tender.service.gov.uk/api/1.0/ocdsRecordPackages/ocds-h6vhtk-03e2f8
L3Harris Technologies Inc,USA,name,Extension window,Defence Science and Technology Laboratory,Surface Assets Storage and Maintenance,Framework / multi-supplier,4,1,968625.0,contract,GBP,2025-12-17,2026-03-31,contract,2029-03-31,2025-12-17,2025-12-30,,L3 Harris ASV; L3HARRIS MAPPS LIMITED; L3HARRIS TECHNOLOGIES UK LIMITED; L3Harris Autonomous Surface Vehicles Limited,ocds-h6vhtk-055320,https://www.find-tender.service.gov.uk/api/1.0/ocdsRecordPackages/ocds-h6vhtk-055320,https://www.find-tender.service.gov.uk/api/1.0/ocdsRecordPackages/ocds-h6vhtk-055320
L3Harris Technologies Inc,USA,name,Extension window,Ministry of Defence,714739451 ASOB MMR RADIOS,Contract,1,1,14763844.5,contract,GBP,2025-12-05,2026-03-31,contract,2028-03-31,2025-12-05,2026-02-10,,L3HARRIS COMMUNICATIONS SYSTEMS UK LIMITED,ocds-h6vhtk-05f62c,https://www.find-tender.service.gov.uk/api/1.0/ocdsRecordPackages/ocds-h6vhtk-05f62c,https://www.find-tender.service.gov.uk/api/1.0/ocdsRecordPackages/ocds-h6vhtk-05f62c
Motorola Solutions Inc,USA,name,Extension window,Northern Ireland Fire and Rescue Service,"MODAS Software Support, Development & Maintenance",Contract,1,1,240000.0,award,GBP,2025-04-01,2026-03-31,award,2030-03-31,,2025-02-27,,MOTOROLA SOLUTIONS UK LIMITED,ocds-h6vhtk-04e869,https://www.find-tender.service.gov.uk/api/1.0/ocdsRecordPackages/ocds-h6vhtk-04e869,https://www.find-tender.service.gov.uk/api/1.0/ocdsRecordPackages/ocds-h6vhtk-04e869
BAE Systems PLC,UK,name,Upcoming,Defence Equipment and Support,"CMWS AAR-57, ALQ-157 and ALE 47 In Service Support",Contract,1,1,56000000.0,award,GBP,2028-02-01,2032-01-31,award,2034-01-31,,2025-09-24,services,BAE Systems,ocds-h6vhtk-051b8e,https://www.find-tender.service.gov.uk/api/1.0/ocdsRecordPackages/ocds-h6vhtk-051b8e,https://www.find-tender.service.gov.uk/api/1.0/ocdsRecordPackages/ocds-h6vhtk-051b8e
BAE Systems PLC,UK,name,Upcoming,Defence Equipment and Support,P8 Anti-Submarine Warfare Finish (P8-ASWF) Demonstration and Manufacture,Contract,1,1,19200000.0,award,GBP,2027-02-26,2032-02-27,award,2035-02-28,,2026-04-20,goods,BAE Systems Surface Ships Limited,ocds-h6vhtk-0527f3,https://www.find-tender.service.gov.uk/api/1.0/ocdsRecordPackages/ocds-h6vhtk-0527f3,https://www.find-tender.service.gov.uk/api/1.0/ocdsRecordPackages/ocds-h6vhtk-0527f3
BAE Systems PLC,UK,name,Upcoming,Defence Equipment and Support,7015735510 Mid Life update of T2 UK5,Contract,1,1,63333333.33,award,GBP,2026-12-16,2033-12-31,award,,,2025-12-18,,Rheinmetall BAE Systems Land Ltd,ocds-h6vhtk-05f9b9,https://www.find-tender.service.gov.uk/api/1.0/ocdsRecordPackages/ocds-h6vhtk-05f9b9,https://www.find-tender.service.gov.uk/api/1.0/ocdsRecordPackages/ocds-h6vhtk-05f9b9
Caterpillar Inc,USA,name,Upcoming,Ministry of Defence,"IRM24/7664 - The Repair and Maintenance of Large Engines, Transmissions, Terrier Power Packs, Running Gear and Associated Items",Framework / multi-supplier,1,1,130000000.0,award,GBP,2027-04-01,2032-03-31,award,,,2026-06-26,,Caterpillar Shrewsbury Limited,ocds-h6vhtk-06bd97,https://www.find-tender.service.gov.uk/api/1.0/ocdsRecordPackages/ocds-h6vhtk-06bd97,https://www.find-tender.service.gov.uk/api/1.0/ocdsRecordPackages/ocds-h6vhtk-06bd97
General Dynamics Corp,USA,name,Upcoming,Defence Equipment and Support,CSV/M3-ISS - M3 Amphibious Rig In-Service Support,Contract,1,1,10000000.0,award,GBP,2027-04-01,2033-03-31,award,2035-03-31,,2026-04-16,services,General Dynamics European Land Systems-Bridge Systems GmbH,ocds-h6vhtk-0515df,https://www.find-tender.service.gov.uk/api/1.0/ocdsRecordPackages/ocds-h6vhtk-0515df,https://www.find-tender.service.gov.uk/api/1.0/ocdsRecordPackages/ocds-h6vhtk-0515df
General Dynamics Corp,USA,name,Upcoming,Defence Equipment and Support,Ajax IOS Transition Support Contract,Contract,1,1,833333333.0,award,GBP,2027-07-01,2033-03-31,award,2035-03-31,,2025-11-14,,General Dynamics United Kingdom Limited,ocds-h6vhtk-05e13e,https://www.find-tender.service.gov.uk/api/1.0/ocdsRecordPackages/ocds-h6vhtk-05e13e,https://www.find-tender.service.gov.uk/api/1.0/ocdsRecordPackages/ocds-h6vhtk-05e13e
General Dynamics Corp,USA,name,Upcoming,Defence Equipment and Support,Ajax IOS Transition Support Contract,Contract,1,1,1250000000.0,award,GBP,2028-01-01,2033-03-31,award,2035-03-31,,2025-11-03,,General Dynamics United Kingdom Limited,ocds-h6vhtk-05d8cc,https://www.find-tender.service.gov.uk/api/1.0/ocdsRecordPackages/ocds-h6vhtk-05d8cc,https://www.find-tender.service.gov.uk/api/1.0/ocdsRecordPackages/ocds-h6vhtk-05d8cc
Honeywell Aerospace Inc,USA,check,Upcoming,NHS Shared Business Services Limited,Lot 1.1 Building Management Systems (BMS),Framework / multi-supplier,32,2,800000000.0,award,GBP,2026-10-20,2028-10-19,award,2030-10-19,,2026-09-01,services,HONEYWELL CONTROL SYSTEMS LIMITED,ocds-h6vhtk-050846,https://www.find-tender.service.gov.uk/api/1.0/ocdsRecordPackages/ocds-h6vhtk-050846,https://www.find-tender.service.gov.uk/api/1.0/ocdsRecordPackages/ocds-h6vhtk-050846
L3Harris Technologies Inc,USA,name,Upcoming,Defence Equipment and Support,ACTF2 - L3Harris - Threat Emulator Support,Contract,1,1,600000.0,award,GBP,2027-01-11,2032-01-10,award,,,2026-09-22,,L3Harris TRL Technology Ltd,ocds-h6vhtk-077806,https://www.find-tender.service.gov.uk/api/1.0/ocdsRecordPackages/ocds-h6vhtk-077806,https://www.find-tender.service.gov.uk/api/1.0/ocdsRecordPackages/ocds-h6vhtk-077806
L3Harris Technologies Inc,USA,name,Upcoming,Submarine Delivery Agency,714412450 - A-Class PCSP Batch 1 and ICS Support,Contract,1,1,80000000.0,award,GBP,2026-12-01,2033-11-30,award,,,2026-03-09,services,L3Harris Mapps Limited,ocds-h6vhtk-051088,https://www.find-tender.service.gov.uk/api/1.0/ocdsRecordPackages/ocds-h6vhtk-051088,https://www.find-tender.service.gov.uk/api/1.0/ocdsRecordPackages/ocds-h6vhtk-051088
L3Harris Technologies Inc,USA,name,Upcoming,Defence Equipment and Support,The Provision of Medium and Heavy Explosive Ordnance Disposal Remote Controlled Vehicles In-Service Support,Contract,1,1,45000000.0,award,GBP,2027-04-01,2035-03-31,award,2038-03-31,,2026-09-18,,L3HARRIS TRL Technology Limited,ocds-h6vhtk-077548,https://www.find-tender.service.gov.uk/api/1.0/ocdsRecordPackages/ocds-h6vhtk-077548,https://www.find-tender.service.gov.uk/api/1.0/ocdsRecordPackages/ocds-h6vhtk-077548
Leonardo SpA,Italy,name,Upcoming,Defence Equipment and Support,Out of Service Date Extension Programme D&M LH,Contract,1,1,232920000.0,award,GBP,2027-06-01,2035-03-31,award,2040-03-31,,2026-06-19,goods,LEONARDO UK LIMITED,ocds-h6vhtk-06b8c5,https://www.find-tender.service.gov.uk/api/1.0/ocdsRecordPackages/ocds-h6vhtk-06b8c5,https://www.find-tender.service.gov.uk/api/1.0/ocdsRecordPackages/ocds-h6vhtk-06b8c5
Lockheed Martin Corp,USA,name,Upcoming,Defence Equipment and Support,Lightning Air System National Capability Enterprise 28-32,Contract,1,1,220000000.0,award,GBP,2028-01-01,2032-12-31,award,2033-12-31,,2025-11-04,services,Lockheed Martin UK Ltd,ocds-h6vhtk-05d96e,https://www.find-tender.service.gov.uk/api/1.0/ocdsRecordPackages/ocds-h6vhtk-05d96e,https://www.find-tender.service.gov.uk/api/1.0/ocdsRecordPackages/ocds-h6vhtk-05d96e
Lockheed Martin Corp,USA,name,Upcoming,Defence Equipment and Support,Out of Service Date Extension Programme D&M LM,Contract,1,1,512560000.0,award,GBP,2027-06-01,2035-03-31,award,2040-03-31,,2026-06-15,goods,LOCKHEED MARTIN,ocds-h6vhtk-06b513,https://www.find-tender.service.gov.uk/api/1.0/ocdsRecordPackages/ocds-h6vhtk-06b513,https://www.find-tender.service.gov.uk/api/1.0/ocdsRecordPackages/ocds-h6vhtk-06b513
Lockheed Martin Corp,USA,name,Upcoming,Defence Equipment and Support,Fibre Optic Compass System (FOCS) In-Service Support Contract,Contract,1,1,5700000.0,award,GBP,2027-04-01,2035-12-31,award,,,2026-08-25,,Lockheed Martin UK Limited,ocds-h6vhtk-06ebc3,https://www.find-tender.service.gov.uk/api/1.0/ocdsRecordPackages/ocds-h6vhtk-06ebc3,https://www.find-tender.service.gov.uk/api/1.0/ocdsRecordPackages/ocds-h6vhtk-06ebc3
Motorola Solutions Inc,USA,name,Upcoming,Merseytravel,Integrated Communication Control System,Contract,1,1,176093.0,award,GBP,2026-10-06,2028-09-30,award,,,2026-09-24,,ZETRON LIMITED,ocds-h6vhtk-0779cc,https://www.find-tender.service.gov.uk/api/1.0/ocdsRecordPackages/ocds-h6vhtk-0779cc,https://www.find-tender.service.gov.uk/api/1.0/ocdsRecordPackages/ocds-h6vhtk-0779cc
Motorola Solutions Inc,USA,name,Upcoming,Transport for London,London Underground Radio Contract,Contract,1,2,295870394.0,contract,GBP,2029-11-21,2035-12-31,contract,2040-11-20,2025-12-23,2026-02-09,services,MOTOROLA SOLUTIONS UK LIMITED,ocds-h6vhtk-051c34,https://www.find-tender.service.gov.uk/api/1.0/ocdsRecordPackages/ocds-h6vhtk-051c34,https://www.find-tender.service.gov.uk/api/1.0/ocdsRecordPackages/ocds-h6vhtk-051c34
Rheinmetall AG,Germany,name,Upcoming,Defence Equipment and Support,7015735510 Mid Life update of T2 UK5,Contract,1,1,63333333.33,award,GBP,2026-12-16,2033-12-31,award,,,2025-12-18,,Rheinmetall BAE Systems Land Ltd,ocds-h6vhtk-05f9b9,https://www.find-tender.service.gov.uk/api/1.0/ocdsRecordPackages/ocds-h6vhtk-05f9b9,https://www.find-tender.service.gov.uk/api/1.0/ocdsRecordPackages/ocds-h6vhtk-05f9b9
Axon Enterprise Inc,USA,name,Pending,Government Commercial Agency,Lot 2b Software as a Service (Saas),Framework / multi-supplier,2744,1,14000000000.0,award,GBP,2026-08-06,2030-08-05,award,,,2026-07-24,services,AXON PUBLIC SAFETY UK LIMITED,ocds-h6vhtk-0504a3,https://www.find-tender.service.gov.uk/api/1.0/ocdsRecordPackages/ocds-h6vhtk-0504a3,https://www.find-tender.service.gov.uk/api/1.0/ocdsRecordPackages/ocds-h6vhtk-0504a3
Axon Enterprise Inc,USA,name,Pending,BLUELIGHT COMMERCIAL LIMITED,BLC0228 Digital Forensic Software and Tools (DFS&T) Framework,Framework / multi-supplier,12,1,800512167.0,lot,GBP,2026-08-10,2034-08-09,award,,,2026-07-02,goods,Axon Public Safety UK Limited,ocds-h6vhtk-04ee0e,https://www.find-tender.service.gov.uk/api/1.0/ocdsRecordPackages/ocds-h6vhtk-04ee0e,https://www.find-tender.service.gov.uk/api/1.0/ocdsRecordPackages/ocds-h6vhtk-04ee0e
BAE Systems PLC,UK,name,Pending,Defence Equipment and Support,SES1A/302 Hawk TMk1 Synthetic Training Facility (HSTF),Contract,1,1,6400000.0,award,GBP,2026-04-01,2030-03-31,award,,,2026-03-23,services,BAE Systems (Operations) Limited,ocds-h6vhtk-066fb6,https://www.find-tender.service.gov.uk/api/1.0/ocdsRecordPackages/ocds-h6vhtk-066fb6,https://www.find-tender.service.gov.uk/api/1.0/ocdsRecordPackages/ocds-h6vhtk-066fb6
BAE Systems PLC,UK,name,Pending,Government Commercial Agency,Lot 2b Software as a Service (Saas),Framework / multi-supplier,2744,2,28000000000.0,award,GBP,2026-08-06,2030-08-05,award,,,2026-07-24,services,BAE SYSTEMS APPLIED INTELLIGENCE LIMITED; BAE Systems (Operations) Limited,ocds-h6vhtk-0504a3,https://www.find-tender.service.gov.uk/api/1.0/ocdsRecordPackages/ocds-h6vhtk-0504a3,https://www.find-tender.service.gov.uk/api/1.0/ocdsRecordPackages/ocds-h6vhtk-0504a3
General Dynamics Corp,USA,name,Pending,Ministry of Defence,"THE PURCHASE OF 6X VIDS-210/LS CABLES AS DETAILED IN THE GD DRAWING CABLE ASSEMBLY, VIDSOD400410 FOR TAIPAN",Contract,1,1,14818.08,award,GBP,2026-10-01,2027-03-31,award,,,2026-09-11,goods,GENERAL DYNAMICS UNITED KINGDOM LIMITED,ocds-h6vhtk-06eba4,https://www.find-tender.service.gov.uk/api/1.0/ocdsRecordPackages/ocds-h6vhtk-06eba4,https://www.find-tender.service.gov.uk/api/1.0/ocdsRecordPackages/ocds-h6vhtk-06eba4
General Dynamics Corp,USA,name,Pending,Government Commercial Agency,Lot 2b Software as a Service (Saas),Framework / multi-supplier,2744,1,14000000000.0,award,GBP,2026-08-06,2030-08-05,award,,,2026-07-24,services,GENERAL DYNAMICS UNITED KINGDOM LIMITED,ocds-h6vhtk-0504a3,https://www.find-tender.service.gov.uk/api/1.0/ocdsRecordPackages/ocds-h6vhtk-0504a3,https://www.find-tender.service.gov.uk/api/1.0/ocdsRecordPackages/ocds-h6vhtk-0504a3
General Dynamics Corp,USA,name,Pending,Defence Equipment and Support,Bridge Set Infantry Assualt (BSIA) In-Service Support,Contract,1,1,4542500.0,award,GBP,2025-09-30,2033-03-31,award,2035-03-31,,2025-05-07,,General Dynamics European Land Systems-Bridge Systems GmbH,ocds-h6vhtk-050dac,https://www.find-tender.service.gov.uk/api/1.0/ocdsRecordPackages/ocds-h6vhtk-050dac,https://www.find-tender.service.gov.uk/api/1.0/ocdsRecordPackages/ocds-h6vhtk-050dac
General Dynamics Corp,USA,name,Pending,Ministry of Defence,The Supply of Bridging Spares,Framework / multi-supplier,1,1,1700000.0,award,GBP,2025-12-01,2033-11-30,award,,,2025-09-02,,General Dynamics European Land Systems,ocds-h6vhtk-059240,https://www.find-tender.service.gov.uk/api/1.0/ocdsRecordPackages/ocds-h6vhtk-059240,https://www.find-tender.service.gov.uk/api/1.0/ocdsRecordPackages/ocds-h6vhtk-059240
Heidelberg Materials AG,Germany,name,Pending,SEVERN TRENT WATER LIMITED,Lot 1: Quarries and Supply of Materials,Framework / multi-supplier,13,2,,tender,GBP,2026-04-01,2027-03-31,award,2031-03-31,,2026-03-19,services,HANSON QUARRY PRODUCTS EUROPE LIMITED,ocds-h6vhtk-04fc23,https://www.find-tender.service.gov.uk/api/1.0/ocdsRecordPackages/ocds-h6vhtk-04fc23,https://www.find-tender.service.gov.uk/api/1.0/ocdsRecordPackages/ocds-h6vhtk-04fc23
Heidelberg Materials AG,Germany,name,Pending,Wirral Council,Lot 2 - A2 Structural Carriageway Resurfacing,Contract,1,1,11000000.0,award,GBP,2026-02-01,2029-01-31,award,,,2026-01-07,works,HANSON QUARRY PRODUCTS EUROPE LIMITED,ocds-h6vhtk-055657,https://www.find-tender.service.gov.uk/api/1.0/ocdsRecordPackages/ocds-h6vhtk-055657,https://www.find-tender.service.gov.uk/api/1.0/ocdsRecordPackages/ocds-h6vhtk-055657
Heidelberg Materials AG,Germany,name,Pending,Oldham Metropolitan Borough Council,Framework for Highways Resurfacing,Framework / multi-supplier,3,1,15000000.0,award,GBP,2026-08-03,2030-08-02,award,,,2026-07-07,works,HANSON QUARRY PRODUCTS EUROPE LIMITED,ocds-h6vhtk-05dd79,https://www.find-tender.service.gov.uk/api/1.0/ocdsRecordPackages/ocds-h6vhtk-05dd79,https://www.find-tender.service.gov.uk/api/1.0/ocdsRecordPackages/ocds-h6vhtk-05dd79
Honeywell Aerospace Inc,USA,check,Pending,Atlas BFW Management Limited,Project/Contract BFWML - Estates - BMS System - Honeywell,Contract,1,1,46995.0,award,GBP,2026-04-01,2027-03-31,award,2028-03-31,,2026-03-23,,Honeywell Control Systems,ocds-h6vhtk-06711a,https://www.find-tender.service.gov.uk/api/1.0/ocdsRecordPackages/ocds-h6vhtk-06711a,https://www.find-tender.service.gov.uk/api/1.0/ocdsRecordPackages/ocds-h6vhtk-06711a
Honeywell Aerospace Inc,USA,check,Pending,Oil and Pipelines Agency,OPA/T903 Service Level Agreement for Industrial Measurement and Control Systems.,Contract,1,1,603624.0,award,GBP,2026-09-27,2029-09-26,award,,,2026-09-15,,Honeywell Control Systems Limited,ocds-h6vhtk-06f9af,https://www.find-tender.service.gov.uk/api/1.0/ocdsRecordPackages/ocds-h6vhtk-06f9af,https://www.find-tender.service.gov.uk/api/1.0/ocdsRecordPackages/ocds-h6vhtk-06f9af
Honeywell Aerospace Inc,USA,check,Pending,Victoria and Albert Museum,Life Safety Services,Contract,1,1,1193425.74,award,GBP,2026-04-01,2031-03-31,award,,,2026-03-18,,HONEYWELL CONTROL SYSTEMS LIMITED,ocds-h6vhtk-066e00,https://www.find-tender.service.gov.uk/api/1.0/ocdsRecordPackages/ocds-h6vhtk-066e00,https://www.find-tender.service.gov.uk/api/1.0/ocdsRecordPackages/ocds-h6vhtk-066e00
International Business Machines Corp,USA,name,Pending,SCOTTISH HYDRO ELECTRIC TRANSMISSION PLC,Transmission Digital Services Framework,Framework / multi-supplier,1,1,820000000.0,lot,GBP,2026-02-02,2029-02-01,award,2034-02-01,,2025-12-22,services,IBM United Kingdom Limited,ocds-h6vhtk-0551e3,https://www.find-tender.service.gov.uk/api/1.0/ocdsRecordPackages/ocds-h6vhtk-0551e3,https://www.find-tender.service.gov.uk/api/1.0/ocdsRecordPackages/ocds-h6vhtk-0551e3
International Business Machines Corp,USA,name,Pending,Government Commercial Agency,Lot 1a Infrastructure as a Service (IaaS) and Platform as a Service (PaaS),Framework / multi-supplier,2744,4,56000000000.0,award,GBP,2026-08-06,2030-08-06,award,,,2026-07-24,services,IBM UNITED KINGDOM LIMITED,ocds-h6vhtk-0504a3,https://www.find-tender.service.gov.uk/api/1.0/ocdsRecordPackages/ocds-h6vhtk-0504a3,https://www.find-tender.service.gov.uk/api/1.0/ocdsRecordPackages/ocds-h6vhtk-0504a3
International Business Machines Corp,USA,name,Pending,ENERGIA GROUP NI HOLDINGS LIMITED,Lot 1. Transformation Programme Services and Delivery,Framework / multi-supplier,9,3,60000000.0,award,GBP,2026-10-01,2031-09-30,award,2033-09-30,,2026-09-03,services,IBM LIMITED,ocds-h6vhtk-067c7a,https://www.find-tender.service.gov.uk/api/1.0/ocdsRecordPackages/ocds-h6vhtk-067c7a,https://www.find-tender.service.gov.uk/api/1.0/ocdsRecordPackages/ocds-h6vhtk-067c7a
Kongsberg Gruppen ASA,Norway,name,Pending,Defence Equipment and Support,Kongsberg Discovery AS Single SOurce Contract for Hydrographic Sonar,Contract,1,1,,tender,GBP,2025-09-01,2029-09-01,award,,,2025-07-30,,Kongsberg Discovery AS,ocds-h6vhtk-056901,https://www.find-tender.service.gov.uk/api/1.0/ocdsRecordPackages/ocds-h6vhtk-056901,https://www.find-tender.service.gov.uk/api/1.0/ocdsRecordPackages/ocds-h6vhtk-056901
L3Harris Technologies Inc,USA,name,Pending,Submarine Delivery Agency,SCYLLA 2A Interim,Contract,1,1,3600000.0,award,GBP,2026-09-01,2027-03-31,award,,,2026-07-07,services,L3Harris MAPPS Ltd,ocds-h6vhtk-06bd28,https://www.find-tender.service.gov.uk/api/1.0/ocdsRecordPackages/ocds-h6vhtk-06bd28,https://www.find-tender.service.gov.uk/api/1.0/ocdsRecordPackages/ocds-h6vhtk-06bd28
Leonardo SpA,Italy,name,Pending,Defence Equipment and Support,Type 31 Identification Friend of Foe,Contract,1,1,12500000.0,award,GBP,2025-09-05,2030-06-01,award,,,2025-08-07,goods,Leonardo UK Limited,ocds-h6vhtk-0563de,https://www.find-tender.service.gov.uk/api/1.0/ocdsRecordPackages/ocds-h6vhtk-0563de,https://www.find-tender.service.gov.uk/api/1.0/ocdsRecordPackages/ocds-h6vhtk-0563de
Leonardo SpA,Italy,name,Pending,Government Commercial Agency,Lot 3 Cloud support services (Additional Services),Framework / multi-supplier,2282,1,14000000000.0,award,GBP,2026-08-06,2030-08-05,award,,,2026-07-24,services,LEONARDO UK LTD,ocds-h6vhtk-0504a3,https://www.find-tender.service.gov.uk/api/1.0/ocdsRecordPackages/ocds-h6vhtk-0504a3,https://www.find-tender.service.gov.uk/api/1.0/ocdsRecordPackages/ocds-h6vhtk-0504a3
Leonardo SpA,Italy,name,Pending,Defence Equipment and Support,Elmer Radio and AD120 Avionic Comms Equipment,Contract,1,1,8000000.0,award,GBP,2026-05-15,2031-05-14,award,2033-05-14,,2026-02-18,,Leonardo UK,ocds-h6vhtk-0656e3,https://www.find-tender.service.gov.uk/api/1.0/ocdsRecordPackages/ocds-h6vhtk-0656e3,https://www.find-tender.service.gov.uk/api/1.0/ocdsRecordPackages/ocds-h6vhtk-0656e3
Motorola Solutions Inc,USA,name,Pending,West Midlands Ambulance Service University NHS FT,BWC Software Subscription,Framework / multi-supplier,1,1,98592.0,award,GBP,2026-07-02,2027-06-30,award,2028-06-30,,2026-07-02,,MOTOROLA SOLUTIONS UK LIMITED,ocds-h6vhtk-06c207,https://www.find-tender.service.gov.uk/api/1.0/ocdsRecordPackages/ocds-h6vhtk-06c207,https://www.find-tender.service.gov.uk/api/1.0/ocdsRecordPackages/ocds-h6vhtk-06c207
Motorola Solutions Inc,USA,name,Pending,Northern Ireland Fire and Rescue Service,CAD Update and Support and Maintenance,Contract,1,1,11200000.0,award,GBP,2025-09-01,2028-12-31,award,2029-12-31,,2025-08-06,,MOTOROLA SOLUTIONS UK LIMITED,ocds-h6vhtk-056429,https://www.find-tender.service.gov.uk/api/1.0/ocdsRecordPackages/ocds-h6vhtk-056429,https://www.find-tender.service.gov.uk/api/1.0/ocdsRecordPackages/ocds-h6vhtk-056429
Motorola Solutions Inc,USA,name,Pending,Civil Nuclear Police Authority,DCS Connections,Contract,1,1,568000.0,award,GBP,2026-01-05,2029-01-04,award,,,2025-12-18,,Motorola/AIRWAVE SOLUTIONS LTD,ocds-h6vhtk-05f961,https://www.find-tender.service.gov.uk/api/1.0/ocdsRecordPackages/ocds-h6vhtk-05f961,https://www.find-tender.service.gov.uk/api/1.0/ocdsRecordPackages/ocds-h6vhtk-05f961
Motorola Solutions Inc,USA,name,Pending,Government Commercial Agency,Lot 2b Software as a Service (Saas),Framework / multi-supplier,2744,1,14000000000.0,award,GBP,2026-08-06,2030-08-05,award,,,2026-07-24,services,MOTOROLA SOLUTIONS UK LIMITED,ocds-h6vhtk-0504a3,https://www.find-tender.service.gov.uk/api/1.0/ocdsRecordPackages/ocds-h6vhtk-0504a3,https://www.find-tender.service.gov.uk/api/1.0/ocdsRecordPackages/ocds-h6vhtk-0504a3
Northrop Grumman Corp,USA,name,Pending,Government Commercial Agency,Lot 3 Cloud support services (Additional Services),Framework / multi-supplier,2282,1,14000000000.0,award,GBP,2026-08-06,2030-08-05,award,,,2026-07-24,services,NORTHROP GRUMMAN UK LIMITED,ocds-h6vhtk-0504a3,https://www.find-tender.service.gov.uk/api/1.0/ocdsRecordPackages/ocds-h6vhtk-0504a3,https://www.find-tender.service.gov.uk/api/1.0/ocdsRecordPackages/ocds-h6vhtk-0504a3
Northrop Grumman Corp,USA,name,Pending,Defence Equipment and Support,Procurement of LW30-UK5,Contract,1,1,50000000.0,award,GBP,2026-07-02,2034-07-02,award,,,2025-10-22,,Northrop Grumman International inc.,ocds-h6vhtk-05d1c1,https://www.find-tender.service.gov.uk/api/1.0/ocdsRecordPackages/ocds-h6vhtk-05d1c1,https://www.find-tender.service.gov.uk/api/1.0/ocdsRecordPackages/ocds-h6vhtk-05d1c1
Palantir Technologies Inc,USA,name,Pending,NATIONAL ENERGY SYSTEM OPERATOR LIMITED,NESO Interim Capability,Contract,1,1,17700270.0,award,GBP,2026-09-08,2027-07-31,award,2028-07-31,,2026-08-26,,"PALANTIR TECHNOLOGIES UK, LTD.",ocds-h6vhtk-06ed0c,https://www.find-tender.service.gov.uk/api/1.0/ocdsRecordPackages/ocds-h6vhtk-06ed0c,https://www.find-tender.service.gov.uk/api/1.0/ocdsRecordPackages/ocds-h6vhtk-06ed0c
Palantir Technologies Inc,USA,name,Pending,Government Commercial Agency,Lot 2b Software as a Service (Saas),Framework / multi-supplier,2744,2,28000000000.0,award,GBP,2026-08-06,2030-08-05,award,,,2026-07-24,services,"PALANTIR TECHNOLOGIES UK, LTD.",ocds-h6vhtk-0504a3,https://www.find-tender.service.gov.uk/api/1.0/ocdsRecordPackages/ocds-h6vhtk-0504a3,https://www.find-tender.service.gov.uk/api/1.0/ocdsRecordPackages/ocds-h6vhtk-0504a3
Palantir Technologies Inc,USA,name,Pending,POLICE DIGITAL SERVICE,BLC0222 - National Firearms Licensing Management System (NFLMS),Contract,1,1,7500000.0,award,GBP,2026-09-04,2031-09-03,award,2036-09-03,,2026-06-01,goods,"PALANTIR TECHNOLOGIES UK, LTD.",ocds-h6vhtk-051018,https://www.find-tender.service.gov.uk/api/1.0/ocdsRecordPackages/ocds-h6vhtk-051018,https://www.find-tender.service.gov.uk/api/1.0/ocdsRecordPackages/ocds-h6vhtk-051018
RTX Corp,USA,name,Pending,Defence Equipment and Support,The Provision of Support for the Titan Auxiliary Power Unit (APU) for the T-62T-2B Chinook and T-62-40C7EH Merlin Helicopters,Contract,1,1,7000000.0,award,GBP,2025-11-01,2027-10-30,award,2028-10-30,,2025-09-23,services,RTX Corporation,ocds-h6vhtk-0511b6,https://www.find-tender.service.gov.uk/api/1.0/ocdsRecordPackages/ocds-h6vhtk-0511b6,https://www.find-tender.service.gov.uk/api/1.0/ocdsRecordPackages/ocds-h6vhtk-0511b6
Rolls-Royce Holdings plc,UK,name,Pending,Ministry of Defence,RFA IPMS Tide Training,Contract,1,1,480000.0,award,GBP,2026-08-03,2029-03-31,award,2031-03-31,,2026-07-03,,Rolls-Royce Solutions UK Ltd,ocds-h6vhtk-06c3a1,https://www.find-tender.service.gov.uk/api/1.0/ocdsRecordPackages/ocds-h6vhtk-06c3a1,https://www.find-tender.service.gov.uk/api/1.0/ocdsRecordPackages/ocds-h6vhtk-06c3a1
Axon Enterprise Inc,USA,name,Probably active,Northumbria Police,T10 CED and consumables,Contract,1,1,6166114.74,contract,GBP,,2029-12-15,notice text,,2024-12-16,2025-02-06,goods,Axon Public Safety UK Ltd,ocds-h6vhtk-04dc72,https://www.find-tender.service.gov.uk/Notice/004051-2025,https://www.find-tender.service.gov.uk/api/1.0/ocdsRecordPackages/ocds-h6vhtk-04dc72
BAE Systems PLC,UK,name,Probably active,Ministry of Defence,Archer Artillery System Short Term (9 months) In -Service Support Contract,Contract,1,2,9600000.0,contract,GBP,,2026-10-13,notice text,,2025-02-11,2026-02-05,services,BAE Systems Bofors AB,ocds-h6vhtk-04de5d,https://www.find-tender.service.gov.uk/Notice/010259-2026,https://www.find-tender.service.gov.uk/api/1.0/ocdsRecordPackages/ocds-h6vhtk-04de5d
BAE Systems PLC,UK,name,Probably active,MINISTRY OF DEFENCE,Pyramid TIKAL Stage 4 Support Contract,Contract,1,1,7000000.0,contract,GBP,,2026-11-05,notice text,,2024-11-05,2024-11-08,services,BAE Systems (Operations) Limited,ocds-h6vhtk-04b528,https://www.find-tender.service.gov.uk/Notice/036287-2024,https://www.find-tender.service.gov.uk/api/1.0/ocdsRecordPackages/ocds-h6vhtk-04b528
BAE Systems PLC,UK,name,Probably active,Ministry of Defence,,Contract,1,1,3199877.0,contract,GBP,,2027-02-07,notice text,,2024-02-08,2024-03-01,services,BAE Systems (Operations) Limited,ocds-h6vhtk-044496,https://www.find-tender.service.gov.uk/Notice/006642-2024,https://www.find-tender.service.gov.uk/api/1.0/ocdsRecordPackages/ocds-h6vhtk-044496
BAE Systems PLC,UK,name,Probably active,Ministry of Defence,5000000,Contract,1,1,,tender,GBP,,2027-07-12,notice text,,2024-07-12,2024-12-04,services,BAE system,ocds-h6vhtk-04c231,https://www.find-tender.service.gov.uk/Notice/039071-2024,https://www.find-tender.service.gov.uk/api/1.0/ocdsRecordPackages/ocds-h6vhtk-04c231
BAE Systems PLC,UK,name,Probably active,Ministry of Defence,Voluntary Transparency Notice (VTN) for Archer Artillery System Enduring In-Service Support Contract,Contract,1,1,60000000.0,contract,GBP,,2029-10-01,notice text,,2024-10-02,2024-10-05,services,BAE Systems Bofors AB,ocds-h6vhtk-04a512,https://www.find-tender.service.gov.uk/Notice/031561-2024,https://www.find-tender.service.gov.uk/api/1.0/ocdsRecordPackages/ocds-h6vhtk-04a512
BAE Systems PLC,UK,name,Probably active,Ministry of Defence,The Supply of Artillery & Armoured Vehicle Weapon Systems Components,Framework / multi-supplier,1,1,10400000.0,contract,GBP,,2031-09-25,notice text,,2024-09-26,2026-04-01,goods,BAE Systems GCS International Limited,ocds-h6vhtk-04a469,https://www.find-tender.service.gov.uk/Notice/031283-2024,https://www.find-tender.service.gov.uk/api/1.0/ocdsRecordPackages/ocds-h6vhtk-04a469
BAE Systems PLC,UK,name,Probably active,Ministry of Defence,Voluntary Transparency Notice 2 (VTN) for Archer Artillery System Enduring In-Service Support Contract,Contract,1,1,58000000.0,contract,GBP,,2032-02-10,notice text,,2025-02-11,2025-02-12,services,BAE Systems Bofors AB,ocds-h6vhtk-04de5e,https://www.find-tender.service.gov.uk/Notice/004831-2025,https://www.find-tender.service.gov.uk/api/1.0/ocdsRecordPackages/ocds-h6vhtk-04de5e
BAE Systems PLC,UK,name,Probably active,Ministry of Defence,"The Repair, Maintenance and Modification of Various Line Replacement Units (LRUs) and Frame Electrical Layouts (FELs)",Framework / multi-supplier,1,1,95840000.0,contract,GBP,,2032-02-21,notice text,,2025-02-22,2025-03-04,services,Rheinmetall BAE Systems Land,ocds-h6vhtk-04e98b,https://www.find-tender.service.gov.uk/Notice/007937-2025,https://www.find-tender.service.gov.uk/api/1.0/ocdsRecordPackages/ocds-h6vhtk-04e98b
Cellebrite DI Ltd,Israel,name,Probably active,Mayor's Office for Policing and Crime,Foreseen extension - Digital Forensic Investigative Unlocking Tool Type 1 (Cellebrite),Contract,1,1,2472654.0,contract,GBP,,2027-06-18,notice text,,2026-06-19,2026-07-15,services,Cellebrite UK Ltd,ocds-h6vhtk-06cc0c,https://www.find-tender.service.gov.uk/Notice/066829-2026,https://www.find-tender.service.gov.uk/api/1.0/ocdsRecordPackages/ocds-h6vhtk-06cc0c
Colt CZ Group SE,Czech Republic,name,Probably active,Ministry of Defence,The Supply of C8 Rifle Spares,Framework / multi-supplier,1,2,8000000.0,contract,GBP,,2027-07-24,notice text,,2025-02-11,2025-07-29,goods,Colt Canada Corporation,ocds-h6vhtk-04e42a,https://www.find-tender.service.gov.uk/Notice/005905-2025,https://www.find-tender.service.gov.uk/api/1.0/ocdsRecordPackages/ocds-h6vhtk-04e42a
General Dynamics Corp,USA,name,Probably active,Ministry of Defence,The Repair of User Interfaces and Associated Assemblies,Framework / multi-supplier,1,10,105000000.0,contract,GBP,,2030-05-11,notice text,,2025-05-12,2025-06-12,services,General Dynamics Land Systems UK,ocds-h6vhtk-054809,https://www.find-tender.service.gov.uk/Notice/032075-2025,https://www.find-tender.service.gov.uk/api/1.0/ocdsRecordPackages/ocds-h6vhtk-054809
Honeywell Aerospace Inc,USA,check,Probably active,West Midlands Fire and Rescue Authority,NATIONAL GAS MONITOR AND ASSOCIATED EQUIPEMENT FRAMEWORK,Framework / multi-supplier,1,1,4500000.0,contract,GBP,,2026-12-14,notice text,,2022-12-15,2022-12-15,goods,Life Safety Distribution GmbH (Honeywell Analytics Ltd),ocds-h6vhtk-03693a,https://www.find-tender.service.gov.uk/Notice/035570-2022,https://www.find-tender.service.gov.uk/api/1.0/ocdsRecordPackages/ocds-h6vhtk-03693a
International Business Machines Corp,USA,name,Probably active,DESNZ & DSIT Group Commercial,Energy and Net Zero Professional Services Framework,Framework / multi-supplier,15,1,250000000.0,contract,GBP,,2027-01-31,notice text,,2025-02-01,2025-02-26,services,IBM United Kingdom Limited,ocds-h6vhtk-04536b,https://www.find-tender.service.gov.uk/Notice/007341-2025,https://www.find-tender.service.gov.uk/api/1.0/ocdsRecordPackages/ocds-h6vhtk-04536b
International Business Machines Corp,USA,name,Probably active,UK SHARED BUSINESS SERVICES LIMITED,"DDaT21174 Services for HR, Accounting, Reporting & Procurement (SHARP)",Contract,1,1,,tender,GBP,,2027-04-10,notice text,,2022-04-11,2022-04-11,services,IBM UNITED KINGDOM LIMITED,ocds-h6vhtk-032c03,https://www.find-tender.service.gov.uk/Notice/009576-2022,https://www.find-tender.service.gov.uk/api/1.0/ocdsRecordPackages/ocds-h6vhtk-032c03
International Business Machines Corp,USA,name,Probably active,BLUELIGHT COMMERCIAL LIMITED,Provision of IBM SPSS Licences and Support,Contract,1,1,1946709.41,contract,GBP,,2028-01-31,notice text,,2025-01-31,2025-01-31,goods,IBM United Kingdom Limited,ocds-h6vhtk-04da9c,https://www.find-tender.service.gov.uk/Notice/003298-2025,https://www.find-tender.service.gov.uk/api/1.0/ocdsRecordPackages/ocds-h6vhtk-04da9c
Leonardo SpA,Italy,name,Probably active,Ministry of Defence,GSA8 ISS Contract,Contract,1,1,14000000.0,contract,GBP,,2029-11-03,notice text,,2024-11-04,2024-11-05,services,Leonardo UK Ltd,ocds-h6vhtk-04b3be,https://www.find-tender.service.gov.uk/Notice/035659-2024,https://www.find-tender.service.gov.uk/api/1.0/ocdsRecordPackages/ocds-h6vhtk-04b3be
Leonardo SpA,Italy,name,Probably active,Ministry of Defence,GSA8 ISS Contract,Contract,1,1,14000000.0,contract,GBP,,2029-11-03,notice text,,2024-11-04,2024-11-04,services,Leonardo UK Ltd,ocds-h6vhtk-04b3d7,https://www.find-tender.service.gov.uk/Notice/035701-2024,https://www.find-tender.service.gov.uk/api/1.0/ocdsRecordPackages/ocds-h6vhtk-04b3d7
Motorola Solutions Inc,USA,name,Probably active,Leicestershire Fire and Rescue Service,Mobilising System Replacement Contract,Contract,1,2,9000000.0,contract,GBP,,2028-06-04,notice text,,2023-03-31,2023-06-06,goods,Motorola Solutions UK Limited,ocds-h6vhtk-03b7d0,https://www.find-tender.service.gov.uk/Notice/009499-2023,https://www.find-tender.service.gov.uk/api/1.0/ocdsRecordPackages/ocds-h6vhtk-03b7d0
Palantir Technologies Inc,USA,name,Probably active,Mayor's Office for Policing and Crime,"Culture, Standards & Integrity Ecosystem (CSIE) Capability",Contract,1,2,3919992.0,contract,GBP,,2027-08-05,notice text,,2026-07-17,2026-09-16,services,"PALANTIR TECHNOLOGIES UK, LTD; PALANTIR TECHNOLOGIES UK, LTD.",ocds-h6vhtk-06ce4a,https://www.find-tender.service.gov.uk/Notice/067996-2026,https://www.find-tender.service.gov.uk/api/1.0/ocdsRecordPackages/ocds-h6vhtk-06ce4a
Rheinmetall AG,Germany,name,Probably active,Ministry of Defence,"The Repair, Maintenance and Modification of Various Line Replacement Units (LRUs) and Frame Electrical Layouts (FELs)",Framework / multi-supplier,1,1,95840000.0,contract,GBP,,2032-02-21,notice text,,2025-02-22,2025-03-04,services,Rheinmetall BAE Systems Land,ocds-h6vhtk-04e98b,https://www.find-tender.service.gov.uk/Notice/007937-2025,https://www.find-tender.service.gov.uk/api/1.0/ocdsRecordPackages/ocds-h6vhtk-04e98b
Rolls-Royce Holdings plc,UK,name,Probably active,Ministry of Defence,Borescope Training - to be awarded target date 31/01/24,Contract,1,1,500000.0,contract,GBP,,2028-11-27,notice text,,2023-11-29,2023-11-29,services,Rolls Royce Defence Service Training Centre,ocds-h6vhtk-041dc7,https://www.find-tender.service.gov.uk/Notice/035250-2023,https://www.find-tender.service.gov.uk/api/1.0/ocdsRecordPackages/ocds-h6vhtk-041dc7
Axon Enterprise Inc,USA,name,No end date,Home Office,Conductive Energy Devices Framework Agreement,Framework / multi-supplier,1,1,75000000.0,contract,GBP,,,,,2023-08-08,2023-10-13,goods,AXON PUBLIC SAFETY UK LTD,ocds-h6vhtk-040be3,https://www.find-tender.service.gov.uk/Notice/030287-2023,https://www.find-tender.service.gov.uk/api/1.0/ocdsRecordPackages/ocds-h6vhtk-040be3
Axon Enterprise Inc,USA,name,No end date,Mayor's Office for Policing and Crime,Precise Policing 2,Framework / multi-supplier,54,1,,tender,GBP,,,,,,2026-08-24,services,AXON PUBLIC SAFETY UK LIMITED,ocds-h6vhtk-05cf48,https://www.find-tender.service.gov.uk/api/1.0/ocdsRecordPackages/ocds-h6vhtk-05cf48,https://www.find-tender.service.gov.uk/api/1.0/ocdsRecordPackages/ocds-h6vhtk-05cf48
Axon Enterprise Inc,USA,name,No end date,Lancashire Combined Fire Authority,Purchase of Body Worn Cameras,Contract,1,1,47351.11,contract,GBP,,,,,2026-05-11,2026-06-24,goods,Axon Public Safety UK Ltd,ocds-h6vhtk-06bc39,https://www.find-tender.service.gov.uk/Notice/059445-2026,https://www.find-tender.service.gov.uk/api/1.0/ocdsRecordPackages/ocds-h6vhtk-06bc39
Axon Enterprise Inc,USA,name,No end date,Police And Crime Commissioner For Durham,Provision of Axon BWV 4,Contract,1,1,783000.0,contract,GBP,,,,,2026-06-30,2026-07-03,goods,Axon Public Safety UK Limited,ocds-h6vhtk-06c30e,https://www.find-tender.service.gov.uk/Notice/062621-2026,https://www.find-tender.service.gov.uk/api/1.0/ocdsRecordPackages/ocds-h6vhtk-06c30e
Axon Enterprise Inc,USA,name,No end date,British Transport Police Authority,Body Worn Video,Contract,1,1,3856279.6,contract,GBP,,,,,2026-07-21,2026-09-15,goods,Axon Public Safety UK Limited,ocds-h6vhtk-06fa8b,https://www.find-tender.service.gov.uk/Notice/087496-2026,https://www.find-tender.service.gov.uk/api/1.0/ocdsRecordPackages/ocds-h6vhtk-06fa8b
Axon Enterprise Inc,USA,check,No end date,Ministry of Defence,916000.00,Contract,1,1,916000.0,contract,GBP,,,,,2023-11-06,2023-11-06,goods,AXON,ocds-h6vhtk-0415e8,https://www.find-tender.service.gov.uk/Notice/032708-2023,https://www.find-tender.service.gov.uk/api/1.0/ocdsRecordPackages/ocds-h6vhtk-0415e8
Axon Enterprise Inc,USA,name,No end date,Metropolitan Police Service,Call off for the purchase of tasers and associated consumeables.,Contract,1,1,29050000.0,contract,GBP,,,,,2024-03-20,2024-06-24,goods,AXON PUBLIC SAFETY UK LTD,ocds-h6vhtk-04723d,https://www.find-tender.service.gov.uk/Notice/019334-2024,https://www.find-tender.service.gov.uk/api/1.0/ocdsRecordPackages/ocds-h6vhtk-04723d
Axon Enterprise Inc,USA,name,No end date,Police And Crime Commissioner For Durham,Conducted Energy Devices and associated consumables,Contract,1,1,1000000.0,contract,GBP,,,,,2025-12-04,2025-12-16,goods,Axon Public Safety UK Ltd,ocds-h6vhtk-05f706,https://www.find-tender.service.gov.uk/Notice/083495-2025,https://www.find-tender.service.gov.uk/api/1.0/ocdsRecordPackages/ocds-h6vhtk-05f706
Axon Enterprise Inc,USA,name,No end date,The Police and Crime Commissioner for Nottinghamshire,Body Worn Video Associated Products and Software,Contract,1,1,1656339.8,contract,GBP,,,,,2026-03-26,2026-04-22,goods,Axon Public Safety Uk Ltd,ocds-h6vhtk-068875,https://www.find-tender.service.gov.uk/Notice/036576-2026,https://www.find-tender.service.gov.uk/api/1.0/ocdsRecordPackages/ocds-h6vhtk-068875
Axon Enterprise Inc,USA,name,No end date,York and North Yorkshire Combined Authority,Conducted Energy Devices and Associated Consumables,Contract,1,1,2230460.88,contract,GBP,,,,,2026-07-01,2026-07-23,goods,Axon Public Safety UK Ltd,ocds-h6vhtk-06d273,https://www.find-tender.service.gov.uk/Notice/069926-2026,https://www.find-tender.service.gov.uk/api/1.0/ocdsRecordPackages/ocds-h6vhtk-06d273
BAE Systems PLC,UK,name,No end date,Ministry of Defence,701755452-ADEWS/107: PDS & ISS for the Air Defence Training Simulator (ADSIM) at the Defence College of Air and Space Operations,Contract,1,1,1167000.0,contract,GBP,,,,,2021-10-11,2021-10-12,services,BAE Systems (Operations) Limited,ocds-h6vhtk-02eb31,https://www.find-tender.service.gov.uk/Notice/025540-2021,https://www.find-tender.service.gov.uk/api/1.0/ocdsRecordPackages/ocds-h6vhtk-02eb31
BAE Systems PLC,UK,name,No end date,Ministry of Defence,"Provision of qualified ammunition, gun simulators and associated technical support",Contract,1,2,334750000.0,contract,GBP,,,,,2022-11-09,2023-07-12,goods,BAE Systems Bofors AB,ocds-h6vhtk-0383a9,https://www.find-tender.service.gov.uk/Notice/032025-2022,https://www.find-tender.service.gov.uk/api/1.0/ocdsRecordPackages/ocds-h6vhtk-0383a9
BAE Systems PLC,UK,name,No end date,Ministry of Defence,"In Service Support for Combat Management Systems, Shared Infrastructure and Networks",Contract,1,1,287634000.0,contract,GBP,,,,,2022-11-23,2022-11-23,services,BAE Systems Surface Ships Ltd,ocds-h6vhtk-0387d4,https://www.find-tender.service.gov.uk/Notice/033287-2022,https://www.find-tender.service.gov.uk/api/1.0/ocdsRecordPackages/ocds-h6vhtk-0387d4
BAE Systems PLC,UK,name,No end date,Ministry of Defence,Autonomic Logistics Information System (ALIS) UK Lightning Integration,Contract,1,2,35556000.0,contract,GBP,,,,,2023-02-02,2023-04-03,services,BAE Systems (Operations) Ltd; BAE Systems (Operations)- Digital Intelligence,ocds-h6vhtk-03a65c,https://www.find-tender.service.gov.uk/Notice/004835-2023,https://www.find-tender.service.gov.uk/api/1.0/ocdsRecordPackages/ocds-h6vhtk-03a65c
BAE Systems PLC,UK,name,No end date,Ministry of Defence,"413,333.00",Contract,1,1,413333.0,contract,GBP,,,,,2023-03-29,2023-03-29,goods,BAE Systems,ocds-h6vhtk-03b71d,https://www.find-tender.service.gov.uk/Notice/009182-2023,https://www.find-tender.service.gov.uk/api/1.0/ocdsRecordPackages/ocds-h6vhtk-03b71d
BAE Systems PLC,UK,name,No end date,Ministry of Defence,The Repair of Line Replacement Units (LRU's) and Associated Assemblies,Contract,1,1,1925000.0,contract,GBP,,,,,2023-03-01,2023-10-05,services,Rheinmetall BAE Systems Land,ocds-h6vhtk-04085e,https://www.find-tender.service.gov.uk/Notice/029445-2023,https://www.find-tender.service.gov.uk/api/1.0/ocdsRecordPackages/ocds-h6vhtk-04085e
BAE Systems PLC,UK,name,No end date,Ministry of Defence,Provision of Air Crew Equipment Assemblies (AEA),Contract,1,1,,tender,GBP,,,,,2023-12-18,2023-12-18,goods,BAE Systems (Operations),ocds-h6vhtk-042684,https://www.find-tender.service.gov.uk/Notice/037149-2023,https://www.find-tender.service.gov.uk/api/1.0/ocdsRecordPackages/ocds-h6vhtk-042684
BAE Systems PLC,UK,name,No end date,Ministry of Defence,Provision of Aircrew Equipment Assembly (AEA),Contract,1,1,417624.7,contract,GBP,,,,,2025-01-16,2025-02-03,goods,BAE Systems (Operations) Limited Farnborough,ocds-h6vhtk-04db21,https://www.find-tender.service.gov.uk/Notice/003510-2025,https://www.find-tender.service.gov.uk/api/1.0/ocdsRecordPackages/ocds-h6vhtk-04db21
BAE Systems PLC,UK,name,No end date,Ministry of Defence,RA1162 Support Contract Mar 25- Mar 27,Contract,1,2,9400000.0,contract,GBP,,,,,2025-02-20,2025-06-13,services,BAE Systems (Operations) Limited; Bae Systems (Operations) Limited,ocds-h6vhtk-04e530,https://www.find-tender.service.gov.uk/Notice/006296-2025,https://www.find-tender.service.gov.uk/api/1.0/ocdsRecordPackages/ocds-h6vhtk-04e530
BAE Systems PLC,UK,name,No end date,Government Commercial Agency,Space Technology Solutions,Framework / multi-supplier,95,85,,tender,GBP,,,,,,2026-10-01,goods,BAE SYSTEMS APPLIED INTELLIGENCE LIMITED; BAE Systems (Operations) Limited,ocds-h6vhtk-0510f8,https://www.find-tender.service.gov.uk/api/1.0/ocdsRecordPackages/ocds-h6vhtk-0510f8,https://www.find-tender.service.gov.uk/api/1.0/ocdsRecordPackages/ocds-h6vhtk-0510f8
BAE Systems PLC,UK,name,No end date,Mayor's Office for Policing and Crime,Precise Policing 2,Framework / multi-supplier,54,1,,tender,GBP,,,,,,2026-08-24,services,BAE SYSTEMS APPLIED INTELLIGENCE LIMITED,ocds-h6vhtk-05cf48,https://www.find-tender.service.gov.uk/api/1.0/ocdsRecordPackages/ocds-h6vhtk-05cf48,https://www.find-tender.service.gov.uk/api/1.0/ocdsRecordPackages/ocds-h6vhtk-05cf48
BAE Systems PLC,UK,name,No end date,National Highways,Charter 4 (Asset Knowledge) Capability Roadmap Development Task,Framework / multi-supplier,1,2,2000000000.0,contract,GBP,,,,,2022-09-13,2024-08-08,services,BAE SYSTEMS APPLIED INTELLIGENCE LIMITED,ocds-h6vhtk-02e248,https://www.find-tender.service.gov.uk/Notice/028511-2022,https://www.find-tender.service.gov.uk/api/1.0/ocdsRecordPackages/ocds-h6vhtk-02e248
BAE Systems PLC,UK,name,No end date,Ministry of Defence - Defence Equipment and Support,Batch 1 Offshore Patrol Vessels - Future Support,Contract,1,1,68740000.0,contract,GBP,,,,,2021-10-14,2021-10-14,services,BAE Systems Maritime Services,ocds-h6vhtk-02ec1d,https://www.find-tender.service.gov.uk/Notice/025776-2021,https://www.find-tender.service.gov.uk/api/1.0/ocdsRecordPackages/ocds-h6vhtk-02ec1d
BAE Systems PLC,UK,name,No end date,"Foreign, Commonwealth and Development Office",Provision of urgent business support,Contract,1,1,467325.6,contract,GBP,,,,,2022-01-12,2022-02-04,services,BAE SYSTEMS APPLIED INTELLIGENCE (UK) LIMITED,ocds-h6vhtk-03132f,https://www.find-tender.service.gov.uk/Notice/003220-2022,https://www.find-tender.service.gov.uk/api/1.0/ocdsRecordPackages/ocds-h6vhtk-03132f
BAE Systems PLC,UK,name,No end date,Ministry of Defence - RAF High Wycombe Air Commercial,Aircrew Training Facility at RAF Leeming,Contract,1,1,7600000.0,contract,GBP,,,,,2022-02-11,2022-02-11,works,BAE Systems (Operations) Limited,ocds-h6vhtk-03168d,https://www.find-tender.service.gov.uk/Notice/004082-2022,https://www.find-tender.service.gov.uk/api/1.0/ocdsRecordPackages/ocds-h6vhtk-03168d
BAE Systems PLC,UK,name,No end date,Ministry of Defence,Hawk Future Support Solution,Contract,1,1,560000000.0,contract,GBP,,,,,2022-02-21,2022-02-24,services,BAE SYSTEMS (Operations) Limited,ocds-h6vhtk-031b03,https://www.find-tender.service.gov.uk/Notice/005223-2022,https://www.find-tender.service.gov.uk/api/1.0/ocdsRecordPackages/ocds-h6vhtk-031b03
BAE Systems PLC,UK,name,No end date,University of Leeds,Modification of the FAAM Atmospheric Research Aircraft (ARA) via Mid Life Upgrade.,Contract,1,1,30000000.0,contract,GBP,,,,,2022-03-15,2022-03-17,services,BAE Systems (Operations) Limited,ocds-h6vhtk-032348,https://www.find-tender.service.gov.uk/Notice/007342-2022,https://www.find-tender.service.gov.uk/api/1.0/ocdsRecordPackages/ocds-h6vhtk-032348
BAE Systems PLC,UK,name,No end date,Ministry of Defence,SME Support to Development of Bespoke RT 1045 SADM Model for Analytical Use,Contract,1,1,19400.0,contract,GBP,,,,,2022-03-22,2022-03-25,services,BAE Systems Australia Ltd,ocds-h6vhtk-03266b,https://www.find-tender.service.gov.uk/Notice/008145-2022,https://www.find-tender.service.gov.uk/api/1.0/ocdsRecordPackages/ocds-h6vhtk-03266b
BAE Systems PLC,UK,name,No end date,"Ministry of Defence - RAF High Wycombe, Air Commercial",704030450-Hawk TMk2A Release to Service,Contract,1,1,1639000.0,contract,GBP,,,,,2022-05-23,2022-05-23,services,BAE Systems (Operations) Limited,ocds-h6vhtk-033d04,https://www.find-tender.service.gov.uk/Notice/013919-2022,https://www.find-tender.service.gov.uk/api/1.0/ocdsRecordPackages/ocds-h6vhtk-033d04
BAE Systems PLC,UK,name,No end date,Ministry of Defence,Support of ALE 47 AND M147 Counter Measure Dispensing Systems (CMDS),Contract,1,1,5000000.0,contract,USD,,,,,2022-07-25,2022-08-01,services,BAE SYSTEMS INFORMATION AND ELECTRONIC SYSTEMS INTEGRATION INC.,ocds-h6vhtk-0357ca,https://www.find-tender.service.gov.uk/Notice/020939-2022,https://www.find-tender.service.gov.uk/api/1.0/ocdsRecordPackages/ocds-h6vhtk-0357ca
BAE Systems PLC,UK,name,No end date,Ministry of Defence,Hawk T1 Aircrew Ground and Synthetic Training Service,Contract,1,1,18500000.0,contract,GBP,,,,,2022-10-05,2022-10-24,services,BAE SYSTEMS (Operations) Limited,ocds-h6vhtk-037bc4,https://www.find-tender.service.gov.uk/Notice/029972-2022,https://www.find-tender.service.gov.uk/api/1.0/ocdsRecordPackages/ocds-h6vhtk-037bc4
BAE Systems PLC,UK,name,No end date,Ministry of Defence,"In Service Support for Combat Management Systems, Shared Infrastructure and Networks",Contract,1,1,287634000.0,contract,GBP,,,,,2022-11-23,2022-11-23,services,BAE Systems Surface Ships Ltd,ocds-h6vhtk-03877f,https://www.find-tender.service.gov.uk/Notice/033159-2022,https://www.find-tender.service.gov.uk/api/1.0/ocdsRecordPackages/ocds-h6vhtk-03877f
BAE Systems PLC,UK,name,No end date,Ministry of Defence,Support to Mission Planning Environment (MPE) Trials,Contract,1,1,2500000.0,contract,GBP,,,,,2022-11-01,2023-03-15,services,BAE Systems (Operations) Ltd,ocds-h6vhtk-03b33f,https://www.find-tender.service.gov.uk/Notice/007614-2023,https://www.find-tender.service.gov.uk/api/1.0/ocdsRecordPackages/ocds-h6vhtk-03b33f
BAE Systems PLC,UK,name,No end date,Ministry of Defence,3508000,Contract,1,1,,tender,GBP,,,,,2023-07-28,2023-07-28,services,Bae Systems (Operations) Limited,ocds-h6vhtk-03eb26,https://www.find-tender.service.gov.uk/Notice/021947-2023,https://www.find-tender.service.gov.uk/api/1.0/ocdsRecordPackages/ocds-h6vhtk-03eb26
BAE Systems PLC,UK,name,No end date,Lightning Delivery Team,Support to Mission Planning Environment (MPE) Trials,Contract,1,1,2545000.0,contract,GBP,,,,,2023-09-07,2023-09-12,services,BAE Systems (Operations) Ltd – Air,ocds-h6vhtk-03fc1e,https://www.find-tender.service.gov.uk/Notice/026975-2023,https://www.find-tender.service.gov.uk/api/1.0/ocdsRecordPackages/ocds-h6vhtk-03fc1e
BAE Systems PLC,UK,name,No end date,Ministry of Defence,Lipless Firing Needle Assemblies,Contract,1,1,578898.0,contract,GBP,,,,,2023-09-22,2023-11-08,goods,Rheinmetall BAE Systems Land (RBSL) Limited,ocds-h6vhtk-0416f0,https://www.find-tender.service.gov.uk/Notice/033122-2023,https://www.find-tender.service.gov.uk/api/1.0/ocdsRecordPackages/ocds-h6vhtk-0416f0
BAE Systems PLC,UK,name,No end date,MINISTRY OF DEFENCE,MONET ACADEMIC SUPPORT,Contract,1,1,321887.78,contract,GBP,,,,,2024-03-25,2024-04-30,services,BAE SYSTEMS,ocds-h6vhtk-045629,https://www.find-tender.service.gov.uk/Notice/013918-2024,https://www.find-tender.service.gov.uk/api/1.0/ocdsRecordPackages/ocds-h6vhtk-045629
BAE Systems PLC,UK,name,No end date,MINISTRY OF DEFENCE,Operational Analysis & Data  Science Support.,Contract,1,1,7574910.36,contract,GBP,,,,,2024-09-11,2024-10-25,services,BAE Systems Applied Intelligence,ocds-h6vhtk-04b148,https://www.find-tender.service.gov.uk/Notice/034625-2024,https://www.find-tender.service.gov.uk/api/1.0/ocdsRecordPackages/ocds-h6vhtk-04b148
BAE Systems PLC,UK,name,No end date,Ministry of Defence,Commercial X Dynamic Market,Framework / multi-supplier,39,1,,tender,GBP,,,,,,2025-07-08,services,BAE SYSTEMS APPLIED INTELLIGENCE LIMITED,ocds-h6vhtk-054901,https://www.find-tender.service.gov.uk/api/1.0/ocdsRecordPackages/ocds-h6vhtk-054901,https://www.find-tender.service.gov.uk/api/1.0/ocdsRecordPackages/ocds-h6vhtk-054901
BAE Systems PLC,UK,name,No end date,Ministry of Defence,Motion Control Spares & Repairs,Contract,1,2,112562098.8,contract,GBP,,,,,2021-08-09,2021-12-16,goods,BAE SYSTEMS SURFACE SHIPS LIMITED; BAE Systems Surface Ships Limited,ocds-h6vhtk-02d2a9,https://www.find-tender.service.gov.uk/Notice/031523-2021,https://www.find-tender.service.gov.uk/api/1.0/ocdsRecordPackages/ocds-h6vhtk-02d2a9
BAE Systems PLC,UK,name,No end date,Ministry of Defence,Support of ALE 47 AND M147 Counter Measure Dispensing Systems (CMDS),Contract,1,1,5000000.0,contract,GBP,,,,,2022-02-23,2022-03-01,services,BAE SYSTEMS INFORMATION AND ELECTRONIC SYSTEMS INTEGRATION INC.,ocds-h6vhtk-031c9f,https://www.find-tender.service.gov.uk/Notice/005635-2022,https://www.find-tender.service.gov.uk/api/1.0/ocdsRecordPackages/ocds-h6vhtk-031c9f
BAE Systems PLC,UK,name,No end date,Ministry of Defence,ASW Spearhead Annex C,Contract,1,2,15087064.0,contract,GBP,,,,,2022-06-10,2022-12-19,services,BAE Systems Applied Intelligence Ltd,ocds-h6vhtk-03452e,https://www.find-tender.service.gov.uk/Notice/016009-2022,https://www.find-tender.service.gov.uk/api/1.0/ocdsRecordPackages/ocds-h6vhtk-03452e
BAE Systems PLC,UK,name,No end date,Ministry of Defence,250000,Contract,1,1,,tender,GBP,,,,,2022-10-10,2022-10-13,goods,BAE Systems Ltd,ocds-h6vhtk-037540,https://www.find-tender.service.gov.uk/Notice/028769-2022,https://www.find-tender.service.gov.uk/api/1.0/ocdsRecordPackages/ocds-h6vhtk-037540
BAE Systems PLC,UK,name,No end date,MINISTRY OF DEFENCE,T101 Contractual Logistical Support Contract,Contract,1,1,7332949.22,contract,GBP,,,,,2022-10-31,2023-01-26,services,BAE Systems Maritime Services,ocds-h6vhtk-039ac0,https://www.find-tender.service.gov.uk/Notice/002386-2023,https://www.find-tender.service.gov.uk/api/1.0/ocdsRecordPackages/ocds-h6vhtk-039ac0
BAE Systems PLC,UK,name,No end date,Ministry of Defence,Abbot Kits,Framework / multi-supplier,1,1,,tender,GBP,,,,,2023-02-08,2023-02-08,goods,BAE Systems GCS International LTD,ocds-h6vhtk-03a3e9,https://www.find-tender.service.gov.uk/Notice/003874-2023,https://www.find-tender.service.gov.uk/api/1.0/ocdsRecordPackages/ocds-h6vhtk-03a3e9
BAE Systems PLC,UK,name,No end date,Ministry of Defence,The Repair of Various Line Replacement Units (LRU’s) and Associated items,Framework / multi-supplier,1,1,4000000.0,contract,GBP,,,,,2023-02-03,2023-03-06,services,Rheinmetall BAE Systems Land,ocds-h6vhtk-03ae6c,https://www.find-tender.service.gov.uk/Notice/006470-2023,https://www.find-tender.service.gov.uk/api/1.0/ocdsRecordPackages/ocds-h6vhtk-03ae6c
BAE Systems PLC,UK,name,No end date,Ministry of Defence,CSC & ROCU Laptops,Contract,1,1,1729000.0,contract,GBP,,,,,2023-06-27,2023-06-27,goods,Rheinmetall BAE Systems Land (RBSL),ocds-h6vhtk-03dcd8,https://www.find-tender.service.gov.uk/Notice/018269-2023,https://www.find-tender.service.gov.uk/api/1.0/ocdsRecordPackages/ocds-h6vhtk-03dcd8
BAE Systems PLC,UK,name,No end date,Ministry of Defence,"4,000,000",Contract,1,1,4000000.0,contract,GBP,,,,,2023-06-26,2023-06-26,services,BAE Systems Bofors AB,ocds-h6vhtk-03dc9c,https://www.find-tender.service.gov.uk/Notice/018151-2023,https://www.find-tender.service.gov.uk/api/1.0/ocdsRecordPackages/ocds-h6vhtk-03dc9c
BAE Systems PLC,UK,name,No end date,Ministry of Defence,RA1162 Support Contract,Contract,1,1,3508000.0,contract,GBP,,,,,2023-10-18,2023-11-08,services,BAE Systems (Operations) Limited,ocds-h6vhtk-0416bf,https://www.find-tender.service.gov.uk/Notice/033044-2023,https://www.find-tender.service.gov.uk/api/1.0/ocdsRecordPackages/ocds-h6vhtk-0416bf
BAE Systems PLC,UK,name,No end date,MINISTRY OF DEFENCE,NJORD Framework - Contract Award Notice - February 2024,Framework / multi-supplier,1,1,1.0,contract,GBP,,,,,2024-02-27,2024-03-14,goods,BAE Systems Surface Ships Limited,ocds-h6vhtk-044865,https://www.find-tender.service.gov.uk/Notice/008124-2024,https://www.find-tender.service.gov.uk/api/1.0/ocdsRecordPackages/ocds-h6vhtk-044865
BAE Systems PLC,UK,name,No end date,Ministry of Defence,"708509450 - Interim Spares Provisioning, Batch 1, MSS/179",Contract,1,1,17271.14,contract,GBP,,,,,2024-04-10,2024-05-16,goods,BAE Systems Surface Ships Limited,ocds-h6vhtk-0459f9,https://www.find-tender.service.gov.uk/Notice/015510-2024,https://www.find-tender.service.gov.uk/api/1.0/ocdsRecordPackages/ocds-h6vhtk-0459f9
BAE Systems PLC,UK,name,No end date,Ministry of Defence,,Contract,1,1,4904844.0,contract,GBP,,,,,2024-07-01,2024-07-18,services,BAE Systems (Operations) Limited,ocds-h6vhtk-047e62,https://www.find-tender.service.gov.uk/Notice/022223-2024,https://www.find-tender.service.gov.uk/api/1.0/ocdsRecordPackages/ocds-h6vhtk-047e62
BAE Systems PLC,UK,name,No end date,Ministry of Defence,Precision Gunnery Training Equipment (PGTE) & Terrier Training System (TTS) for Contractor Logistic Support (CLS) & Post Design Services (PDS),Contract,1,1,14000000.0,contract,GBP,,,,,2024-08-22,2024-08-23,services,Rheinmetall BAE Systems Land,ocds-h6vhtk-04936e,https://www.find-tender.service.gov.uk/Notice/027021-2024,https://www.find-tender.service.gov.uk/api/1.0/ocdsRecordPackages/ocds-h6vhtk-04936e
BAE Systems PLC,UK,name,No end date,Ministry of Defence,(FTUAS) Integration into T23 Combat Management,Contract,1,2,3324573.0,contract,GBP,,,,,2021-11-25,2022-05-31,services,BAE SYSTEMS SURFACE SHIPS; BAE Systems Surface Ships Ltd,ocds-h6vhtk-02fa4d,https://www.find-tender.service.gov.uk/Notice/029406-2021,https://www.find-tender.service.gov.uk/api/1.0/ocdsRecordPackages/ocds-h6vhtk-02fa4d
BAE Systems PLC,UK,name,No end date,Ministry of Defence,AVPISP/00138 -  Littoral Future PDS,Contract,1,1,11768000.0,contract,GBP,,,,,2021-12-07,2021-12-07,services,BAE Systems Hägglunds AB,ocds-h6vhtk-02fe66,https://www.find-tender.service.gov.uk/Notice/030447-2021,https://www.find-tender.service.gov.uk/api/1.0/ocdsRecordPackages/ocds-h6vhtk-02fe66
BAE Systems PLC,UK,name,No end date,Ministry of Defence,C-130J Core Map And Storage System (CoMPASS),Contract,1,1,55619.52,contract,GBP,,,,,2022-01-24,2022-03-11,services,BAE Systems (Operations) Limited,ocds-h6vhtk-032121,https://www.find-tender.service.gov.uk/Notice/006791-2022,https://www.find-tender.service.gov.uk/api/1.0/ocdsRecordPackages/ocds-h6vhtk-032121
BAE Systems PLC,UK,name,No end date,Ministry of Defence,Hawk Integrated Support Solution,Contract,1,1,591095759.0,contract,GBP,,,,,2022-03-24,2022-05-24,services,BAE SYSTEMS (Operations) Limited,ocds-h6vhtk-033e3c,https://www.find-tender.service.gov.uk/Notice/014231-2022,https://www.find-tender.service.gov.uk/api/1.0/ocdsRecordPackages/ocds-h6vhtk-033e3c
BAE Systems PLC,UK,name,No end date,Ministry of Defence,APAC24 Support,Contract,1,2,985997.49,contract,GBP,,,,,2022-08-24,2023-10-03,services,BAE Systems Maritime Services; BAE Systems Surface Ships Ltd,ocds-h6vhtk-036271,https://www.find-tender.service.gov.uk/Notice/023604-2022,https://www.find-tender.service.gov.uk/api/1.0/ocdsRecordPackages/ocds-h6vhtk-036271
BAE Systems PLC,UK,name,No end date,Ministry of Defence,Command Management System (CMS) Joint Support Solution 2 (JSS2) - Contract Amendment,Contract,1,1,10000000.0,contract,GBP,,,,,2022-10-07,2022-10-07,services,BAE Systems Surface Ships Ltd,ocds-h6vhtk-0373f3,https://www.find-tender.service.gov.uk/Notice/028267-2022,https://www.find-tender.service.gov.uk/api/1.0/ocdsRecordPackages/ocds-h6vhtk-0373f3
BAE Systems PLC,UK,name,No end date,Ministry of Defence,https://www.contracts.mod.uk/web/user-guide.html,Contract,1,1,,tender,GBP,,,,,2023-02-01,2023-02-01,services,BAE Systems GCS International Ltd,ocds-h6vhtk-03a1ef,https://www.find-tender.service.gov.uk/Notice/003095-2023,https://www.find-tender.service.gov.uk/api/1.0/ocdsRecordPackages/ocds-h6vhtk-03a1ef
BAE Systems PLC,UK,name,No end date,Ministry of Defence,Ship Sensor and Monitoring System (SSAMS),Contract,1,1,4900000.0,contract,GBP,,,,,2023-02-17,2023-03-15,services,BAE Systems,ocds-h6vhtk-03b2fb,https://www.find-tender.service.gov.uk/Notice/007508-2023,https://www.find-tender.service.gov.uk/api/1.0/ocdsRecordPackages/ocds-h6vhtk-03b2fb
BAE Systems PLC,UK,name,No end date,Ministry of Defence,Modification to Lipless Firing Needle Assembly,Contract,1,1,578899.0,contract,GBP,,,,,2023-07-20,2023-07-24,goods,Rheinmetall BAE Systems Land (RBSL) ltd,ocds-h6vhtk-03e4e9,https://www.find-tender.service.gov.uk/Notice/021360-2023,https://www.find-tender.service.gov.uk/api/1.0/ocdsRecordPackages/ocds-h6vhtk-03e4e9
BAE Systems PLC,UK,name,No end date,Ministry of Defence,The Supply of the Falcon Training Service (WANT),Contract,1,1,4950000.0,contract,GBP,,,,,2024-03-25,2024-03-25,services,BAE Systems Digital Intelligence,ocds-h6vhtk-044c95,https://www.find-tender.service.gov.uk/Notice/009685-2024,https://www.find-tender.service.gov.uk/api/1.0/ocdsRecordPackages/ocds-h6vhtk-044c95
BAE Systems PLC,UK,name,No end date,Mod Donnington,"The Supply of Viking, BV206 and BRV Spares",Framework / multi-supplier,1,1,16000000.0,contract,GBP,,,,,2023-11-23,2024-04-23,goods,BAE Systems Hagglunds AB,ocds-h6vhtk-045450,https://www.find-tender.service.gov.uk/Notice/013079-2024,https://www.find-tender.service.gov.uk/api/1.0/ocdsRecordPackages/ocds-h6vhtk-045450
BAE Systems PLC,UK,name,No end date,Foreign Commonwealth and Development Office,Managed Financial Services,Contract,1,1,4015460.0,contract,GBP,,,,,2024-03-21,2024-05-13,services,BAE Systems Applied Intelligence Limited,ocds-h6vhtk-045934,https://www.find-tender.service.gov.uk/Notice/015175-2024,https://www.find-tender.service.gov.uk/api/1.0/ocdsRecordPackages/ocds-h6vhtk-045934
BAE Systems PLC,UK,name,No end date,Ministry of Defence,,Contract,1,1,1731225.0,contract,GBP,,,,,2024-02-05,2025-01-23,goods,Rheinmetall BAE Systems Land (RBSL),ocds-h6vhtk-04d5ad,https://www.find-tender.service.gov.uk/Notice/002348-2025,https://www.find-tender.service.gov.uk/api/1.0/ocdsRecordPackages/ocds-h6vhtk-04d5ad
BAE Systems PLC,UK,name,No end date,Ministry of Defence,Post Design Services and Industrial Support for the Air Defence Training Simulator,Contract,1,1,1950000.0,contract,GBP,,,,,2025-02-11,2025-02-27,services,BAE Systems – Digital Intelligence - C5ISR,ocds-h6vhtk-04e7e8,https://www.find-tender.service.gov.uk/Notice/007207-2025,https://www.find-tender.service.gov.uk/api/1.0/ocdsRecordPackages/ocds-h6vhtk-04e7e8
BAE Systems PLC,UK,name,No end date,Ministry of Defence,715643455 - CRARRV Brake Light Kits Procurement VTN,Contract,1,1,1660636.94,contract,GBP,,,,,2025-08-01,2025-09-18,goods,Rheinmetall BAE Systems Land Ltd,ocds-h6vhtk-059da6,https://www.find-tender.service.gov.uk/Notice/057906-2025,https://www.find-tender.service.gov.uk/api/1.0/ocdsRecordPackages/ocds-h6vhtk-059da6
BAE Systems PLC,UK,name,No end date,Ministry of Defence,715643455 CRARRV Brake Light Kits Procurement F18 CAN,Contract,1,1,1644334.52,contract,GBP,,,,,2025-12-04,2026-03-18,goods,Rheinmetall BAE Systems Land (RBSL) Limited,ocds-h6vhtk-066d34,https://www.find-tender.service.gov.uk/Notice/024463-2026,https://www.find-tender.service.gov.uk/api/1.0/ocdsRecordPackages/ocds-h6vhtk-066d34
BAE Systems PLC,UK,name,No end date,Home Office,Cyber Security,Framework / multi-supplier,1,4,368000000.0,contract,GBP,,2026-09-26,,,2022-10-17,2022-11-22,services,BAE Systems Applied Intelligence Limited,ocds-h6vhtk-02f3d6,https://www.find-tender.service.gov.uk/Notice/033051-2022,https://www.find-tender.service.gov.uk/api/1.0/ocdsRecordPackages/ocds-h6vhtk-02f3d6
Boeing Co,USA,name,No end date,Ministry of Defence,E7 Wedgetail Infrastructure RIBA 4-6,Contract,1,1,79619028.0,contract,GBP,,,,,2023-01-31,2023-03-14,works,Boeing Defence UK Ltd,ocds-h6vhtk-03b292,https://www.find-tender.service.gov.uk/Notice/007355-2023,https://www.find-tender.service.gov.uk/api/1.0/ocdsRecordPackages/ocds-h6vhtk-03b292
Boeing Co,USA,name,No end date,Ministry of Defence,Defence Operational Training Capability (Air) Core Systems and Services Contract Extension,Contract,1,1,25000000.0,contract,GBP,,,,,2025-04-03,2025-04-04,services,Boeing Defence United Kingdom Limited,ocds-h6vhtk-04fd29,https://www.find-tender.service.gov.uk/Notice/013022-2025,https://www.find-tender.service.gov.uk/api/1.0/ocdsRecordPackages/ocds-h6vhtk-04fd29
Boeing Co,USA,name,No end date,Ministry of Defence,701760450 - AHCSP/0005: Long Term Training and Support Service for Apache AH-64E Air Sys,Contract,1,1,285915332.0,contract,GBP,,,,,2021-12-21,2022-01-24,services,Boeing Defence UK,ocds-h6vhtk-030ec4,https://www.find-tender.service.gov.uk/Notice/002091-2022,https://www.find-tender.service.gov.uk/api/1.0/ocdsRecordPackages/ocds-h6vhtk-030ec4
Cadre Holdings Inc,USA,name,No end date,Scottish Police Authority,Award Notice - Direct Award YPO Framework,Framework / multi-supplier,1,1,100000000.0,contract,GBP,,,,,2024-08-05,2025-03-21,goods,Safariland UK Ltd,ocds-h6vhtk-044b75,https://www.find-tender.service.gov.uk/Notice/030543-2024,https://www.find-tender.service.gov.uk/api/1.0/ocdsRecordPackages/ocds-h6vhtk-044b75
Cadre Holdings Inc,USA,name,No end date,Police And Crime Commissioner For Durham,Body Armour,Contract,1,1,450000.0,contract,GBP,,,,,2025-10-24,2026-01-26,goods,Safariland,ocds-h6vhtk-060ec9,https://www.find-tender.service.gov.uk/Notice/006747-2026,https://www.find-tender.service.gov.uk/api/1.0/ocdsRecordPackages/ocds-h6vhtk-060ec9
Cadre Holdings Inc,USA,name,No end date,West Midlands Ambulance Service NHS Foundation Trust,Ballistic PPE - Body Armour,Framework / multi-supplier,2,1,4000000.0,contract,GBP,,,,,2023-02-21,2023-03-25,goods,Safariland UK LTD (Secondary Supplier),ocds-h6vhtk-03b61d,https://www.find-tender.service.gov.uk/Notice/008751-2023,https://www.find-tender.service.gov.uk/api/1.0/ocdsRecordPackages/ocds-h6vhtk-03b61d
Cadre Holdings Inc,USA,name,No end date,Northumbria Police,GP Body Armour,Contract,1,1,2822450.0,contract,GBP,,,,,2024-01-04,2024-02-05,goods,Safariland UK,ocds-h6vhtk-04371f,https://www.find-tender.service.gov.uk/Notice/003669-2024,https://www.find-tender.service.gov.uk/api/1.0/ocdsRecordPackages/ocds-h6vhtk-04371f
Caterpillar Inc,USA,name,No end date,Ministry of Defence,The Supply of Perkins spares for the CV8 & CV12 engines and the X300 transmission system,Framework / multi-supplier,1,1,20000000.0,contract,GBP,,,,,2022-11-28,2022-11-30,goods,Perkins Engines Company Limited,ocds-h6vhtk-038990,https://www.find-tender.service.gov.uk/Notice/033962-2022,https://www.find-tender.service.gov.uk/api/1.0/ocdsRecordPackages/ocds-h6vhtk-038990
Cellebrite DI Ltd,Israel,name,No end date,Police and Crime Commissioner for North Wales Police & North Wales Police ,Digital Intelligence Solutions – Cellebrite Software,Contract,1,1,252000.0,contract,GBP,,,,,2022-08-29,2022-09-12,services,Cellebrite Ltd,ocds-h6vhtk-0367d3,https://www.find-tender.service.gov.uk/Notice/025574-2022,https://www.find-tender.service.gov.uk/api/1.0/ocdsRecordPackages/ocds-h6vhtk-0367d3
Cellebrite DI Ltd,Israel,name,No end date,POLICE & CRIME COMMISSIONER FOR CLEVELAND,Forensic Data Extraction,Contract,1,1,221813.89,contract,GBP,,,,,2023-01-26,2023-01-26,services,Cellebrite,ocds-h6vhtk-039ada,https://www.find-tender.service.gov.uk/Notice/002421-2023,https://www.find-tender.service.gov.uk/api/1.0/ocdsRecordPackages/ocds-h6vhtk-039ada
Cemex SAB de CV,Mexico,name,No end date,Derbyshire County Council,ETE067 - Supply of Coated Roadstone Materials,Framework / multi-supplier,1,1,2000000.0,contract,GBP,,,,,2022-01-04,2022-01-19,goods,Cemex UK Operations Ltd,ocds-h6vhtk-02e90c,https://www.find-tender.service.gov.uk/Notice/001574-2022,https://www.find-tender.service.gov.uk/api/1.0/ocdsRecordPackages/ocds-h6vhtk-02e90c
Cemex SAB de CV,Mexico,name,No end date,Derbyshire County Council,ETE066 - Supply of Dry Roadstone Materials,Framework / multi-supplier,1,1,3000000.0,contract,GBP,,,,,2022-01-05,2022-01-11,goods,Cemex UK Operations Ltd,ocds-h6vhtk-02e906,https://www.find-tender.service.gov.uk/Notice/000762-2022,https://www.find-tender.service.gov.uk/api/1.0/ocdsRecordPackages/ocds-h6vhtk-02e906
Colt CZ Group SE,Czech Republic,name,No end date,Babcock Land Defence Limited,,Contract,1,1,1000000.0,contract,GBP,,,,,2022-07-29,2022-12-21,goods,Colt Canada Corporation,ocds-h6vhtk-03931e,https://www.find-tender.service.gov.uk/Notice/036126-2022,https://www.find-tender.service.gov.uk/api/1.0/ocdsRecordPackages/ocds-h6vhtk-03931e
Elbit Systems Ltd,Israel,name,No end date,Ministry of Defence,,Contract,1,1,22573.0,contract,GBP,,,,,2023-03-13,2023-03-24,goods,INSTRO Precision LTD,ocds-h6vhtk-03b5b9,https://www.find-tender.service.gov.uk/Notice/008607-2023,https://www.find-tender.service.gov.uk/api/1.0/ocdsRecordPackages/ocds-h6vhtk-03b5b9
Elbit Systems Ltd,Israel,name,No end date,Government Commercial Agency,Space Technology Solutions,Framework / multi-supplier,95,65,,tender,GBP,,,,,,2026-10-01,goods,ELBIT SYSTEMS UK LIMITED,ocds-h6vhtk-0510f8,https://www.find-tender.service.gov.uk/api/1.0/ocdsRecordPackages/ocds-h6vhtk-0510f8,https://www.find-tender.service.gov.uk/api/1.0/ocdsRecordPackages/ocds-h6vhtk-0510f8
Elbit Systems Ltd,Israel,name,No end date,Ministry of Defence,,Contract,1,1,0.0,contract,GBP,,,,,2022-12-20,2023-02-22,services,Elbit Defence Systems UK Ltd,ocds-h6vhtk-03a78b,https://www.find-tender.service.gov.uk/Notice/005325-2023,https://www.find-tender.service.gov.uk/api/1.0/ocdsRecordPackages/ocds-h6vhtk-03a78b
GE Aerospace,USA,name,No end date,Ministry of Defence,Support to Generic Helicopter Health and Usage Monitoring System,Contract,1,1,,tender,GBP,,,,,2023-05-15,2023-05-15,goods,General Electric (GE) Aviation System Limited,ocds-h6vhtk-03c8cb,https://www.find-tender.service.gov.uk/Notice/013784-2023,https://www.find-tender.service.gov.uk/api/1.0/ocdsRecordPackages/ocds-h6vhtk-03c8cb
GE Aerospace,USA,name,No end date,Ministry of Defence,Support to Generic Helicopter Health and Usage Monitoring System,Contract,1,1,,tender,GBP,,,,,2023-05-15,2025-01-30,goods,General Electric (GE) Aviation System Limited,ocds-h6vhtk-04d764,https://www.find-tender.service.gov.uk/Notice/003123-2025,https://www.find-tender.service.gov.uk/api/1.0/ocdsRecordPackages/ocds-h6vhtk-04d764
General Dynamics Corp,USA,name,No end date,Ministry of Defence,Foxhound Command Variant,Contract,1,1,19760000.0,contract,GBP,,,,,2023-11-23,2023-11-23,services,General Dynamics Land Systems UK,ocds-h6vhtk-041c4a,https://www.find-tender.service.gov.uk/Notice/034677-2023,https://www.find-tender.service.gov.uk/api/1.0/ocdsRecordPackages/ocds-h6vhtk-041c4a
General Dynamics Corp,USA,name,No end date,Ministry of Defence,JSENS/00196 H21 Cabling,Contract,1,1,12400.0,contract,GBP,,,,,2024-05-15,2024-07-01,goods,General Dynamics United Kingdom Limited,ocds-h6vhtk-0478a1,https://www.find-tender.service.gov.uk/Notice/019901-2024,https://www.find-tender.service.gov.uk/api/1.0/ocdsRecordPackages/ocds-h6vhtk-0478a1
General Dynamics Corp,USA,name,No end date,Ministry of Defence,FOXHOUND TECHNICAL DEMONSTRATOR,Contract,1,1,19800000.0,contract,GBP,,,,,2024-07-12,2024-07-12,goods,GENERAL DYNAMICS LAND SYSTEMS UK,ocds-h6vhtk-047cde,https://www.find-tender.service.gov.uk/Notice/021358-2024,https://www.find-tender.service.gov.uk/api/1.0/ocdsRecordPackages/ocds-h6vhtk-047cde
General Dynamics Corp,USA,name,No end date,Ministry of Defence,M3 & BSIA In-Service Support,Contract,1,1,38000000.0,contract,GBP,,,,,2023-02-15,2023-02-16,services,General Dynamics European Land Systems,ocds-h6vhtk-03a60d,https://www.find-tender.service.gov.uk/Notice/004719-2023,https://www.find-tender.service.gov.uk/api/1.0/ocdsRecordPackages/ocds-h6vhtk-03a60d
General Dynamics Corp,USA,name,No end date,Ministry of Defence,BSIA In-Service Support,Contract,1,1,500000.0,contract,GBP,,,,,2023-02-17,2023-02-22,services,General Dynamics European Land Systems - Bridging Systems,ocds-h6vhtk-03a782,https://www.find-tender.service.gov.uk/Notice/005311-2023,https://www.find-tender.service.gov.uk/api/1.0/ocdsRecordPackages/ocds-h6vhtk-03a782
General Dynamics Corp,USA,name,No end date,Ministry of Defence,,Contract,1,1,3224465.0,contract,GBP,,,,,2024-04-26,2024-04-29,goods,General Dynamics,ocds-h6vhtk-0455a9,https://www.find-tender.service.gov.uk/Notice/013695-2024,https://www.find-tender.service.gov.uk/api/1.0/ocdsRecordPackages/ocds-h6vhtk-0455a9
Heidelberg Materials AG,Germany,name,No end date,Dorset Council,Lot 1 - Ready Mix Concrete Lot 2 - Dry Stone Aggregates Lot 3 - Coated Materials Lot 4 - Surface Dressing Aggregates,Framework / multi-supplier,1,1,10000000.0,tender,GBP,,,,,2022-12-16,2022-12-19,goods,Hanson UK,ocds-h6vhtk-036977,https://www.find-tender.service.gov.uk/Notice/035791-2022,https://www.find-tender.service.gov.uk/api/1.0/ocdsRecordPackages/ocds-h6vhtk-036977
Heidelberg Materials AG,Germany,name,No end date,AFFINITY WATER LIMITED,"UVDB Powered by Achilles QUDM for Goods, Works and Services",Framework / multi-supplier,550,1,,tender,GBP,,,,,,2026-08-19,services,HANSON QUARRY PRODUCTS EUROPE LIMITED,ocds-h6vhtk-04e7a8,https://www.find-tender.service.gov.uk/api/1.0/ocdsRecordPackages/ocds-h6vhtk-04e7a8,https://www.find-tender.service.gov.uk/api/1.0/ocdsRecordPackages/ocds-h6vhtk-04e7a8
Heidelberg Materials AG,Germany,name,No end date,Gateshead Council,TCF - Metro Green - Carriageway Surfacing and Raised Plateau Installation,Contract,1,1,45789.29,contract,GBP,,,,,2024-10-16,2024-11-27,works,Hanson Quarry Products,ocds-h6vhtk-04c081,https://www.find-tender.service.gov.uk/Notice/038329-2024,https://www.find-tender.service.gov.uk/api/1.0/ocdsRecordPackages/ocds-h6vhtk-04c081
Heidelberg Materials AG,Germany,name,No end date,The Council of the Borough of Kirklees,KMCHS-429 Framework for Surfacing and Planing Works - Yorkshire Alliance Contract,Framework / multi-supplier,11,6,82000000.0,contract,GBP,,,,,2025-03-29,2025-05-22,works,Hanson Quarry Products Europe Ltd,ocds-h6vhtk-04d6c5,https://www.find-tender.service.gov.uk/Notice/024993-2025,https://www.find-tender.service.gov.uk/api/1.0/ocdsRecordPackages/ocds-h6vhtk-04d6c5
Honeywell Aerospace Inc,USA,check,No end date,North Cumbria Integrated Care NHS Trust,Honeywell building control system,Contract,1,2,704000.0,contract,GBP,,,,,2022-03-09,2022-03-21,goods,Honeywell Control Systems Ltd,ocds-h6vhtk-031f9a,https://www.find-tender.service.gov.uk/Notice/006401-2022,https://www.find-tender.service.gov.uk/api/1.0/ocdsRecordPackages/ocds-h6vhtk-031f9a
Honeywell Aerospace Inc,USA,check,No end date,Ministry of Defence,Subject Matter Expert (SME) Support for Initial Certification,Contract,1,1,213876.15,contract,USD,,,,,2022-05-31,2023-01-26,services,Honeywell International Inc.,ocds-h6vhtk-039af4,https://www.find-tender.service.gov.uk/Notice/002458-2023,https://www.find-tender.service.gov.uk/api/1.0/ocdsRecordPackages/ocds-h6vhtk-039af4
Honeywell Aerospace Inc,USA,check,No end date,NHS Wales Shared Services Partnership-Procurement Services (hosted by Velindre University NHS Trust),Improved Building Management System for Hospital,Contract,1,2,1573200.0,contract,GBP,,,,,2023-06-20,2023-09-08,works,Honeywell Building Solutions,ocds-h6vhtk-03d85a,https://www.find-tender.service.gov.uk/Notice/017707-2023,https://www.find-tender.service.gov.uk/api/1.0/ocdsRecordPackages/ocds-h6vhtk-03d85a
Honeywell Aerospace Inc,USA,check,No end date,University of Dundee,Honeywell Control System,Contract,1,1,740000.0,contract,GBP,,,,,2023-07-03,2023-09-01,services,Honeywell Control Systems Ltd,ocds-h6vhtk-03f8e8,https://www.find-tender.service.gov.uk/Notice/025781-2023,https://www.find-tender.service.gov.uk/api/1.0/ocdsRecordPackages/ocds-h6vhtk-03f8e8
Honeywell Aerospace Inc,USA,check,No end date,NHS Wales Shared Services Partnership-Procurement Services (hosted by Velindre University NHS Trust),BMS Upgrades - Betsi Cadwaladr UHB (West),Contract,1,2,321818.0,contract,GBP,,,,,2023-08-03,2025-01-22,services,Honeywell Building Solutions,ocds-h6vhtk-03ecdd,https://www.find-tender.service.gov.uk/Notice/022641-2023,https://www.find-tender.service.gov.uk/api/1.0/ocdsRecordPackages/ocds-h6vhtk-03ecdd
Honeywell Aerospace Inc,USA,check,No end date,NHS Shared Business Services Limited,Hard Facilities Management 2,Framework / multi-supplier,1,1,800000000.0,contract,GBP,,,,,2022-04-12,2022-06-23,services,Honeywell Building Solutions,ocds-h6vhtk-03485a,https://www.find-tender.service.gov.uk/Notice/016821-2022,https://www.find-tender.service.gov.uk/api/1.0/ocdsRecordPackages/ocds-h6vhtk-03485a
Honeywell Aerospace Inc,USA,check,No end date,London Borough of Hillingdon,"Mechanical, Electrical & HVAC Contract for Civic Centre & Corporate Properties",Contract,1,1,433855.0,contract,GBP,,,,,2022-12-01,2023-07-17,services,HONEYWELL CONTROL SYSTEMS LIMITED,ocds-h6vhtk-03e267,https://www.find-tender.service.gov.uk/Notice/020434-2023,https://www.find-tender.service.gov.uk/api/1.0/ocdsRecordPackages/ocds-h6vhtk-03e267
International Business Machines Corp,USA,name,No end date,THAMES WATER UTILITIES LIMITED,Lot 1 - Strategy and operational model; Lot 2 - Performance improvement; Lot 3 - Project management,Framework / multi-supplier,1,1,136000000.0,tender,GBP,,,,,2023-05-31,2024-02-08,services,IBM United Kingdom Limited,ocds-h6vhtk-0300cf,https://www.find-tender.service.gov.uk/Notice/004262-2024,https://www.find-tender.service.gov.uk/api/1.0/ocdsRecordPackages/ocds-h6vhtk-0300cf
International Business Machines Corp,USA,name,No end date,GENOMICS ENGLAND LIMITED,Platform Engineering Services - Partner,Contract,1,1,2500000.0,contract,GBP,,,,,2021-11-07,2022-01-06,services,IBM UK Limited,ocds-h6vhtk-0307d5,https://www.find-tender.service.gov.uk/Notice/000320-2022,https://www.find-tender.service.gov.uk/api/1.0/ocdsRecordPackages/ocds-h6vhtk-0307d5
International Business Machines Corp,USA,name,No end date,Department for Work and Pensions,"IBM Services Special Option (SSSO) Offerings comprised of Products and Programs, IBM Subscription and Support (ecm_10789).",Contract,1,1,9950000.0,contract,GBP,,,,,2022-12-22,2023-01-23,goods,IBM UK Ltd,ocds-h6vhtk-0399f3,https://www.find-tender.service.gov.uk/Notice/002077-2023,https://www.find-tender.service.gov.uk/api/1.0/ocdsRecordPackages/ocds-h6vhtk-0399f3
International Business Machines Corp,USA,name,No end date,Ministry of Defence,HMT Lot 4.2 - Data as a Service,Contract,1,1,16068277.58,contract,GBP,,,,,2022-09-16,2023-02-28,services,IBM UK Ltd,ocds-h6vhtk-03acae,https://www.find-tender.service.gov.uk/Notice/005784-2023,https://www.find-tender.service.gov.uk/api/1.0/ocdsRecordPackages/ocds-h6vhtk-03acae
International Business Machines Corp,USA,name,No end date,Defra Network eTendering Portal,IBM Passport Renewal 2023,Contract,1,1,7130000.0,contract,GBP,,,,,2023-06-14,2024-02-14,services,IBM United Kingdom Limited,ocds-h6vhtk-0439ef,https://www.find-tender.service.gov.uk/Notice/004874-2024,https://www.find-tender.service.gov.uk/api/1.0/ocdsRecordPackages/ocds-h6vhtk-0439ef
International Business Machines Corp,USA,name,No end date,Government Commercial Agency,Space Technology Solutions,Framework / multi-supplier,95,24,,tender,GBP,,,,,,2026-10-01,goods,IBM UNITED KINGDOM LIMITED,ocds-h6vhtk-0510f8,https://www.find-tender.service.gov.uk/api/1.0/ocdsRecordPackages/ocds-h6vhtk-0510f8,https://www.find-tender.service.gov.uk/api/1.0/ocdsRecordPackages/ocds-h6vhtk-0510f8
International Business Machines Corp,USA,name,No end date,HM Revenue & Customs,HMRC Virtual Desktop Service (vSTRIDE),Contract,1,1,10103673.0,contract,GBP,,,,,2025-09-11,2025-09-29,services,IBM United kingdom limited,ocds-h6vhtk-05a3d4,https://www.find-tender.service.gov.uk/Notice/060427-2025,https://www.find-tender.service.gov.uk/api/1.0/ocdsRecordPackages/ocds-h6vhtk-05a3d4
International Business Machines Corp,USA,name,No end date,GENOMICS ENGLAND LIMITED,Software Engineering Services Interim - NGIS,Contract,1,1,4600000.0,contract,GBP,,,,,2021-11-07,2022-01-06,services,IBM UK Limited,ocds-h6vhtk-0307d1,https://www.find-tender.service.gov.uk/Notice/000316-2022,https://www.find-tender.service.gov.uk/api/1.0/ocdsRecordPackages/ocds-h6vhtk-0307d1
International Business Machines Corp,USA,name,No end date,UK Research & Innovation,UKRI-3081 Software Subscription and Support Renewal,Contract,1,1,137987.06,contract,GBP,,,,,2023-05-03,2023-05-04,goods,IBM UK Limited,ocds-h6vhtk-03c631,https://www.find-tender.service.gov.uk/Notice/012747-2023,https://www.find-tender.service.gov.uk/api/1.0/ocdsRecordPackages/ocds-h6vhtk-03c631
International Business Machines Corp,USA,name,No end date,GENOMICS ENGLAND LIMITED,Software Engineering Partner,Contract,1,1,875000.0,contract,GBP,,,,,2023-08-18,2024-01-22,services,IBM United Kingdom Limited,ocds-h6vhtk-042edd,https://www.find-tender.service.gov.uk/Notice/002068-2024,https://www.find-tender.service.gov.uk/api/1.0/ocdsRecordPackages/ocds-h6vhtk-042edd
International Business Machines Corp,USA,name,No end date,BlueLight Commercial ,RPA Professional Services,Framework / multi-supplier,1,2,52000000.0,contract,GBP,,,,,2025-08-21,2025-08-21,goods,IBM United Kingdom Limited,ocds-h6vhtk-04cc56,https://www.find-tender.service.gov.uk/Notice/050646-2025,https://www.find-tender.service.gov.uk/api/1.0/ocdsRecordPackages/ocds-h6vhtk-04cc56
International Business Machines Corp,USA,name,No end date,NATIONAL GRID UK LIMITED,2025 - National Grid - Establishing a Dynamic Market for Outsourced Functional Services,Framework / multi-supplier,15,1,,tender,GBP,,,,,,2026-05-11,services,IBM UNITED KINGDOM LIMITED,ocds-h6vhtk-05937d,https://www.find-tender.service.gov.uk/api/1.0/ocdsRecordPackages/ocds-h6vhtk-05937d,https://www.find-tender.service.gov.uk/api/1.0/ocdsRecordPackages/ocds-h6vhtk-05937d
International Business Machines Corp,USA,name,No end date,GENOMICS ENGLAND LIMITED,Architecture services - partner,Contract,1,1,750000.0,contract,GBP,,,,,2022-06-10,2022-07-14,services,IBM Group,ocds-h6vhtk-0351fd,https://www.find-tender.service.gov.uk/Notice/019285-2022,https://www.find-tender.service.gov.uk/api/1.0/ocdsRecordPackages/ocds-h6vhtk-0351fd
International Business Machines Corp,USA,name,No end date,GENOMICS ENGLAND LIMITED,Service Operations,Contract,1,1,215181.0,contract,GBP,,,,,2022-06-19,2022-07-27,services,IBM Ltd,ocds-h6vhtk-035655,https://www.find-tender.service.gov.uk/Notice/020399-2022,https://www.find-tender.service.gov.uk/api/1.0/ocdsRecordPackages/ocds-h6vhtk-035655
International Business Machines Corp,USA,name,No end date,Digital Health and Care Wales,Electronic Master Patient Index (“eMPI”) Software and Support,Contract,1,1,553554.2,contract,GBP,,,,,2023-06-07,2023-07-20,goods,IBM UK Ltd,ocds-h6vhtk-03e3be,https://www.find-tender.service.gov.uk/Notice/020919-2023,https://www.find-tender.service.gov.uk/api/1.0/ocdsRecordPackages/ocds-h6vhtk-03e3be
International Business Machines Corp,USA,name,No end date,Northern Ireland Electricity Networks,Chief Information Office (CIO) Consultancy Support Services,Framework / multi-supplier,1,2,960000.0,contract,GBP,,,,,2024-06-13,2024-08-06,services,IBM United Kingdom Limited,ocds-h6vhtk-047a59,https://www.find-tender.service.gov.uk/Notice/020342-2024,https://www.find-tender.service.gov.uk/api/1.0/ocdsRecordPackages/ocds-h6vhtk-047a59
International Business Machines Corp,USA,name,No end date,Ministry of Defence,GUARDIAN UK Delivery and In-Service Support,Contract,1,1,30000000.0,contract,GBP,,,,,2024-10-15,2024-10-16,goods,IBM United Kingdom Limited,ocds-h6vhtk-04aca9,https://www.find-tender.service.gov.uk/Notice/033314-2024,https://www.find-tender.service.gov.uk/api/1.0/ocdsRecordPackages/ocds-h6vhtk-04aca9
International Business Machines Corp,USA,name,No end date,HM Land Registry,eSecurity Support (IBM),Contract,1,1,,tender,GBP,,,,,2024-10-01,2024-10-22,services,IBM United Kingdom Ltd,ocds-h6vhtk-04b02b,https://www.find-tender.service.gov.uk/Notice/034161-2024,https://www.find-tender.service.gov.uk/api/1.0/ocdsRecordPackages/ocds-h6vhtk-04b02b
International Business Machines Corp,USA,name,No end date,"DEPARTMENT OF ENVIRONMENT, FOOD AND RURAL AFFAIRS (Defra Network eTendering Portal)",FinOps and Cloud Cost Management System and related Services,Framework / multi-supplier,1,1,733586.0,contract,GBP,,,,,2024-09-30,2024-10-29,services,IBM United Kingdom Limited,ocds-h6vhtk-04b211,https://www.find-tender.service.gov.uk/Notice/034949-2024,https://www.find-tender.service.gov.uk/api/1.0/ocdsRecordPackages/ocds-h6vhtk-04b211
International Business Machines Corp,USA,name,No end date,Department for Work and Pensions,DWP Project_25855 - IBM Standard Support Agreement (2025),Contract,1,1,13500000.0,contract,GBP,,,,,2024-12-12,2025-01-10,goods,IBM UK Ltd,ocds-h6vhtk-04cf43,https://www.find-tender.service.gov.uk/Notice/000925-2025,https://www.find-tender.service.gov.uk/api/1.0/ocdsRecordPackages/ocds-h6vhtk-04cf43
International Business Machines Corp,USA,name,No end date,Sussex Police,Robotic Process Automation,Contract,1,1,299887.0,contract,GBP,,,,,2025-01-02,2025-01-23,services,IBM United Kingdom Limited,ocds-h6vhtk-04d5b2,https://www.find-tender.service.gov.uk/Notice/002359-2025,https://www.find-tender.service.gov.uk/api/1.0/ocdsRecordPackages/ocds-h6vhtk-04d5b2
International Business Machines Corp,USA,name,No end date,Northern Ireland Electricity Networks,Chief Information Office (CIO) Professional Services,Framework / multi-supplier,1,2,1924000.0,contract,GBP,,,,,2025-02-17,2025-03-24,services,IBM United Kingdom Limited,ocds-h6vhtk-04e32d,https://www.find-tender.service.gov.uk/Notice/005552-2025,https://www.find-tender.service.gov.uk/api/1.0/ocdsRecordPackages/ocds-h6vhtk-04e32d
International Business Machines Corp,USA,name,No end date,Department for Work & Pensions,Nexus AI,Contract,1,1,9000000.0,contract,GBP,,,,,2025-09-12,2025-09-29,services,IBM UK Ltd,ocds-h6vhtk-04e789,https://www.find-tender.service.gov.uk/Notice/060504-2025,https://www.find-tender.service.gov.uk/api/1.0/ocdsRecordPackages/ocds-h6vhtk-04e789
International Business Machines Corp,USA,name,No end date,GENOMICS ENGLAND LIMITED,Migration of Research Data to Cloud,Contract,1,1,397800.0,contract,GBP,,,,,2025-03-31,2025-04-02,services,IBM United Kingdom Limited,ocds-h6vhtk-04fbe8,https://www.find-tender.service.gov.uk/Notice/012501-2025,https://www.find-tender.service.gov.uk/api/1.0/ocdsRecordPackages/ocds-h6vhtk-04fbe8
International Business Machines Corp,USA,name,No end date,UK BIOBANK LIMITED,Threat Intelligence Services,Contract,1,1,364775.0,contract,GBP,,,,,2026-09-01,2026-09-01,services,IBM UK Limited,ocds-h6vhtk-06efcf,https://www.find-tender.service.gov.uk/Notice/082790-2026,https://www.find-tender.service.gov.uk/api/1.0/ocdsRecordPackages/ocds-h6vhtk-06efcf
International Business Machines Corp,USA,name,No end date,NS&I,Digital Experience and Digital Enablement,Framework / multi-supplier,1,1,99835217.0,contract,GBP,,,,,2023-11-13,2023-12-21,services,IBM United Kingdom Limited,ocds-h6vhtk-03c39a,https://www.find-tender.service.gov.uk/Notice/037627-2023,https://www.find-tender.service.gov.uk/api/1.0/ocdsRecordPackages/ocds-h6vhtk-03c39a
International Business Machines Corp,USA,name,No end date,Scottish Parliamentary Corporate Body,Security Vetting Software,Contract,1,1,138188.14,contract,GBP,,,,,2024-05-10,2024-06-10,services,IBM UK Ltd,ocds-h6vhtk-046e9f,https://www.find-tender.service.gov.uk/Notice/017853-2024,https://www.find-tender.service.gov.uk/api/1.0/ocdsRecordPackages/ocds-h6vhtk-046e9f
International Business Machines Corp,USA,name,No end date,GENOMICS ENGLAND LIMITED,Non Engineering Resource - Programme Manager,Contract,1,1,256500.0,contract,GBP,,,,,2025-03-14,2025-03-24,services,IBM United Kingdom Limited,ocds-h6vhtk-04f7d8,https://www.find-tender.service.gov.uk/Notice/010877-2025,https://www.find-tender.service.gov.uk/api/1.0/ocdsRecordPackages/ocds-h6vhtk-04f7d8
International Business Machines Corp,USA,name,No end date,GENOMICS ENGLAND LIMITED,Security First Manager,Contract,1,1,126000.0,contract,GBP,,,,,2025-03-25,2025-03-25,services,IBM UK Ltd,ocds-h6vhtk-04f85d,https://www.find-tender.service.gov.uk/Notice/011095-2025,https://www.find-tender.service.gov.uk/api/1.0/ocdsRecordPackages/ocds-h6vhtk-04f85d
Kongsberg Gruppen ASA,Norway,name,No end date,Ministry of Defence,S&MOCB/8007: Provision of UUV System Midlife Capability Upgrade (701551797),Contract,1,2,1615206.0,contract,GBP,,,,,1900-01-01,2021-11-08,services,Kongsberg Maritime AS,ocds-h6vhtk-02b92f,https://www.find-tender.service.gov.uk/Notice/028004-2021,https://www.find-tender.service.gov.uk/api/1.0/ocdsRecordPackages/ocds-h6vhtk-02b92f
Kongsberg Gruppen ASA,Norway,name,No end date,Government Commercial Agency,Space Technology Solutions,Framework / multi-supplier,95,127,,tender,GBP,,,,,,2026-10-01,goods,KONGSBERG NORCONTROL LIMITED,ocds-h6vhtk-0510f8,https://www.find-tender.service.gov.uk/api/1.0/ocdsRecordPackages/ocds-h6vhtk-0510f8,https://www.find-tender.service.gov.uk/api/1.0/ocdsRecordPackages/ocds-h6vhtk-0510f8
Kongsberg Gruppen ASA,Norway,name,No end date,HARWICH HAVEN AUTHORITY,Replacement system solution in support of Harwich Haven Authority's Vessel Traffic Service (VTS) and supporting services,Contract,1,1,1720750.0,contract,GBP,,,,,2022-07-12,2022-08-03,goods,Kongsberg Norcontrol Limited,ocds-h6vhtk-02c54c,https://www.find-tender.service.gov.uk/Notice/021223-2022,https://www.find-tender.service.gov.uk/api/1.0/ocdsRecordPackages/ocds-h6vhtk-02c54c
Kongsberg Gruppen ASA,Norway,name,No end date,Ministry of Defence,Procurement of 3rd AUV under project sustain,Contract,1,1,16000000.0,contract,GBP,,,,,2023-01-23,2023-01-23,goods,Kongsberg Maritime AS,ocds-h6vhtk-0399cf,https://www.find-tender.service.gov.uk/Notice/002035-2023,https://www.find-tender.service.gov.uk/api/1.0/ocdsRecordPackages/ocds-h6vhtk-0399cf
L3Harris Technologies Inc,USA,name,No end date,Ministry of Defence,705165452 - MADFOX Support,Contract,1,2,394064.12,contract,GBP,,,,,2022-12-14,2023-09-12,services,L3 Harris Autonomous Surface Vehicles Ltd,ocds-h6vhtk-038d87,https://www.find-tender.service.gov.uk/Notice/035421-2022,https://www.find-tender.service.gov.uk/api/1.0/ocdsRecordPackages/ocds-h6vhtk-038d87
L3Harris Technologies Inc,USA,name,No end date,Ministry of Defence,The Provision of  Explosives Ordnance Disposal  Remote Controlled Vehicle  In-Service Support,Contract,1,1,15337000.0,contract,GBP,,,,,2024-10-09,2024-10-09,services,L3 Harris Technologies Inc,ocds-h6vhtk-04a736,https://www.find-tender.service.gov.uk/Notice/032456-2024,https://www.find-tender.service.gov.uk/api/1.0/ocdsRecordPackages/ocds-h6vhtk-04a736
L3Harris Technologies Inc,USA,name,No end date,Ministry of Defence,The Provision of Multi-Mode Radio (MMR) and Associated Ancillaries,Contract,1,1,79269068.01,contract,GBP,,,,,2022-06-30,2022-07-25,goods,L3Harris Communications Systems UK Limited,ocds-h6vhtk-03555f,https://www.find-tender.service.gov.uk/Notice/020151-2022,https://www.find-tender.service.gov.uk/api/1.0/ocdsRecordPackages/ocds-h6vhtk-03555f
L3Harris Technologies Inc,USA,name,No end date,MINISTRY OF DEFENCE,29 month in-service support to the Joint Common Remote Viewing Terminal (JCRVT),Contract,1,1,2564166.67,contract,GBP,,,,,2024-07-23,2024-08-08,services,L3Harris Communications Systems UK Limited,ocds-h6vhtk-0488ff,https://www.find-tender.service.gov.uk/Notice/025060-2024,https://www.find-tender.service.gov.uk/api/1.0/ocdsRecordPackages/ocds-h6vhtk-0488ff
L3Harris Technologies Inc,USA,name,No end date,Ministry of Defence,Fast Maritime Target Drone (FMTD) Support,Contract,1,2,1891500.0,contract,GBP,,,,,2023-03-27,2023-10-14,services,L3Harris Autonomous Surface Vehicles Limited; L3Harris Autonomous Surface Vehicles Ltd,ocds-h6vhtk-03b654,https://www.find-tender.service.gov.uk/Notice/008849-2023,https://www.find-tender.service.gov.uk/api/1.0/ocdsRecordPackages/ocds-h6vhtk-03b654
L3Harris Technologies Inc,USA,name,No end date,Ministry of Defence,Procurement of Link 16 Tactical Data Links with Technical Assistance,Contract,1,1,15000000.0,contract,GBP,,,,,2023-10-19,2023-10-19,goods,L3 Harris Communications Systems UK Limited,ocds-h6vhtk-040d85,https://www.find-tender.service.gov.uk/Notice/030948-2023,https://www.find-tender.service.gov.uk/api/1.0/ocdsRecordPackages/ocds-h6vhtk-040d85
L3Harris Technologies Inc,USA,name,No end date,Ministry of Defence,Provision of Multi-Mode Radio Post Design Support (MMR PDS),Contract,1,1,2427467.2,contract,GBP,,,,,2025-07-28,2025-07-28,goods,L3Harris Communications Systems UK Limited,ocds-h6vhtk-05678d,https://www.find-tender.service.gov.uk/Notice/043658-2025,https://www.find-tender.service.gov.uk/api/1.0/ocdsRecordPackages/ocds-h6vhtk-05678d
L3Harris Technologies Inc,USA,name,No end date,Ministry of Defence,Procurement of Paveway IV Consumables,Contract,1,1,156548.41,contract,GBP,,,,,2022-03-31,2022-05-23,goods,L3HARRIS RELEASE & INTEGRATED SOLUTIONS LTD.,ocds-h6vhtk-033cda,https://www.find-tender.service.gov.uk/Notice/013877-2022,https://www.find-tender.service.gov.uk/api/1.0/ocdsRecordPackages/ocds-h6vhtk-033cda
L3Harris Technologies Inc,USA,name,No end date,Ministry of Defence,Flightlens and Rover Apps License Procurement,Contract,1,1,800000.0,contract,USD,,,,,2025-02-04,2025-02-04,goods,L3 Harris Technologies Inc,ocds-h6vhtk-04db5b,https://www.find-tender.service.gov.uk/Notice/003593-2025,https://www.find-tender.service.gov.uk/api/1.0/ocdsRecordPackages/ocds-h6vhtk-04db5b
L3Harris Technologies Inc,USA,name,No end date,West Yorkshire Combined Authority,BLC0244 Fixed Wing Camera Support,Contract,1,1,552731.0,contract,GBP,,,,,2025-07-14,2025-08-14,services,L3 Harris Technologies,ocds-h6vhtk-0587c8,https://www.find-tender.service.gov.uk/Notice/048702-2025,https://www.find-tender.service.gov.uk/api/1.0/ocdsRecordPackages/ocds-h6vhtk-0587c8
L3Harris Technologies Inc,USA,name,No end date,"Ministry of Defence, Mine Hunting Capability Team",MHC Procurement of IVER Autonomous Underwater Vehicles (AUVs),Contract,1,2,14163670.45,contract,GBP,,2023-04-10,,,2022-09-02,2022-11-25,goods,L3Harris ASV,ocds-h6vhtk-036541,https://www.find-tender.service.gov.uk/Notice/024618-2022,https://www.find-tender.service.gov.uk/api/1.0/ocdsRecordPackages/ocds-h6vhtk-036541
L3Harris Technologies Inc,USA,name,No end date,Ministry of Defence,The Provision of 12 months Technical Support to Joint Common Remote Viewing Terminal (JCRVT),Contract,1,2,1878557.0,contract,GBP,,2024-11-02,,,2023-04-27,2023-12-04,services,L3Harris; L3Harris Communications Systems UK Ltd,ocds-h6vhtk-03c4bd,https://www.find-tender.service.gov.uk/Notice/012147-2023,https://www.find-tender.service.gov.uk/api/1.0/ocdsRecordPackages/ocds-h6vhtk-03c4bd
Leonardo SpA,Italy,name,No end date,Ministry of Defence,Merlin Out of Service Extension Programme,Contract,1,1,1861065.0,contract,GBP,,,,,2023-07-04,2023-07-04,services,Leonardo helicopters,ocds-h6vhtk-03dec5,https://www.find-tender.service.gov.uk/Notice/019037-2023,https://www.find-tender.service.gov.uk/api/1.0/ocdsRecordPackages/ocds-h6vhtk-03dec5
Leonardo SpA,Italy,name,No end date,Ministry of Defence,PROJECT VENTUS,Contract,1,2,1300000.0,contract,GBP,,,,,2023-12-01,2024-02-19,services,Leonardo UK; Leonardo UK Ltd,ocds-h6vhtk-042119,https://www.find-tender.service.gov.uk/Notice/035528-2023,https://www.find-tender.service.gov.uk/api/1.0/ocdsRecordPackages/ocds-h6vhtk-042119
Leonardo SpA,Italy,name,No end date,Ministry of Defence,Merlin Out of Service Extension Programme,Contract,1,1,1000000.0,contract,GBP,,,,,2022-02-21,2024-08-19,services,Leonardo Helicopter UK,ocds-h6vhtk-0491c3,https://www.find-tender.service.gov.uk/Notice/026310-2024,https://www.find-tender.service.gov.uk/api/1.0/ocdsRecordPackages/ocds-h6vhtk-0491c3
Leonardo SpA,Italy,check,No end date,UK Research & Innovation,UKRI-4503 10J Laser Diode System,Contract,1,1,499799.0,contract,USD,,,,,2024-12-09,2024-12-10,goods,Leonardo Electronics US Inc,ocds-h6vhtk-04c619,https://www.find-tender.service.gov.uk/Notice/039793-2024,https://www.find-tender.service.gov.uk/api/1.0/ocdsRecordPackages/ocds-h6vhtk-04c619
Leonardo SpA,Italy,name,No end date,Ministry of Defence,ELECTRO OPTIC SENSOR TURRET (EOST) SYSTEM STATEMENT OF REQUIREMENT (SOR),Contract,1,2,4025399.0,contract,GBP,,,,,2022-07-25,2023-07-10,services,Leonardo UK; Leonardo UK Ltd,ocds-h6vhtk-035554,https://www.find-tender.service.gov.uk/Notice/020140-2022,https://www.find-tender.service.gov.uk/api/1.0/ocdsRecordPackages/ocds-h6vhtk-035554
Leonardo SpA,Italy,name,No end date,University of Exeter,APD Detector Arrays for interferometric imaging,Contract,1,1,316350.0,contract,GBP,,,,,2022-12-19,2022-12-19,goods,Leonardo UK Ltd,ocds-h6vhtk-039266,https://www.find-tender.service.gov.uk/Notice/035834-2022,https://www.find-tender.service.gov.uk/api/1.0/ocdsRecordPackages/ocds-h6vhtk-039266
Leonardo SpA,Italy,name,No end date,Ministry of Defence,"The provision of specialist engineering, technical and scientific support services to Air Platform Protection (APP) Test and Evaluation Squadron (TES) Typhoon Counter Measures Development Rig (CMDR) f",Contract,1,1,,tender,GBP,,,,,2023-07-11,2023-07-11,services,Leonardo UK Ltd,ocds-h6vhtk-03e0d4,https://www.find-tender.service.gov.uk/Notice/019844-2023,https://www.find-tender.service.gov.uk/api/1.0/ocdsRecordPackages/ocds-h6vhtk-03e0d4
Leonardo SpA,Italy,name,No end date,Ministry of Defence,https://des.mod.uk/,Contract,1,1,15000000.0,contract,GBP,,,,,2023-09-06,2024-04-02,goods,Leonardo UK Ltd,ocds-h6vhtk-0401e6,https://www.find-tender.service.gov.uk/Notice/027601-2023,https://www.find-tender.service.gov.uk/api/1.0/ocdsRecordPackages/ocds-h6vhtk-0401e6
Leonardo SpA,Italy,name,No end date,Ministry of Defence,Queen Elizabeth Class (QEC) Identification Friend of Foe (IFF) Interim Support Phase 2,Contract,1,1,3500000.0,contract,GBP,,,,,2023-11-13,2023-11-13,goods,Leonardo UK Ltd.,ocds-h6vhtk-0417ad,https://www.find-tender.service.gov.uk/Notice/033420-2023,https://www.find-tender.service.gov.uk/api/1.0/ocdsRecordPackages/ocds-h6vhtk-0417ad
Leonardo SpA,Italy,check,No end date,Ministry of Defence,Ground Training and Maintenance Support 2 (GTMS2),Contract,1,1,7570012.89,contract,GBP,,,,,2025-12-22,2026-01-22,services,Leonardo International Ltd,ocds-h6vhtk-048552,https://www.find-tender.service.gov.uk/Notice/005809-2026,https://www.find-tender.service.gov.uk/api/1.0/ocdsRecordPackages/ocds-h6vhtk-048552
Leonardo SpA,Italy,name,No end date,Ministry of Defence,A400M Future Integrated Review Defensive Aid Suites (IR DAS),Contract,1,1,1300000.0,contract,GBP,,,,,2024-11-27,2024-11-27,services,Leonardo UK,ocds-h6vhtk-04c08f,https://www.find-tender.service.gov.uk/Notice/038350-2024,https://www.find-tender.service.gov.uk/api/1.0/ocdsRecordPackages/ocds-h6vhtk-04c08f
Leonardo SpA,Italy,name,No end date,Ministry of Defence,"Post Design Services, Spares and Repairs for legacy external communication outfits",Contract,1,1,1500000.0,contract,GBP,,,,,2024-12-20,2024-12-20,services,Leonardo UK Ltd,ocds-h6vhtk-04c9ff,https://www.find-tender.service.gov.uk/Notice/041142-2024,https://www.find-tender.service.gov.uk/api/1.0/ocdsRecordPackages/ocds-h6vhtk-04c9ff
Leonardo SpA,Italy,name,No end date,Ministry of Defence,Merlin Out Of Service Extension Programme (OSDEP) Assessment Phase 2,Contract,1,1,14612024.0,contract,GBP,,,,,2025-06-02,2025-06-25,services,Leonardo UK Ltd,ocds-h6vhtk-055379,https://www.find-tender.service.gov.uk/Notice/035099-2025,https://www.find-tender.service.gov.uk/api/1.0/ocdsRecordPackages/ocds-h6vhtk-055379
Leonardo SpA,Italy,name,No end date,Ministry of Defence,Apache IOS Data Enabling Agreement,Contract,1,1,40000.0,contract,GBP,,,,,2025-10-06,2025-10-06,services,Leonardo UK Ltd,ocds-h6vhtk-05a90c,https://www.find-tender.service.gov.uk/Notice/062649-2025,https://www.find-tender.service.gov.uk/api/1.0/ocdsRecordPackages/ocds-h6vhtk-05a90c
Leonardo SpA,Italy,name,No end date,Ministry of Defence,QEC Identification Friend or Foe (IFF) In Service Support,Contract,1,2,1198539.0,contract,GBP,,,,,2021-05-20,2021-11-16,goods,Leonardo UK Ltd.,ocds-h6vhtk-02b37c,https://www.find-tender.service.gov.uk/Notice/028644-2021,https://www.find-tender.service.gov.uk/api/1.0/ocdsRecordPackages/ocds-h6vhtk-02b37c
Leonardo SpA,Italy,name,No end date,Ministry of Defence,23938004.08,Contract,1,1,23938004.08,contract,GBP,,,,,2021-12-21,2021-12-22,services,Leonardo UK,ocds-h6vhtk-03050f,https://www.find-tender.service.gov.uk/Notice/032152-2021,https://www.find-tender.service.gov.uk/api/1.0/ocdsRecordPackages/ocds-h6vhtk-03050f
Leonardo SpA,Italy,name,No end date,Ministry of Defence,Typhoon Offline Mission Data Evaluation Tool,Contract,1,1,2500000.0,contract,GBP,,,,,2022-08-05,2022-08-12,services,Leonardo UK Ltd,ocds-h6vhtk-035b4b,https://www.find-tender.service.gov.uk/Notice/022262-2022,https://www.find-tender.service.gov.uk/api/1.0/ocdsRecordPackages/ocds-h6vhtk-035b4b
Leonardo SpA,Italy,name,No end date,Ministry of Defence,Provision of In-Service Support (ISS) to Sky Guardian 200D (SG200D),Contract,1,1,18290000.0,contract,GBP,,,,,2022-04-06,2022-04-11,services,Leonardo UK Limited,ocds-h6vhtk-032bfe,https://www.find-tender.service.gov.uk/Notice/009571-2022,https://www.find-tender.service.gov.uk/api/1.0/ocdsRecordPackages/ocds-h6vhtk-032bfe
Leonardo SpA,Italy,name,No end date,Ministry of Defence,GSA8 ISS,Contract,1,1,2040991.89,contract,GBP,,,,,2023-02-01,2023-02-22,services,Leonardo UK Ltd,ocds-h6vhtk-03a768,https://www.find-tender.service.gov.uk/Notice/005271-2023,https://www.find-tender.service.gov.uk/api/1.0/ocdsRecordPackages/ocds-h6vhtk-03a768
Leonardo SpA,Italy,name,No end date,Ministry of Defence,Lower V/UHF Antenna,Contract,1,1,1068114.0,contract,GBP,,,,,2023-11-16,2023-11-24,goods,Leonardo Helicopters Ltd,ocds-h6vhtk-041c8a,https://www.find-tender.service.gov.uk/Notice/034776-2023,https://www.find-tender.service.gov.uk/api/1.0/ocdsRecordPackages/ocds-h6vhtk-041c8a
Leonardo SpA,Italy,name,No end date,Ministry of Defence,OSDEP AP 2,Contract,1,1,50000000.0,contract,GBP,,,,,2024-10-29,2024-10-29,services,Leonardo Helicopters,ocds-h6vhtk-04b239,https://www.find-tender.service.gov.uk/Notice/035015-2024,https://www.find-tender.service.gov.uk/api/1.0/ocdsRecordPackages/ocds-h6vhtk-04b239
Lockheed Martin Corp,USA,name,No end date,Ministry of Defence,Merlin Out of Service Extension Programme,Contract,1,1,1000000.0,contract,GBP,,,,,2024-02-21,2024-08-19,services,Lockheed Martin,ocds-h6vhtk-0491d1,https://www.find-tender.service.gov.uk/Notice/026335-2024,https://www.find-tender.service.gov.uk/api/1.0/ocdsRecordPackages/ocds-h6vhtk-0491d1
Lockheed Martin Corp,USA,name,No end date,Ministry of Defence,Protected and Modified Civilian Profile Vehicles Procurement Framework Agreement,Framework / multi-supplier,11,1,76000000.0,contract,GBP,,,,,2025-10-01,2025-11-18,goods,Lockheed Martin UK Ampthill Limited,ocds-h6vhtk-04dba9,https://www.find-tender.service.gov.uk/Notice/074919-2025,https://www.find-tender.service.gov.uk/api/1.0/ocdsRecordPackages/ocds-h6vhtk-04dba9
Lockheed Martin Corp,USA,name,No end date,Ministry of Defence,Defence Air Weapon Safety Support (DAWSS),Contract,1,1,,tender,GBP,,,,,2025-02-24,2025-02-24,services,Lockheed Martin UK Ampthill,ocds-h6vhtk-04e780,https://www.find-tender.service.gov.uk/Notice/007044-2025,https://www.find-tender.service.gov.uk/api/1.0/ocdsRecordPackages/ocds-h6vhtk-04e780
Lockheed Martin Corp,USA,name,No end date,Government Commercial Agency,Space Technology Solutions,Framework / multi-supplier,95,127,,tender,GBP,,,,,,2026-10-01,goods,LOCKHEED MARTIN UK LIMITED,ocds-h6vhtk-0510f8,https://www.find-tender.service.gov.uk/api/1.0/ocdsRecordPackages/ocds-h6vhtk-0510f8,https://www.find-tender.service.gov.uk/api/1.0/ocdsRecordPackages/ocds-h6vhtk-0510f8
Lockheed Martin Corp,USA,name,No end date,Ministry of Defence,BATHYTHERMOGRAPHIC PROBES,Contract,1,1,10000000.0,contract,GBP,,,,,2022-08-03,2022-08-08,goods,Lockheed Martin Sippican,ocds-h6vhtk-0359c1,https://www.find-tender.service.gov.uk/Notice/021708-2022,https://www.find-tender.service.gov.uk/api/1.0/ocdsRecordPackages/ocds-h6vhtk-0359c1
Lockheed Martin Corp,USA,name,No end date,Ministry of Defence,Land Environment Air Picture Precision (LEAPP),Contract,1,2,34784450.0,contract,GBP,,,,,2024-10-29,2025-06-27,services,Lockheed Martin (UK) Ampthill; Lockheed Martin UK Ampthill Ltd,ocds-h6vhtk-04b25a,https://www.find-tender.service.gov.uk/Notice/035083-2024,https://www.find-tender.service.gov.uk/api/1.0/ocdsRecordPackages/ocds-h6vhtk-04b25a
Lockheed Martin Corp,USA,name,No end date,Ministry of Defence,Launch Agreement,Contract,1,1,150000.0,contract,GBP,,,,,2022-03-15,2022-03-15,services,Lockheed Martin Space,ocds-h6vhtk-03223b,https://www.find-tender.service.gov.uk/Notice/007073-2022,https://www.find-tender.service.gov.uk/api/1.0/ocdsRecordPackages/ocds-h6vhtk-03223b
Lockheed Martin Corp,USA,name,No end date,Ministry of Defence,F35 General Use Consumables,Contract,1,1,360221.0,contract,GBP,,,,,2022-02-14,2023-01-13,goods,Lockheed Martin UK,ocds-h6vhtk-039721,https://www.find-tender.service.gov.uk/Notice/001045-2023,https://www.find-tender.service.gov.uk/api/1.0/ocdsRecordPackages/ocds-h6vhtk-039721
Lockheed Martin Corp,USA,name,No end date,Ministry of Defence,Merlin Out of Service Extension Programme,Contract,1,1,,tender,GBP,,,,,2023-07-04,2023-07-04,services,Lockheed Martin,ocds-h6vhtk-03dec2,https://www.find-tender.service.gov.uk/Notice/019033-2023,https://www.find-tender.service.gov.uk/api/1.0/ocdsRecordPackages/ocds-h6vhtk-03dec2
Lockheed Martin Corp,USA,name,No end date,MINISTRY OF DEFENCE,NJORD Framework - Contract Award Notice - February 2024,Framework / multi-supplier,1,1,1.0,contract,GBP,,,,,2024-02-27,2024-03-14,goods,Lockheed Martin UK Limited,ocds-h6vhtk-044865,https://www.find-tender.service.gov.uk/Notice/008124-2024,https://www.find-tender.service.gov.uk/api/1.0/ocdsRecordPackages/ocds-h6vhtk-044865
Lockheed Martin Corp,USA,name,No end date,Ministry of Defence,TIQUILA Programme Mini-Uncrewed Air Systems (MUAS),Contract,1,1,129350000.0,contract,GBP,,,,,2022-12-07,2022-12-15,goods,Lockheed Martin UK,ocds-h6vhtk-038dc4,https://www.find-tender.service.gov.uk/Notice/035509-2022,https://www.find-tender.service.gov.uk/api/1.0/ocdsRecordPackages/ocds-h6vhtk-038dc4
Lockheed Martin Corp,USA,name,No end date,Ministry of Defence,Land Environment Air Picture Provision (LEAPP) Support Contract,Contract,1,1,45000000.0,contract,GBP,,,,,2024-02-28,2024-02-29,services,Lockheed Martin UK Ampthill,ocds-h6vhtk-044455,https://www.find-tender.service.gov.uk/Notice/006528-2024,https://www.find-tender.service.gov.uk/api/1.0/ocdsRecordPackages/ocds-h6vhtk-044455
Lockheed Martin Corp,USA,name,No end date,Ministry of Defence,Freedom of Action Hard Facilities Management,Contract,1,1,9762863.0,contract,GBP,,,,,2024-10-01,2024-10-28,services,Lockheed Martin UK,ocds-h6vhtk-04b1ca,https://www.find-tender.service.gov.uk/Notice/034835-2024,https://www.find-tender.service.gov.uk/api/1.0/ocdsRecordPackages/ocds-h6vhtk-04b1ca
Lockheed Martin Corp,USA,name,No end date,Ministry of Defence,Global Asset Management UK Solution,Contract,1,1,5000000.0,contract,GBP,,,,,2025-01-31,2025-02-03,services,Lockheed Martin UK Aeronautics,ocds-h6vhtk-04db31,https://www.find-tender.service.gov.uk/Notice/003532-2025,https://www.find-tender.service.gov.uk/api/1.0/ocdsRecordPackages/ocds-h6vhtk-04db31
Motorola Solutions Inc,USA,check,No end date,Northern Ireland Fire and Rescue Service,PROCAD Maintenance & Support,Contract,1,1,1637794.0,contract,GBP,,,,,2023-05-05,2023-05-05,services,Motorola,ocds-h6vhtk-03c683,https://www.find-tender.service.gov.uk/Notice/012874-2023,https://www.find-tender.service.gov.uk/api/1.0/ocdsRecordPackages/ocds-h6vhtk-03c683
Motorola Solutions Inc,USA,name,No end date,The Police and Crime Commissioner for Humberside,Motorola Body Worn Video,Contract,1,1,997444.0,contract,GBP,,,,,2025-08-07,2025-09-09,services,Motorola Solutions UK Limited,ocds-h6vhtk-0596d3,https://www.find-tender.service.gov.uk/Notice/055073-2025,https://www.find-tender.service.gov.uk/api/1.0/ocdsRecordPackages/ocds-h6vhtk-0596d3
Motorola Solutions Inc,USA,name,No end date,Secretary of State for the Home Department - Home Office (Police),Public Safety Radio Communications Service,Contract,1,1,1561919689.0,contract,GBP,,,,,2021-12-20,2022-01-19,services,Airwave Solutions Limited,ocds-h6vhtk-030d0f,https://www.find-tender.service.gov.uk/Notice/001654-2022,https://www.find-tender.service.gov.uk/api/1.0/ocdsRecordPackages/ocds-h6vhtk-030d0f
Motorola Solutions Inc,USA,name,No end date,Scottish Fire and Rescue Service,Provision of Call-touch (Command and Control),Contract,1,2,97106.0,contract,GBP,,,,,2023-09-19,2024-06-13,goods,Zetron Inc,ocds-h6vhtk-04024c,https://www.find-tender.service.gov.uk/Notice/027768-2023,https://www.find-tender.service.gov.uk/api/1.0/ocdsRecordPackages/ocds-h6vhtk-04024c
Motorola Solutions Inc,USA,name,No end date,Cheshire Fire Authority,Incident Command System Software,Contract,1,1,1110000.0,contract,GBP,,,,,2026-03-03,2026-03-18,services,Motorola Solutions UK Ltd,ocds-h6vhtk-066e05,https://www.find-tender.service.gov.uk/Notice/024778-2026,https://www.find-tender.service.gov.uk/api/1.0/ocdsRecordPackages/ocds-h6vhtk-066e05
Motorola Solutions Inc,USA,name,No end date,Hertfordshire County Council,Provision of DCS for Fire Control Collaboration communications,Contract,1,1,347601.78,contract,GBP,,,,,2024-02-07,2024-03-04,goods,Airwave Solutions Limited,ocds-h6vhtk-044506,https://www.find-tender.service.gov.uk/Notice/006793-2024,https://www.find-tender.service.gov.uk/api/1.0/ocdsRecordPackages/ocds-h6vhtk-044506
Motorola Solutions Inc,USA,check,No end date,Northern Ireland Fire & Rescue Service,PROCAD Maintenance - New Servers,Contract,1,2,258472.0,contract,GBP,,,,,2024-05-22,2024-06-19,services,Motorola; Motorola Solutions UK Ltd,ocds-h6vhtk-0469db,https://www.find-tender.service.gov.uk/Notice/016239-2024,https://www.find-tender.service.gov.uk/api/1.0/ocdsRecordPackages/ocds-h6vhtk-0469db
Motorola Solutions Inc,USA,check,No end date,Northern Ireland Fire & Rescue Service,ProCAD Support and Maintenance,Contract,1,1,1195469.0,contract,GBP,,,,,2024-11-20,2024-11-20,services,Motorola Solution Ltd,ocds-h6vhtk-04bd43,https://www.find-tender.service.gov.uk/Notice/037513-2024,https://www.find-tender.service.gov.uk/api/1.0/ocdsRecordPackages/ocds-h6vhtk-04bd43
Motorola Solutions Inc,USA,name,No end date,Northern Ireland Fire & Rescue Service,"​​​​​​​MODAS Software Support, Development & Maintenance",Contract,1,1,240000.0,contract,GBP,,,,,2025-02-05,2025-02-05,services,Motorola Solutions UK Limited,ocds-h6vhtk-04dbfe,https://www.find-tender.service.gov.uk/Notice/003872-2025,https://www.find-tender.service.gov.uk/api/1.0/ocdsRecordPackages/ocds-h6vhtk-04dbfe
Motorola Solutions Inc,USA,name,No end date,Police And Crime Commissioner For Durham,Cortex Support and Maintenance,Contract,1,1,129244.06,contract,GBP,,,,,2025-12-10,2026-02-11,services,Zetron Limited,ocds-h6vhtk-064ddd,https://www.find-tender.service.gov.uk/Notice/012402-2026,https://www.find-tender.service.gov.uk/api/1.0/ocdsRecordPackages/ocds-h6vhtk-064ddd
Motorola Solutions Inc,USA,name,No end date,Scottish Fire and Rescue Service,Provision of ProCAD Support,Contract,1,1,1164144.0,contract,GBP,,,,,2025-12-10,2026-06-10,services,Motorola Solutions Ltd.,ocds-h6vhtk-06b149,https://www.find-tender.service.gov.uk/Notice/054518-2026,https://www.find-tender.service.gov.uk/api/1.0/ocdsRecordPackages/ocds-h6vhtk-06b149
Motorola Solutions Inc,USA,name,No end date,Northern Ireland Fire and Rescue Service,PROCAD Support Agreement,Contract,1,2,757276.0,contract,GBP,,,,,2022-02-09,2022-03-10,services,Motorola Solutions; Motorola Solutions Ltd,ocds-h6vhtk-031504,https://www.find-tender.service.gov.uk/Notice/003689-2022,https://www.find-tender.service.gov.uk/api/1.0/ocdsRecordPackages/ocds-h6vhtk-031504
Motorola Solutions Inc,USA,name,No end date,Scottish Fire and Rescue Service,Maintenance & Support of Control Room CAD on interim basis,Contract,1,2,2544190.0,contract,GBP,,,,,2023-06-06,2023-06-23,services,Motorola Solutions UK Limited,ocds-h6vhtk-03d4da,https://www.find-tender.service.gov.uk/Notice/016339-2023,https://www.find-tender.service.gov.uk/api/1.0/ocdsRecordPackages/ocds-h6vhtk-03d4da
Motorola Solutions Inc,USA,check,No end date,Northern Ireland Fire and Rescue Service,PROCAD Maintenance & Support  01/04/2023-31/12/2024,Contract,1,1,1637794.0,contract,GBP,,,,,2023-07-19,2023-07-19,services,Motorola,ocds-h6vhtk-03e372,https://www.find-tender.service.gov.uk/Notice/020806-2023,https://www.find-tender.service.gov.uk/api/1.0/ocdsRecordPackages/ocds-h6vhtk-03e372
Motorola Solutions Inc,USA,name,No end date,Defra Network eTendering Portal,Airwaves Direct Encrypted Communications,Contract,1,1,,tender,GBP,,,,,2024-03-25,2024-03-27,services,Airwave Solutions Ltd,ocds-h6vhtk-044d6a,https://www.find-tender.service.gov.uk/Notice/009982-2024,https://www.find-tender.service.gov.uk/api/1.0/ocdsRecordPackages/ocds-h6vhtk-044d6a
Motorola Solutions Inc,USA,name,No end date,Scottish Fire and Rescue Service,New Mobilising System,Contract,1,2,63368212.0,contract,GBP,,,,,2024-09-05,2024-11-01,services,Motorola Solutions,ocds-h6vhtk-0498e0,https://www.find-tender.service.gov.uk/Notice/028652-2024,https://www.find-tender.service.gov.uk/api/1.0/ocdsRecordPackages/ocds-h6vhtk-0498e0
Motorola Solutions Inc,USA,check,No end date,Northern Ireland Fire & Rescue Service,ProCAD Support and Maintenance,Contract,1,2,17800000.0,contract,GBP,,,,,2024-12-06,2025-01-29,services,Motorola Solution Ltd,ocds-h6vhtk-04c2d5,https://www.find-tender.service.gov.uk/Notice/039361-2024,https://www.find-tender.service.gov.uk/api/1.0/ocdsRecordPackages/ocds-h6vhtk-04c2d5
Motorola Solutions Inc,USA,name,No end date,National Highways,Traffic Manager Radio Service (Airwave),Contract,1,1,12197736.0,contract,GBP,,,,,2024-12-04,2024-12-04,services,Airwave Solutions Limited,ocds-h6vhtk-04c21d,https://www.find-tender.service.gov.uk/Notice/039040-2024,https://www.find-tender.service.gov.uk/api/1.0/ocdsRecordPackages/ocds-h6vhtk-04c21d
Northrop Grumman Corp,USA,name,No end date,Ministry of Defence,DDSFTW076 Northrop Grumman Software License Agreement,Contract,1,1,4300000.0,contract,GBP,,,,,2022-08-05,2022-08-05,services,Northrop Grumman,ocds-h6vhtk-035933,https://www.find-tender.service.gov.uk/Notice/021512-2022,https://www.find-tender.service.gov.uk/api/1.0/ocdsRecordPackages/ocds-h6vhtk-035933
Northrop Grumman Corp,USA,name,No end date,Ministry of Defence,"In service support of Queen Elizabeth Class Integrated Navigation and Bridge Systems, and In service support for VM250 radar, astute ships inertial navigation system, MK39 gyroscope",Contract,1,1,50000000.0,contract,GBP,,,,,2023-12-15,2023-12-18,goods,Northrop Grumman UK Limited,ocds-h6vhtk-04268d,https://www.find-tender.service.gov.uk/Notice/037162-2023,https://www.find-tender.service.gov.uk/api/1.0/ocdsRecordPackages/ocds-h6vhtk-04268d
Northrop Grumman Corp,USA,name,No end date,Ministry of Defence,Delivery of IBCS and FAAD C2 Concept Studies,Contract,1,2,343079.34,contract,GBP,,,,,2024-08-27,2024-11-19,services,NORTHROP GRUMMAN UK LIMITED; Northrop Grumman UK Limited,ocds-h6vhtk-04996c,https://www.find-tender.service.gov.uk/Notice/028868-2024,https://www.find-tender.service.gov.uk/api/1.0/ocdsRecordPackages/ocds-h6vhtk-04996c
Northrop Grumman Corp,USA,name,No end date,MINISTRY OF DEFENCE,NG EA,Contract,1,1,2132493.0,contract,GBP,,,,,2024-07-30,2024-07-30,goods,Northrop Grumman UK Limited,ocds-h6vhtk-048612,https://www.find-tender.service.gov.uk/Notice/023838-2024,https://www.find-tender.service.gov.uk/api/1.0/ocdsRecordPackages/ocds-h6vhtk-048612
Northrop Grumman Corp,USA,name,No end date,Ministry of Defence,Sentry Programme Disposal,Contract,1,1,6250000.0,contract,GBP,,,,,2022-07-05,2022-07-27,services,Northrop Grumman UK Ltd,ocds-h6vhtk-034e15,https://www.find-tender.service.gov.uk/Notice/018285-2022,https://www.find-tender.service.gov.uk/api/1.0/ocdsRecordPackages/ocds-h6vhtk-034e15
Oshkosh Corp,USA,name,No end date,Ministry of Defence,Wheeled Tanker In-Service Support,Contract,1,2,96475833.0,contract,GBP,,,,,2022-03-24,2023-07-14,services,Oshkosh Defense LLC,ocds-h6vhtk-03265a,https://www.find-tender.service.gov.uk/Notice/008128-2022,https://www.find-tender.service.gov.uk/api/1.0/ocdsRecordPackages/ocds-h6vhtk-03265a
Palantir Technologies Inc,USA,name,No end date,Mayor's Office for Policing and Crime,Precise Policing 2,Framework / multi-supplier,54,1,,tender,GBP,,,,,,2026-08-24,services,"PALANTIR TECHNOLOGIES UK, LTD.",ocds-h6vhtk-05cf48,https://www.find-tender.service.gov.uk/api/1.0/ocdsRecordPackages/ocds-h6vhtk-05cf48,https://www.find-tender.service.gov.uk/api/1.0/ocdsRecordPackages/ocds-h6vhtk-05cf48
Palantir Technologies Inc,USA,name,No end date,National Highways,Charter 4 (Asset Knowledge) Capability Roadmap Development Task,Framework / multi-supplier,1,2,2000000000.0,contract,GBP,,,,,2022-09-13,2024-08-08,services,"PALANTIR TECHNOLOGIES UK, LTD.",ocds-h6vhtk-02e248,https://www.find-tender.service.gov.uk/Notice/028511-2022,https://www.find-tender.service.gov.uk/api/1.0/ocdsRecordPackages/ocds-h6vhtk-02e248
RTX Corp,USA,name,No end date,Ministry of Defence,Advanced Medium Range Air to Air Missile (AMRAAM) Systems In-Service Support,Contract,1,1,10200000.0,contract,GBP,,,,,2021-11-26,2021-11-26,services,Raytheon Systems Limited,ocds-h6vhtk-02fab8,https://www.find-tender.service.gov.uk/Notice/029513-2021,https://www.find-tender.service.gov.uk/api/1.0/ocdsRecordPackages/ocds-h6vhtk-02fab8
RTX Corp,USA,name,No end date,Ministry of Defence,Procurement of MUNS-M Equipment,Contract,1,1,160702.92,contract,GBP,,,,,2024-11-28,2024-11-28,goods,Rockwell Collins Australia Pty,ocds-h6vhtk-04c0d8,https://www.find-tender.service.gov.uk/Notice/038482-2024,https://www.find-tender.service.gov.uk/api/1.0/ocdsRecordPackages/ocds-h6vhtk-04c0d8
RTX Corp,USA,name,No end date,Government Commercial Agency,Space Technology Solutions,Framework / multi-supplier,95,80,,tender,GBP,,,,,,2026-10-01,goods,RAYTHEON SYSTEMS LIMITED,ocds-h6vhtk-0510f8,https://www.find-tender.service.gov.uk/api/1.0/ocdsRecordPackages/ocds-h6vhtk-0510f8,https://www.find-tender.service.gov.uk/api/1.0/ocdsRecordPackages/ocds-h6vhtk-0510f8
RTX Corp,USA,name,No end date,Ministry of Defence,Provision of Data Analysis and Operational Certificates of Design (CofD) in support of the Paveway IV MK2 Integration onto Protector RG-1,Contract,1,1,3900000.0,contract,GBP,,,,,2021-10-15,2021-10-15,services,Raytheon UK,ocds-h6vhtk-02ec9d,https://www.find-tender.service.gov.uk/Notice/025904-2021,https://www.find-tender.service.gov.uk/api/1.0/ocdsRecordPackages/ocds-h6vhtk-02ec9d
RTX Corp,USA,name,No end date,Ministry of Defence,Zeus Software Support,Contract,1,2,1163000.0,contract,USD,,,,,2022-10-03,2022-10-31,goods,Raytheon Solipsys; Raytheon Solypsis,ocds-h6vhtk-037243,https://www.find-tender.service.gov.uk/Notice/027633-2022,https://www.find-tender.service.gov.uk/api/1.0/ocdsRecordPackages/ocds-h6vhtk-037243
RTX Corp,USA,name,No end date,DE&S Deca,F-35 EPGS Depot Activation,Contract,1,1,2000000.0,contract,USD,,,,,2023-10-24,2024-01-15,services,Collins Aerospace (Hamilton Sundstrand Corporation),ocds-h6vhtk-040ea2,https://www.find-tender.service.gov.uk/Notice/031378-2023,https://www.find-tender.service.gov.uk/api/1.0/ocdsRecordPackages/ocds-h6vhtk-040ea2
RTX Corp,USA,name,No end date,Department for Education,Skills Bootcamps Lot 1,Contract,1,2,1460000.0,contract,GBP,,,,,2022-09-29,2022-11-09,services,RAYTHEON SYSTEMS LIMITED,ocds-h6vhtk-030e27,https://www.find-tender.service.gov.uk/Notice/027381-2022,https://www.find-tender.service.gov.uk/api/1.0/ocdsRecordPackages/ocds-h6vhtk-030e27
RTX Corp,USA,name,No end date,Ministry of Defence,704229450 - Paveway IV In Service Support II (700512370),Contract,1,1,13638785.0,contract,GBP,,,,,2022-05-20,2022-06-23,services,Raytheon Systems Ltd,ocds-h6vhtk-0349ec,https://www.find-tender.service.gov.uk/Notice/017223-2022,https://www.find-tender.service.gov.uk/api/1.0/ocdsRecordPackages/ocds-h6vhtk-0349ec
RTX Corp,USA,name,No end date,Ministry of Defence,Provision of the Army Collective Training Service,Contract,1,1,1946794337.67,contract,GBP,,,,,2026-06-29,2026-08-13,services,Raytheon Systems UK,ocds-h6vhtk-06e3e4,https://www.find-tender.service.gov.uk/Notice/077370-2026,https://www.find-tender.service.gov.uk/api/1.0/ocdsRecordPackages/ocds-h6vhtk-06e3e4
Rheinmetall AG,Germany,name,No end date,Ministry of Defence,Lot 3 - Leader Follower,Contract,1,1,246751.0,contract,GBP,,,,,2023-02-01,2023-02-28,services,Rheinmetall Man Military Vehicles UK Ltd,ocds-h6vhtk-03ace9,https://www.find-tender.service.gov.uk/Notice/005871-2023,https://www.find-tender.service.gov.uk/api/1.0/ocdsRecordPackages/ocds-h6vhtk-03ace9
Rheinmetall AG,Germany,name,No end date,Ministry of Defence,Procurement of 500x Palletised Loading System (PLS) Platforms with an option to increase and extend contract quantity and duration,Contract,1,1,350000000.0,contract,GBP,,,,,2023-08-04,2023-08-09,goods,Rheinmetall MAN Military Vehicles (RMMV),ocds-h6vhtk-03ee1e,https://www.find-tender.service.gov.uk/Notice/023159-2023,https://www.find-tender.service.gov.uk/api/1.0/ocdsRecordPackages/ocds-h6vhtk-03ee1e
Rheinmetall AG,Germany,name,No end date,Ministry of Defence,The Repair of Line Replacement Units (LRU's) and Associated Assemblies,Contract,1,1,1925000.0,contract,GBP,,,,,2023-03-01,2023-10-05,services,Rheinmetall BAE Systems Land,ocds-h6vhtk-04085e,https://www.find-tender.service.gov.uk/Notice/029445-2023,https://www.find-tender.service.gov.uk/api/1.0/ocdsRecordPackages/ocds-h6vhtk-04085e
Rheinmetall AG,Germany,name,No end date,Ministry of Defence,Lipless Firing Needle Assemblies,Contract,1,1,578898.0,contract,GBP,,,,,2023-09-22,2023-11-08,goods,Rheinmetall BAE Systems Land (RBSL) Limited,ocds-h6vhtk-0416f0,https://www.find-tender.service.gov.uk/Notice/033122-2023,https://www.find-tender.service.gov.uk/api/1.0/ocdsRecordPackages/ocds-h6vhtk-0416f0
Rheinmetall AG,Germany,name,No end date,Ministry of Defence,The Repair of Various Line Replacement Units (LRU’s) and Associated items,Framework / multi-supplier,1,1,4000000.0,contract,GBP,,,,,2023-02-03,2023-03-06,services,Rheinmetall BAE Systems Land,ocds-h6vhtk-03ae6c,https://www.find-tender.service.gov.uk/Notice/006470-2023,https://www.find-tender.service.gov.uk/api/1.0/ocdsRecordPackages/ocds-h6vhtk-03ae6c
Rheinmetall AG,Germany,name,No end date,Ministry of Defence,CSC & ROCU Laptops,Contract,1,1,1729000.0,contract,GBP,,,,,2023-06-27,2023-06-27,goods,Rheinmetall BAE Systems Land (RBSL),ocds-h6vhtk-03dcd8,https://www.find-tender.service.gov.uk/Notice/018269-2023,https://www.find-tender.service.gov.uk/api/1.0/ocdsRecordPackages/ocds-h6vhtk-03dcd8
Rheinmetall AG,Germany,name,No end date,Ministry of Defence,Precision Gunnery Training Equipment (PGTE) & Terrier Training System (TTS) for Contractor Logistic Support (CLS) & Post Design Services (PDS),Contract,1,1,14000000.0,contract,GBP,,,,,2024-08-22,2024-08-23,services,Rheinmetall BAE Systems Land,ocds-h6vhtk-04936e,https://www.find-tender.service.gov.uk/Notice/027021-2024,https://www.find-tender.service.gov.uk/api/1.0/ocdsRecordPackages/ocds-h6vhtk-04936e
Rheinmetall AG,Germany,name,No end date,Ministry of Defence,,Contract,1,1,0.0,contract,GBP,,,,,2022-12-20,2023-02-22,services,Rheinmetall Defence UL Ltd,ocds-h6vhtk-03a78b,https://www.find-tender.service.gov.uk/Notice/005325-2023,https://www.find-tender.service.gov.uk/api/1.0/ocdsRecordPackages/ocds-h6vhtk-03a78b
Rheinmetall AG,Germany,name,No end date,Ministry of Defence,HMT Project - Lot 3.1,Contract,1,1,750000.0,contract,GBP,,,,,2023-02-01,2023-02-28,services,Rheinmetall Canada Inc,ocds-h6vhtk-03acb5,https://www.find-tender.service.gov.uk/Notice/005799-2023,https://www.find-tender.service.gov.uk/api/1.0/ocdsRecordPackages/ocds-h6vhtk-03acb5
Rheinmetall AG,Germany,name,No end date,Ministry of Defence,Modification to Lipless Firing Needle Assembly,Contract,1,1,578899.0,contract,GBP,,,,,2023-07-20,2023-07-24,goods,Rheinmetall BAE Systems Land (RBSL) ltd,ocds-h6vhtk-03e4e9,https://www.find-tender.service.gov.uk/Notice/021360-2023,https://www.find-tender.service.gov.uk/api/1.0/ocdsRecordPackages/ocds-h6vhtk-03e4e9
Rheinmetall AG,Germany,name,No end date,Ministry of Defence,,Contract,1,1,1731225.0,contract,GBP,,,,,2024-02-05,2025-01-23,goods,Rheinmetall BAE Systems Land (RBSL),ocds-h6vhtk-04d5ad,https://www.find-tender.service.gov.uk/Notice/002348-2025,https://www.find-tender.service.gov.uk/api/1.0/ocdsRecordPackages/ocds-h6vhtk-04d5ad
Rheinmetall AG,Germany,name,No end date,Ministry of Defence,715643455 - CRARRV Brake Light Kits Procurement VTN,Contract,1,1,1660636.94,contract,GBP,,,,,2025-08-01,2025-09-18,goods,Rheinmetall BAE Systems Land Ltd,ocds-h6vhtk-059da6,https://www.find-tender.service.gov.uk/Notice/057906-2025,https://www.find-tender.service.gov.uk/api/1.0/ocdsRecordPackages/ocds-h6vhtk-059da6
Rheinmetall AG,Germany,name,No end date,Ministry of Defence,715643455 CRARRV Brake Light Kits Procurement F18 CAN,Contract,1,1,1644334.52,contract,GBP,,,,,2025-12-04,2026-03-18,goods,Rheinmetall BAE Systems Land (RBSL) Limited,ocds-h6vhtk-066d34,https://www.find-tender.service.gov.uk/Notice/024463-2026,https://www.find-tender.service.gov.uk/api/1.0/ocdsRecordPackages/ocds-h6vhtk-066d34
Rolls-Royce Holdings plc,UK,name,No end date,Ministry of Defence,National Engine Support Contract 2,Contract,1,1,40000000.0,contract,GBP,,,,,2022-05-17,2022-05-17,services,Rolls Royce PLC,ocds-h6vhtk-0338e6,https://www.find-tender.service.gov.uk/Notice/012872-2022,https://www.find-tender.service.gov.uk/api/1.0/ocdsRecordPackages/ocds-h6vhtk-0338e6
Rolls-Royce Holdings plc,UK,name,No end date,United Kingdom Atomic Energy Authority,STEP Technical Manager Secondment,Contract,1,1,465465.0,contract,GBP,,,,,2022-06-01,2022-09-13,services,Rolls-Royce Power Engineering PLC,ocds-h6vhtk-0367d6,https://www.find-tender.service.gov.uk/Notice/025581-2022,https://www.find-tender.service.gov.uk/api/1.0/ocdsRecordPackages/ocds-h6vhtk-0367d6
Rolls-Royce Holdings plc,UK,name,No end date,Ministry of Defence,,Contract,1,1,105181419.9,contract,GBP,,,,,2022-04-30,2022-06-24,services,Rolls Royce,ocds-h6vhtk-034a43,https://www.find-tender.service.gov.uk/Notice/017310-2022,https://www.find-tender.service.gov.uk/api/1.0/ocdsRecordPackages/ocds-h6vhtk-034a43
Rolls-Royce Holdings plc,UK,name,No end date,Ministry of Defence,Typhoon Engine Support Solution (TESS),Contract,1,2,1062767379.06,contract,GBP,,,,,2023-05-26,2025-04-23,services,Rolls-Royce PLC,ocds-h6vhtk-03d513,https://www.find-tender.service.gov.uk/Notice/016429-2023,https://www.find-tender.service.gov.uk/api/1.0/ocdsRecordPackages/ocds-h6vhtk-03d513
Rolls-Royce Holdings plc,UK,name,No end date,Ministry of Defence,National Engine Support Contract 2.5,Contract,1,1,10600000.0,contract,GBP,,,,,2023-09-01,2023-09-11,services,Rolls Royce PLC,ocds-h6vhtk-03fbcf,https://www.find-tender.service.gov.uk/Notice/026845-2023,https://www.find-tender.service.gov.uk/api/1.0/ocdsRecordPackages/ocds-h6vhtk-03fbcf
Rolls-Royce Holdings plc,UK,name,No end date,Ministry of Defence,A400M National Engine Support Contract 3,Contract,1,1,47000000.0,contract,GBP,,,,,2025-02-26,2025-02-26,services,Rolls Royce PLC,ocds-h6vhtk-04e811,https://www.find-tender.service.gov.uk/Notice/007275-2025,https://www.find-tender.service.gov.uk/api/1.0/ocdsRecordPackages/ocds-h6vhtk-04e811
Rolls-Royce Holdings plc,UK,name,No end date,Ministry of Defence,"Spares, Repairs and PDS of MTU Diesel Generators.",Contract,1,1,15000000.0,contract,GBP,,,,,2022-05-03,2022-05-18,services,Rolls Royce Solutions UK Ltd,ocds-h6vhtk-033ad7,https://www.find-tender.service.gov.uk/Notice/013369-2022,https://www.find-tender.service.gov.uk/api/1.0/ocdsRecordPackages/ocds-h6vhtk-033ad7
Rolls-Royce Holdings plc,UK,name,No end date,Ministry of Defence,Provision of a Last Time Buy (LTB) of Air Circuit Breakers (ACB),Contract,1,1,,tender,GBP,,,,,2024-02-21,2024-02-22,services,Rolls Royce Solutions Ltd,ocds-h6vhtk-043c1d,https://www.find-tender.service.gov.uk/Notice/005793-2024,https://www.find-tender.service.gov.uk/api/1.0/ocdsRecordPackages/ocds-h6vhtk-043c1d
Rolls-Royce Holdings plc,UK,name,No end date,Ministry of Defence,National Engine Support Contract 2.5 Extension,Contract,1,1,12000000.0,contract,GBP,,,,,2025-03-06,2025-03-07,services,Rolls Royce PLC,ocds-h6vhtk-04ea5b,https://www.find-tender.service.gov.uk/Notice/008296-2025,https://www.find-tender.service.gov.uk/api/1.0/ocdsRecordPackages/ocds-h6vhtk-04ea5b
Rolls-Royce Holdings plc,UK,name,No end date,Ministry of Defence,Hawk Future Engines Support Solution,Contract,1,1,120000000.0,contract,GBP,,,,,2022-03-07,2022-03-07,services,Rolls-Royce PLC,ocds-h6vhtk-031ef2,https://www.find-tender.service.gov.uk/Notice/006233-2022,https://www.find-tender.service.gov.uk/api/1.0/ocdsRecordPackages/ocds-h6vhtk-031ef2
Rolls-Royce Holdings plc,UK,name,No end date,Ministry of Defence,National Engine Support Contract 2,Contract,1,1,6672000.0,contract,GBP,,,,,2022-09-30,2023-03-29,services,Rolls Royce PLC,ocds-h6vhtk-03b712,https://www.find-tender.service.gov.uk/Notice/009155-2023,https://www.find-tender.service.gov.uk/api/1.0/ocdsRecordPackages/ocds-h6vhtk-03b712
Rolls-Royce Holdings plc,UK,name,No end date,Ministry of Defence,National Engine Support Contract 2.5 (NESC),Contract,1,1,8733859.17,contract,GBP,,,,,2023-09-30,2023-11-27,services,Rolls Royce PLC,ocds-h6vhtk-041cf8,https://www.find-tender.service.gov.uk/Notice/034929-2023,https://www.find-tender.service.gov.uk/api/1.0/ocdsRecordPackages/ocds-h6vhtk-041cf8
Textron Inc,USA,name,No end date,Ministry of Defence,Rear Crew Avenger PDS Contract - 5 years,Contract,1,1,142860.0,contract,GBP,,,,,2023-03-10,2023-04-26,services,Textron Aviation Inc.,ocds-h6vhtk-03c454,https://www.find-tender.service.gov.uk/Notice/011982-2023,https://www.find-tender.service.gov.uk/api/1.0/ocdsRecordPackages/ocds-h6vhtk-03c454
Textron Inc,USA,name,No end date,Ministry of Defence,,Contract,1,1,400000.0,contract,GBP,,,,,2024-01-11,2024-02-05,goods,Textron Systems Electronic Systems UK Limited,ocds-h6vhtk-04374b,https://www.find-tender.service.gov.uk/Notice/003754-2024,https://www.find-tender.service.gov.uk/api/1.0/ocdsRecordPackages/ocds-h6vhtk-04374b
Textron Inc,USA,name,No end date,Ministry of Defence,"£178,576",Contract,1,1,173576.0,contract,GBP,,,,,2022-03-19,2022-03-22,services,Textron Aviation Inc.,ocds-h6vhtk-0324d6,https://www.find-tender.service.gov.uk/Notice/007740-2022,https://www.find-tender.service.gov.uk/api/1.0/ocdsRecordPackages/ocds-h6vhtk-0324d6
Textron Inc,USA,name,No end date,Ministry of Defence,PROCUREMENT OF MAN PORTABLE AIR DEFENCE SYSTEM (MANPADS) TRAINER,Contract,1,1,500000.0,contract,GBP,,,,,2023-10-13,2023-10-13,goods,Textron Systems Electronic Systems UK Limited,ocds-h6vhtk-040c0d,https://www.find-tender.service.gov.uk/Notice/030347-2023,https://www.find-tender.service.gov.uk/api/1.0/ocdsRecordPackages/ocds-h6vhtk-040c0d
Axon Enterprise Inc,USA,name,Probably ended,"Police, Fire & Crime Commissioner for Staffordshire",DEAMS and BWV Solution,Contract,1,1,9200000.0,contract,GBP,,2026-01-15,notice text,,2025-10-16,2025-10-20,services,Axon Public Safety UK Ltd,ocds-h6vhtk-05cff8,https://www.find-tender.service.gov.uk/Notice/066790-2025,https://www.find-tender.service.gov.uk/api/1.0/ocdsRecordPackages/ocds-h6vhtk-05cff8
BAE Systems PLC,UK,name,Probably ended,"Ministry of Defence, Combat Air, UK Military Flying Training System (UKMFTS) Project Team",The provision of In Service Support for Hawk T Mk1/1a aircraft,Contract,1,1,20000000.0,contract,GBP,,,"age (awarded over 5 years ago, no period published)",,2021-01-21,2021-02-04,services,BAE Systems (Operations) Ltd,ocds-h6vhtk-029017,https://www.find-tender.service.gov.uk/Notice/002224-2021,https://www.find-tender.service.gov.uk/api/1.0/ocdsRecordPackages/ocds-h6vhtk-029017
BAE Systems PLC,UK,name,Probably ended,Defence Sourcing Portal,Motion Control,Contract,1,1,4000000.0,contract,GBP,,,"age (awarded over 5 years ago, no period published)",,2021-02-18,2021-02-18,goods,BAE Systems Surface Ships Limited,ocds-h6vhtk-029453,https://www.find-tender.service.gov.uk/Notice/003308-2021,https://www.find-tender.service.gov.uk/api/1.0/ocdsRecordPackages/ocds-h6vhtk-029453
BAE Systems PLC,UK,name,Probably ended,Ministry of Defence,Purchase of trilogiBuild Software Licences,Contract,1,1,76100.0,contract,GBP,,,"age (awarded over 5 years ago, no period published)",,2021-03-18,2021-03-18,services,BAE Systems Defence Information,ocds-h6vhtk-029d35,https://www.find-tender.service.gov.uk/Notice/005572-2021,https://www.find-tender.service.gov.uk/api/1.0/ocdsRecordPackages/ocds-h6vhtk-029d35
BAE Systems PLC,UK,name,Probably ended,Ministry of Defence,"The Maintenance and Repair of CR2, CRARRV, T2 and AS90 FRAME ELECTRICAL LAYOUTS (FELS) Training Aids",Framework / multi-supplier,1,1,3500000.0,contract,GBP,,,"age (awarded over 5 years ago, no period published)",,2021-05-25,2021-06-01,services,Rheinmetall BAE Systems Land (RBSL),ocds-h6vhtk-02b73c,https://www.find-tender.service.gov.uk/Notice/012234-2021,https://www.find-tender.service.gov.uk/api/1.0/ocdsRecordPackages/ocds-h6vhtk-02b73c
BAE Systems PLC,UK,name,Probably ended,Ministry of Defence,The supply of spares for the Armoured Tracked and Light Wheels Platforms and Associated items,Framework / multi-supplier,1,1,41000000.0,contract,GBP,,,"age (awarded over 5 years ago, no period published)",,2021-06-15,2021-06-15,goods,Rheinmetall BAE Systems Land Limited,ocds-h6vhtk-02bc5e,https://www.find-tender.service.gov.uk/Notice/013547-2021,https://www.find-tender.service.gov.uk/api/1.0/ocdsRecordPackages/ocds-h6vhtk-02bc5e
BAE Systems PLC,UK,name,Probably ended,"Ministry of Defence, Combat Air, UK Military Flying Training System (UKMFTS) Project Team",Hawk T Mk2 In-Service-Support contract Extension,Contract,1,1,42000000.0,contract,GBP,,,"age (awarded over 5 years ago, no period published)",,2021-01-21,2021-02-04,services,BAE Systems (Operations) Ltd,ocds-h6vhtk-029019,https://www.find-tender.service.gov.uk/Notice/002226-2021,https://www.find-tender.service.gov.uk/api/1.0/ocdsRecordPackages/ocds-h6vhtk-029019
BAE Systems PLC,UK,name,Probably ended,Ministry of Defence,Challenger 2 Life Extension Project: Design Manufacture and Initial In Service Support,Contract,1,1,670000000.0,contract,GBP,,,"age (awarded over 5 years ago, no period published)",,2021-03-30,2021-05-07,goods,Rheinmetall BAE Systems Land Limited,ocds-h6vhtk-02aeb8,https://www.find-tender.service.gov.uk/Notice/010055-2021,https://www.find-tender.service.gov.uk/api/1.0/ocdsRecordPackages/ocds-h6vhtk-02aeb8
BAE Systems PLC,UK,name,Probably ended,Ministry of Defence,Future Combat Air System Acquisition Programme,Contract,1,1,1400000000.0,contract,GBP,,,"age (awarded over 5 years ago, no period published)",,2021-06-04,2023-02-17,goods,BAE Systems (Operations) Limited,ocds-h6vhtk-03a5c1,https://www.find-tender.service.gov.uk/Notice/004601-2023,https://www.find-tender.service.gov.uk/api/1.0/ocdsRecordPackages/ocds-h6vhtk-03a5c1
BAE Systems PLC,UK,name,Probably ended,"Ministry of Defence, DSG, Defence Support Group (DSG)",The supply of Artillery & Howitzer components and Armoured Vehicle weapons systems including 105mm Light Gun Spares.,Framework / multi-supplier,1,1,4500000.0,contract,GBP,,,"age (awarded over 5 years ago, no period published)",,2021-01-15,2021-01-19,goods,BAE Systems GCS International Ltd,ocds-h6vhtk-028b5e,https://www.find-tender.service.gov.uk/Notice/001032-2021,https://www.find-tender.service.gov.uk/api/1.0/ocdsRecordPackages/ocds-h6vhtk-028b5e
BAE Systems PLC,UK,name,Probably ended,Ministry of Defence,Electronic Light Table (ELT),Contract,1,1,2249000.0,contract,GBP,,,"age (awarded over 5 years ago, no period published)",,2021-05-17,2021-05-17,goods,"BAE Systems, Information and Electronic Systems Integration Incorporated",ocds-h6vhtk-02b1fc,https://www.find-tender.service.gov.uk/Notice/010891-2021,https://www.find-tender.service.gov.uk/api/1.0/ocdsRecordPackages/ocds-h6vhtk-02b1fc
BAE Systems PLC,UK,name,Probably ended,Ministry of Defence,The repair and refurbishment of Fire Suppression Equipment,Framework / multi-supplier,1,1,11780178.0,contract,GBP,,,"age (awarded over 5 years ago, no period published)",,2021-03-09,2021-06-01,services,Rheinmetall BAE Systems Land (RBSL),ocds-h6vhtk-02b73d,https://www.find-tender.service.gov.uk/Notice/012235-2021,https://www.find-tender.service.gov.uk/api/1.0/ocdsRecordPackages/ocds-h6vhtk-02b73d
BAE Systems PLC,UK,name,Probably ended,Minister for the Cabinet Office Acting through Crown Commercial Service,"Ventilator Challenge Assignment of Intellectual Property, Design Consultancy Work and materials to Develop the BAE Florence Ventilator",Contract,1,1,5353864.34,contract,GBP,,,"age (awarded over 5 years ago, no period published)",,2020-06-26,2023-02-28,goods,BAE Systems plc,ocds-h6vhtk-03ace2,https://www.find-tender.service.gov.uk/Notice/005862-2023,https://www.find-tender.service.gov.uk/api/1.0/ocdsRecordPackages/ocds-h6vhtk-03ace2
BAE Systems PLC,UK,name,Probably ended,"Ministry of Defence, Combat Air, UK Military Flying Training System (UKMFTS) Project Team",The provision of Post design Services for Hawk T Mk1/1a & Hawk T Mk2 aircraft.,Contract,1,1,7000000.0,contract,GBP,,,"age (awarded over 5 years ago, no period published)",,2021-01-21,2021-02-04,services,BAE Systems (Operations) Ltd,ocds-h6vhtk-029018,https://www.find-tender.service.gov.uk/Notice/002225-2021,https://www.find-tender.service.gov.uk/api/1.0/ocdsRecordPackages/ocds-h6vhtk-029018
BAE Systems PLC,UK,name,Probably ended,Babcock Land Defence Limited,"SUPPLY OF CR2 & AS90 OBTURATORS, BOLT VENT AXIAL (BVAS) AND THRUST HOUSINGS",Framework / multi-supplier,1,1,13535000.0,contract,GBP,,,"age (awarded over 5 years ago, no period published)",,2021-02-05,2021-03-02,goods,"BAE Systems, GCS International Ltd",ocds-h6vhtk-029782,https://www.find-tender.service.gov.uk/Notice/004125-2021,https://www.find-tender.service.gov.uk/api/1.0/ocdsRecordPackages/ocds-h6vhtk-029782
BAE Systems PLC,UK,name,Probably ended,"Ministry of Defence, Land Equipment, Defence Support Group (DSG)",The supply of spares for the Armoured Tracked and Light Wheels Platforms and Associated items,Framework / multi-supplier,1,1,41000000.0,contract,GBP,,,"age (awarded over 5 years ago, no period published)",,2021-06-30,2021-07-06,goods,Rheinmetall BAE Systems Land Limited,ocds-h6vhtk-02c452,https://www.find-tender.service.gov.uk/Notice/015584-2021,https://www.find-tender.service.gov.uk/api/1.0/ocdsRecordPackages/ocds-h6vhtk-02c452
BAE Systems PLC,UK,name,Probably ended,Ministry of Defence,TIKAL Stage 3,Contract,1,1,,tender,GBP,,,"age (awarded over 5 years ago, no period published)",,2021-08-18,2021-08-23,services,BAE Systems (Operations) Ltd,ocds-h6vhtk-02d71d,https://www.find-tender.service.gov.uk/Notice/020398-2021,https://www.find-tender.service.gov.uk/api/1.0/ocdsRecordPackages/ocds-h6vhtk-02d71d
BAE Systems PLC,UK,name,Probably ended,UK Hydrographic Office,Maritime Foundation Database - Maintenance and Support,Contract,1,1,142581.0,contract,GBP,,,"age (awarded over 5 years ago, no period published)",,2018-04-01,2022-04-08,services,BAE Systems,ocds-h6vhtk-032bb6,https://www.find-tender.service.gov.uk/Notice/009499-2022,https://www.find-tender.service.gov.uk/api/1.0/ocdsRecordPackages/ocds-h6vhtk-032bb6
BAE Systems PLC,UK,name,Probably ended,Skills Development Scotland Co. Limited,Lot 4 - MA Services - Employer,Framework / multi-supplier,45,1,4500000.0,contract,GBP,,2022-03-17,notice text,,2021-03-17,2021-04-21,services,BAE Systems PLC,ocds-h6vhtk-02a850,https://www.find-tender.service.gov.uk/Notice/008415-2021,https://www.find-tender.service.gov.uk/api/1.0/ocdsRecordPackages/ocds-h6vhtk-02a850
BAE Systems PLC,UK,name,Probably ended,Foreign Commonwealth and Development Office,Managed Financial Services,Contract,1,2,5651980.0,contract,GBP,,2024-02-13,notice text,,2022-07-15,2023-02-22,services,BAE SYSTEMS APPLIED INTELLIGENCE LIMITED; BAE Systems Applied Intelligence Limited,ocds-h6vhtk-035585,https://www.find-tender.service.gov.uk/Notice/020189-2022,https://www.find-tender.service.gov.uk/api/1.0/ocdsRecordPackages/ocds-h6vhtk-035585
BAE Systems PLC,UK,name,Probably ended,Defence Equipment & Support,In-Service Support For The Ground Based Air Defence Battlefield Information System Application (GBAD BISA),Contract,1,1,2574259.0,contract,GBP,,2024-03-30,notice text,,2021-03-31,2021-04-27,services,BAE Systems (Operations) Limited,ocds-h6vhtk-02aab9,https://www.find-tender.service.gov.uk/Notice/009032-2021,https://www.find-tender.service.gov.uk/api/1.0/ocdsRecordPackages/ocds-h6vhtk-02aab9
BAE Systems PLC,UK,name,Probably ended,The Skills Development Scotland Co. Limited,Lot 2 - MA Services - Employer,Framework / multi-supplier,36,1,277790000.0,contract,GBP,,2025-03-29,notice text,,2024-03-29,2024-07-11,services,BAE Systems PLC,ocds-h6vhtk-041b37,https://www.find-tender.service.gov.uk/Notice/021277-2024,https://www.find-tender.service.gov.uk/api/1.0/ocdsRecordPackages/ocds-h6vhtk-041b37
BAE Systems PLC,UK,name,Probably ended,Navy Command Commercial,Provision of 5 years maintenance of SADM and purchase of 2 additional seats,Contract,1,1,398000.0,contract,GBP,,2025-06-01,notice text,,2020-06-02,2021-10-21,goods,BAE Systems Australia,ocds-h6vhtk-02eeaa,https://www.find-tender.service.gov.uk/Notice/026429-2021,https://www.find-tender.service.gov.uk/api/1.0/ocdsRecordPackages/ocds-h6vhtk-02eeaa
BAE Systems PLC,UK,name,Probably ended,Ministry of Defence,Littoral Post Design Services Support,Contract,1,1,19526632.0,contract,GBP,,2026-06-30,notice text,,2021-07-01,2021-09-01,goods,BAE Systems Hägglunds AB,ocds-h6vhtk-02dc2c,https://www.find-tender.service.gov.uk/Notice/021693-2021,https://www.find-tender.service.gov.uk/api/1.0/ocdsRecordPackages/ocds-h6vhtk-02dc2c
BAE Systems PLC,UK,name,Probably ended,Ministry of Defence,In-service Support for the Ground Based Air Defence Battlefield Information System Application (GBAD BISA),Contract,1,1,3200000.0,contract,GBP,,2026-10-02,notice text,,2023-10-03,2023-10-03,services,BAE Systems,ocds-h6vhtk-04077e,https://www.find-tender.service.gov.uk/Notice/029124-2023,https://www.find-tender.service.gov.uk/api/1.0/ocdsRecordPackages/ocds-h6vhtk-04077e
Boeing Co,USA,name,Probably ended,Ministry of Defence,E-7 Infrastructure (RIBA 4 - 6),Contract,1,1,60000000.0,contract,GBP,,,"age (awarded over 5 years ago, no period published)",,2021-05-06,2021-05-24,works,Boeing Defence UK Limited,ocds-h6vhtk-02b48d,https://www.find-tender.service.gov.uk/Notice/011547-2021,https://www.find-tender.service.gov.uk/api/1.0/ocdsRecordPackages/ocds-h6vhtk-02b48d
Boeing Co,USA,name,Probably ended,MOD,C17 Synthetic Training Service,Contract,1,1,274369364.09,contract,GBP,,,"age (awarded over 5 years ago, no period published)",,2021-05-01,2021-05-25,services,Boeing Defence UK Limited,ocds-h6vhtk-02b4b8,https://www.find-tender.service.gov.uk/Notice/011590-2021,https://www.find-tender.service.gov.uk/api/1.0/ocdsRecordPackages/ocds-h6vhtk-02b4b8
Boeing Co,USA,name,Probably ended,Ministry of Defence,E-7 Infrastructure RIBA 4 - 6,Contract,1,1,60000000.0,contract,GBP,,,"age (awarded over 5 years ago, no period published)",,2021-05-06,2021-05-28,works,Boeing Defence UK Limited,ocds-h6vhtk-02b6ae,https://www.find-tender.service.gov.uk/Notice/012092-2021,https://www.find-tender.service.gov.uk/api/1.0/ocdsRecordPackages/ocds-h6vhtk-02b6ae
Cadre Holdings Inc,USA,name,Probably ended,YPO,awarded onto lots 18 and 20,Framework / multi-supplier,1,1,30000000.0,contract,GBP,,,"age (awarded over 5 years ago, no period published)",,2020-12-17,2021-01-13,goods,Safariland UK Ltd,ocds-h6vhtk-0289ce,https://www.find-tender.service.gov.uk/Notice/000634-2021,https://www.find-tender.service.gov.uk/api/1.0/ocdsRecordPackages/ocds-h6vhtk-0289ce
Caterpillar Inc,USA,name,Probably ended,Babcock Land Defence Limited,"The Repair and Maintenance of Large Engines, Transmissions and Terrier Assemblies",Framework / multi-supplier,1,1,121402000.0,contract,GBP,,,"age (awarded over 5 years ago, no period published)",,2021-06-24,2021-08-11,services,Caterpillar Shrewsbury Limited,ocds-h6vhtk-02d367,https://www.find-tender.service.gov.uk/Notice/019448-2021,https://www.find-tender.service.gov.uk/api/1.0/ocdsRecordPackages/ocds-h6vhtk-02d367
Cemex SAB de CV,Mexico,name,Probably ended,Derbyshire County Council,ETE040 Surfacing  Ancillary Works for Highways Framework,Contract,1,1,,tender,GBP,,,"age (awarded over 5 years ago, no period published)",,2021-01-29,2021-02-23,services,Cemex UK Materials Ltd,ocds-h6vhtk-029567,https://www.find-tender.service.gov.uk/Notice/003583-2021,https://www.find-tender.service.gov.uk/api/1.0/ocdsRecordPackages/ocds-h6vhtk-029567
Cemex SAB de CV,Mexico,name,Probably ended,Network Rail Infrastructure Ltd,Additional Supplier of Concrete Sleepers,Contract,1,1,48597651.0,contract,GBP,,,"age (awarded over 5 years ago, no period published)",,2020-06-01,2021-02-26,goods,Cemex UK Operations Limited,ocds-h6vhtk-0296eb,https://www.find-tender.service.gov.uk/Notice/003971-2021,https://www.find-tender.service.gov.uk/api/1.0/ocdsRecordPackages/ocds-h6vhtk-0296eb
Colt CZ Group SE,Czech Republic,name,Probably ended,Ministry of Defence,Combined Support Contract for C8 Rifles and Ancillaries,Contract,1,1,2428334.0,contract,GBP,,2024-03-10,notice text,,2021-03-11,2021-03-16,services,Colt Canada Corporation,ocds-h6vhtk-029c69,https://www.find-tender.service.gov.uk/Notice/005368-2021,https://www.find-tender.service.gov.uk/api/1.0/ocdsRecordPackages/ocds-h6vhtk-029c69
Colt CZ Group SE,Czech Republic,name,Probably ended,Ministry of Defence,SUPPLY OF C8 RIFLE SPARES,Framework / multi-supplier,1,1,1000000.0,contract,GBP,,2024-11-15,notice text,,2021-11-16,2021-11-18,goods,COLT CANADA CORPORATION,ocds-h6vhtk-02f83f,https://www.find-tender.service.gov.uk/Notice/028880-2021,https://www.find-tender.service.gov.uk/api/1.0/ocdsRecordPackages/ocds-h6vhtk-02f83f
Elbit Systems Ltd,Israel,name,Probably ended,Ministry of Defence,700007453 - Supply of Night Vision Goggles,Contract,1,1,11478650.0,contract,GBP,,,"age (awarded over 5 years ago, no period published)",,2019-10-11,2021-09-03,goods,INSTRO PRECISION LIMITED,ocds-h6vhtk-02dd34,https://www.find-tender.service.gov.uk/Notice/021957-2021,https://www.find-tender.service.gov.uk/api/1.0/ocdsRecordPackages/ocds-h6vhtk-02dd34
Elbit Systems Ltd,Israel,name,Probably ended,Ministry of Defence,700007453 - Supply of Night Vision Goggles,Contract,1,1,11478650.0,contract,GBP,,,"age (awarded over 5 years ago, no period published)",,2019-10-11,2021-09-03,goods,INSTRO PRECISION LIMITED,ocds-h6vhtk-02dd35,https://www.find-tender.service.gov.uk/Notice/021958-2021,https://www.find-tender.service.gov.uk/api/1.0/ocdsRecordPackages/ocds-h6vhtk-02dd35
Elbit Systems Ltd,Israel,name,Probably ended,Ministry of Defence,700007453 - Supply of Night Vision Goggles,Contract,1,1,11478650.0,contract,GBP,,,"age (awarded over 5 years ago, no period published)",,2019-10-11,2021-09-02,goods,INSTRO PRECISION LIMITED,ocds-h6vhtk-02dc9d,https://www.find-tender.service.gov.uk/Notice/021806-2021,https://www.find-tender.service.gov.uk/api/1.0/ocdsRecordPackages/ocds-h6vhtk-02dc9d
Elbit Systems Ltd,Israel,name,Probably ended,Ministry of Defence,,Contract,1,1,21887870.44,contract,GBP,,2026-09-12,notice text,,2023-09-13,2023-10-05,goods,Elbit Systems UK,ocds-h6vhtk-04085a,https://www.find-tender.service.gov.uk/Notice/029440-2023,https://www.find-tender.service.gov.uk/api/1.0/ocdsRecordPackages/ocds-h6vhtk-04085a
General Dynamics Corp,USA,name,Probably ended,"Ministry of Defence, Land Equipment, Other",700712372 Light Weight Capital Spares 2 (LWCAPS2),Contract,1,1,400000.0,contract,GBP,,,"age (awarded over 5 years ago, no period published)",,2020-12-21,2021-03-24,goods,General Dynamics,ocds-h6vhtk-029ef1,https://www.find-tender.service.gov.uk/Notice/006015-2021,https://www.find-tender.service.gov.uk/api/1.0/ocdsRecordPackages/ocds-h6vhtk-029ef1
Heidelberg Materials AG,Germany,name,Probably ended,Cyngor Gwynedd Council,Lot 5b - Gwynedd - Trunk Roads Single Carriageways,Framework / multi-supplier,4,13,65000000.0,contract,GBP,,,"age (awarded over 5 years ago, no period published)",,2021-03-30,2021-03-31,works,Hanson Quarry Products Europe Ltd T/A Hanson Contracting,ocds-h6vhtk-02a160,https://www.find-tender.service.gov.uk/Notice/006639-2021,https://www.find-tender.service.gov.uk/api/1.0/ocdsRecordPackages/ocds-h6vhtk-02a160
Heidelberg Materials AG,Germany,name,Probably ended,YPO,Aggregates,Framework / multi-supplier,10,3,33000000.0,contract,GBP,,,"age (awarded over 5 years ago, no period published)",,2014-06-13,2026-03-24,goods,Hanson Quarry Products Europe Limited,ocds-h6vhtk-06735d,https://www.find-tender.service.gov.uk/Notice/027084-2026,https://www.find-tender.service.gov.uk/api/1.0/ocdsRecordPackages/ocds-h6vhtk-06735d
Honeywell Aerospace Inc,USA,check,Probably ended,Merseyside Fire and Rescue Service,Lot 2 - Gases and vapours,Contract,1,1,683260.0,contract,GBP,,,"age (awarded over 5 years ago, no period published)",,2021-07-28,2021-08-20,goods,Life Safety Distribution (Honeywell Analytics Ltd) International,ocds-h6vhtk-02d78f,https://www.find-tender.service.gov.uk/Notice/020512-2021,https://www.find-tender.service.gov.uk/api/1.0/ocdsRecordPackages/ocds-h6vhtk-02d78f
Honeywell Aerospace Inc,USA,check,Probably ended,University of Strathclyde,Provision of a fully comprehensive maintenance service for a Building and Energy Management System (“BEMS”) (inclusive of hardware and software),Contract,1,2,7033564.2,contract,GBP,,,"age (awarded over 5 years ago, no period published)",,2021-04-30,2021-07-14,services,Honeywell Control Systems Ltd,ocds-h6vhtk-02ac72,https://www.find-tender.service.gov.uk/Notice/009473-2021,https://www.find-tender.service.gov.uk/api/1.0/ocdsRecordPackages/ocds-h6vhtk-02ac72
Honeywell Aerospace Inc,USA,check,Probably ended,MOD,C130J Worldwide Navigation Database (WWNDB),Contract,1,1,700000.0,contract,GBP,,,"age (awarded over 5 years ago, no period published)",,2020-11-04,2021-02-22,services,Honeywell International Inc.,ocds-h6vhtk-0294dc,https://www.find-tender.service.gov.uk/Notice/003444-2021,https://www.find-tender.service.gov.uk/api/1.0/ocdsRecordPackages/ocds-h6vhtk-0294dc
International Business Machines Corp,USA,name,Probably ended,NHS London Procurement Partnership,Clinical Digital Professional Services (CDPS) Framework Agreement,Framework / multi-supplier,13,1,,tender,GBP,,,"age (awarded over 5 years ago, no period published)",,2020-12-15,2021-02-24,services,IBM,ocds-h6vhtk-0295c7,https://www.find-tender.service.gov.uk/Notice/003679-2021,https://www.find-tender.service.gov.uk/api/1.0/ocdsRecordPackages/ocds-h6vhtk-0295c7
International Business Machines Corp,USA,name,Probably ended,Crown Commercial Service,Cloud Compute,Contract,1,1,750000000.0,contract,GBP,,,"age (awarded over 5 years ago, no period published)",,2021-05-05,2021-05-24,services,IBM United Kingdom Limited,ocds-h6vhtk-02b48a,https://www.find-tender.service.gov.uk/Notice/011544-2021,https://www.find-tender.service.gov.uk/api/1.0/ocdsRecordPackages/ocds-h6vhtk-02b48a
International Business Machines Corp,USA,name,Probably ended,The Minister for the Cabinet Office acting through Crown Commercial Service,Cloud Compute,Contract,1,1,750000000.0,contract,GBP,,,"age (awarded over 5 years ago, no period published)",,2021-05-05,2021-05-21,services,IBM United Kingdom Limited,ocds-h6vhtk-02b40f,https://www.find-tender.service.gov.uk/Notice/011421-2021,https://www.find-tender.service.gov.uk/api/1.0/ocdsRecordPackages/ocds-h6vhtk-02b40f
International Business Machines Corp,USA,name,Probably ended,"Ministry of Defence, IBOC, Situational Awareness Command and Control (SACC) Delivery Team",Project CERBERUS,Contract,1,1,56750000.0,contract,GBP,,2022-07-19,notice text,,2022-01-18,2022-01-26,services,IBM United Kingdom Limited,ocds-h6vhtk-030fd7,https://www.find-tender.service.gov.uk/Notice/002366-2022,https://www.find-tender.service.gov.uk/api/1.0/ocdsRecordPackages/ocds-h6vhtk-030fd7
International Business Machines Corp,USA,name,Probably ended,ENERGY SYSTEMS CATAPULT LIMITED,ERIS SLES Marketplace Platform,Contract,1,1,999999.0,contract,GBP,,2022-11-10,notice text,,2021-11-11,2024-03-13,services,IBM UK Ltd,ocds-h6vhtk-04480d,https://www.find-tender.service.gov.uk/Notice/007998-2024,https://www.find-tender.service.gov.uk/api/1.0/ocdsRecordPackages/ocds-h6vhtk-04480d
International Business Machines Corp,USA,name,Probably ended,South West Police Procurement Service,SAP Resource,Contract,1,1,484000.0,contract,GBP,,2024-12-27,notice text,,2024-06-28,2024-07-31,services,IBM UK Ltd,ocds-h6vhtk-048623,https://www.find-tender.service.gov.uk/Notice/023864-2024,https://www.find-tender.service.gov.uk/api/1.0/ocdsRecordPackages/ocds-h6vhtk-048623
International Business Machines Corp,USA,name,Probably ended,Ministry of Defence,Support to Radar Data Replicator,Contract,1,3,1375892.8,contract,GBP,,2025-02-07,notice text,,2021-11-26,2024-03-25,services,IBM UK Ltd; IBM United Kingdom Ltd,ocds-h6vhtk-02fab3,https://www.find-tender.service.gov.uk/Notice/029508-2021,https://www.find-tender.service.gov.uk/api/1.0/ocdsRecordPackages/ocds-h6vhtk-02fab3
International Business Machines Corp,USA,name,Probably ended,Social Security Scotland,Cloud Engineering Service,Contract,1,1,14953533.0,contract,GBP,,2026-03-27,notice text,,2024-03-28,2024-04-30,services,IBM UK LTD,ocds-h6vhtk-0455fa,https://www.find-tender.service.gov.uk/Notice/013835-2024,https://www.find-tender.service.gov.uk/api/1.0/ocdsRecordPackages/ocds-h6vhtk-0455fa
International Business Machines Corp,USA,name,Probably ended,The British Broadcasting Corporation (BBC),Systems Delivery and Integration Services Framework,Framework / multi-supplier,1,1,1.0,contract,GBP,,2026-04-09,notice text,,2022-04-11,2022-05-12,services,IBM United Kingdom Limited,ocds-h6vhtk-02fb25,https://www.find-tender.service.gov.uk/Notice/012348-2022,https://www.find-tender.service.gov.uk/api/1.0/ocdsRecordPackages/ocds-h6vhtk-02fb25
Kongsberg Gruppen ASA,Norway,name,Probably ended,CalMac Ferries Limited,MV Lochnevis - Control System upgrade,Contract,1,2,500000.0,contract,GBP,,,"age (awarded over 5 years ago, no period published)",,2021-04-30,2021-07-06,services,Kongsberg Maritime Ltd,ocds-h6vhtk-02ac3f,https://www.find-tender.service.gov.uk/Notice/009422-2021,https://www.find-tender.service.gov.uk/api/1.0/ocdsRecordPackages/ocds-h6vhtk-02ac3f
Kongsberg Gruppen ASA,Norway,name,Probably ended,"Ministry of Defence, Naval Ships Support",Provision of Hydrographic Sonar System Support,Contract,1,1,707804.1,contract,GBP,,,"age (awarded over 5 years ago, no period published)",,2021-08-20,2021-10-12,services,Kongsberg Maritime AS,ocds-h6vhtk-02eb30,https://www.find-tender.service.gov.uk/Notice/025539-2021,https://www.find-tender.service.gov.uk/api/1.0/ocdsRecordPackages/ocds-h6vhtk-02eb30
L3Harris Technologies Inc,USA,name,Probably ended,Ministry of Defence,Multi-Mode Radio (MMR),Contract,1,1,90000000.0,contract,GBP,,,"age (awarded over 5 years ago, no period published)",,2021-05-11,2021-05-11,goods,Harris Systems Limited (a subsidiary of L3Harris Technologies Inc),ocds-h6vhtk-02afd7,https://www.find-tender.service.gov.uk/Notice/010342-2021,https://www.find-tender.service.gov.uk/api/1.0/ocdsRecordPackages/ocds-h6vhtk-02afd7
Leonardo SpA,Italy,name,Probably ended,MINISTRY OF DEFENCE,Probabilistic Risk Assessment Model Laser Safety Support,Contract,1,1,1675177.0,contract,GBP,,,"age (awarded over 5 years ago, no period published)",,2021-05-07,2021-05-07,services,Leonardo MW Ltd,ocds-h6vhtk-02ae45,https://www.find-tender.service.gov.uk/Notice/009940-2021,https://www.find-tender.service.gov.uk/api/1.0/ocdsRecordPackages/ocds-h6vhtk-02ae45
Leonardo SpA,Italy,check,Probably ended,MINISTRY OF DEFENCE,PRA Laser Safety Support,Contract,1,1,1675201.0,contract,GBP,,,"age (awarded over 5 years ago, no period published)",,2021-05-21,2021-06-29,services,Leonardo Ltd,ocds-h6vhtk-02c144,https://www.find-tender.service.gov.uk/Notice/014801-2021,https://www.find-tender.service.gov.uk/api/1.0/ocdsRecordPackages/ocds-h6vhtk-02c144
Leonardo SpA,Italy,name,Probably ended,Ministry of Defence,Wildcat Integrated Support & Training,Contract,1,1,483000000.0,contract,GBP,,,"age (awarded over 5 years ago, no period published)",,2021-07-14,2021-08-02,goods,Leonardo UK Ltd,ocds-h6vhtk-02cfc0,https://www.find-tender.service.gov.uk/Notice/018514-2021,https://www.find-tender.service.gov.uk/api/1.0/ocdsRecordPackages/ocds-h6vhtk-02cfc0
Leonardo SpA,Italy,name,Probably ended,Ministry of Defence,Provision of Post Design Support Services to Enforcer RWS,Contract,1,1,1000000.0,contract,GBP,,,"age (awarded over 5 years ago, no period published)",,2021-09-22,2021-09-27,goods,Leonardo UK Ltd,ocds-h6vhtk-02e52f,https://www.find-tender.service.gov.uk/Notice/023999-2021,https://www.find-tender.service.gov.uk/api/1.0/ocdsRecordPackages/ocds-h6vhtk-02e52f
Leonardo SpA,Italy,name,Probably ended,Ministry of Defence,VTN for the provision of Aircraft Consumables,Contract,1,1,50000000.0,contract,GBP,,,"age (awarded over 5 years ago, no period published)",,2021-05-13,2021-05-14,goods,Leonardo UK Ltd,ocds-h6vhtk-02b180,https://www.find-tender.service.gov.uk/Notice/010767-2021,https://www.find-tender.service.gov.uk/api/1.0/ocdsRecordPackages/ocds-h6vhtk-02b180
Leonardo SpA,Italy,name,Probably ended,Leonardo UK Ltd,Type 31 Mode 5 Identification Friend or Foe,Contract,1,2,8700000.0,contract,GBP,,,"age (awarded over 5 years ago, no period published)",,2021-02-10,2021-10-08,goods,Leonardo MW Ltd; Leonardo UK Ltd,ocds-h6vhtk-0292b3,https://www.find-tender.service.gov.uk/Notice/002892-2021,https://www.find-tender.service.gov.uk/api/1.0/ocdsRecordPackages/ocds-h6vhtk-0292b3
Leonardo SpA,Italy,name,Probably ended,Skills Development Scotland Co. Limited,Lot 4 - MA Services - Employer,Framework / multi-supplier,45,1,4500000.0,contract,GBP,,2022-03-17,notice text,,2021-03-17,2021-04-21,services,Leonardo MW Ltd,ocds-h6vhtk-02a850,https://www.find-tender.service.gov.uk/Notice/008415-2021,https://www.find-tender.service.gov.uk/api/1.0/ocdsRecordPackages/ocds-h6vhtk-02a850
Leonardo SpA,Italy,name,Probably ended,Ministry of Defence,GSA 8 In Service Support,Contract,1,1,2700000.0,contract,GBP,,2024-01-13,notice text,,2022-09-14,2022-09-14,services,Leonardo UK,ocds-h6vhtk-036871,https://www.find-tender.service.gov.uk/Notice/025814-2022,https://www.find-tender.service.gov.uk/api/1.0/ocdsRecordPackages/ocds-h6vhtk-036871
Leonardo SpA,Italy,name,Probably ended,The Skills Development Scotland Co. Limited,Lot 2 - MA Services - Employer,Framework / multi-supplier,36,1,277790000.0,contract,GBP,,2025-03-29,notice text,,2024-03-29,2024-07-11,services,Leonardo UK,ocds-h6vhtk-041b37,https://www.find-tender.service.gov.uk/Notice/021277-2024,https://www.find-tender.service.gov.uk/api/1.0/ocdsRecordPackages/ocds-h6vhtk-041b37
Lockheed Martin Corp,USA,name,Probably ended,Merlin DElivery Team,Interim Support for the Crowsnest Modification to the Merlin Mk2,Contract,1,1,,tender,GBP,,,"age (awarded over 5 years ago, no period published)",,2021-01-28,2021-01-29,services,Lockheed Martin UK Ltd,ocds-h6vhtk-028eab,https://www.find-tender.service.gov.uk/Notice/001877-2021,https://www.find-tender.service.gov.uk/api/1.0/ocdsRecordPackages/ocds-h6vhtk-028eab
Lockheed Martin Corp,USA,name,Probably ended,Ministry of Defence,Land Environment Air Picture Provision (LEAPP) Obsolescence,Contract,1,1,20000000.0,contract,GBP,,,"age (awarded over 5 years ago, no period published)",,2021-07-08,2021-07-08,goods,Lockheed Martin UK Ampthill Limited,ocds-h6vhtk-02c5e9,https://www.find-tender.service.gov.uk/Notice/015991-2021,https://www.find-tender.service.gov.uk/api/1.0/ocdsRecordPackages/ocds-h6vhtk-02c5e9
Lockheed Martin Corp,USA,name,Probably ended,Ministry of Defence,701712470 - ADEWS/100,Contract,1,1,2701116.0,contract,GBP,,,"age (awarded over 5 years ago, no period published)",,2020-09-04,2021-10-08,services,Lockheed Martin Corporation Overseas,ocds-h6vhtk-02ea2e,https://www.find-tender.service.gov.uk/Notice/025281-2021,https://www.find-tender.service.gov.uk/api/1.0/ocdsRecordPackages/ocds-h6vhtk-02ea2e
Lockheed Martin Corp,USA,name,Probably ended,Ministry of Defence,Project DEIMOS,Contract,1,1,850000.0,contract,GBP,,2024-04-03,notice text,,2023-10-04,2023-10-04,services,Lockheed Martin Aeronautics Ltd,ocds-h6vhtk-0407d7,https://www.find-tender.service.gov.uk/Notice/029252-2023,https://www.find-tender.service.gov.uk/api/1.0/ocdsRecordPackages/ocds-h6vhtk-0407d7
Motorola Solutions Inc,USA,name,Probably ended,"Essex Police, Fire and Crime Commissioner Fire and Rescue Authority",Contract for the Provision of a Replacement Control Systems Solution,Contract,1,1,2901808.0,contract,GBP,,,"age (awarded over 5 years ago, no period published)",,2021-09-10,2021-09-23,goods,Airwave Solutions Ltd,ocds-h6vhtk-02e3ec,https://www.find-tender.service.gov.uk/Notice/023673-2021,https://www.find-tender.service.gov.uk/api/1.0/ocdsRecordPackages/ocds-h6vhtk-02e3ec
Motorola Solutions Inc,USA,name,Probably ended,Bedfordshire Fire & Rescue Service,Provision of a Replacement Integrated Communication Control System and Mobilising Solution,Contract,1,1,1931000.0,contract,GBP,,,"age (awarded over 5 years ago, no period published)",,2020-06-19,2024-01-03,services,Airwave Solutions Ltd,ocds-h6vhtk-042a8d,https://www.find-tender.service.gov.uk/Notice/000154-2024,https://www.find-tender.service.gov.uk/api/1.0/ocdsRecordPackages/ocds-h6vhtk-042a8d
Motorola Solutions Inc,USA,check,Probably ended,Northern Ireland Fire and Rescue Service,TETRA Digital Radio Replacement,Contract,1,2,3154596.0,contract,GBP,,,"age (awarded over 5 years ago, no period published)",,2021-03-03,2021-03-29,goods,Motorola,ocds-h6vhtk-029835,https://www.find-tender.service.gov.uk/Notice/004312-2021,https://www.find-tender.service.gov.uk/api/1.0/ocdsRecordPackages/ocds-h6vhtk-029835
Motorola Solutions Inc,USA,name,Probably ended,Northern Ireland Fire and Rescue Service,PROCAD Support Agreement,Contract,1,2,676128.0,contract,GBP,,,"age (awarded over 5 years ago, no period published)",,2021-03-10,2021-03-29,services,Motorola; Motorola Solutions Ltd,ocds-h6vhtk-029a38,https://www.find-tender.service.gov.uk/Notice/004807-2021,https://www.find-tender.service.gov.uk/api/1.0/ocdsRecordPackages/ocds-h6vhtk-029a38
Northrop Grumman Corp,USA,name,Probably ended,"Ministry of Defence, Air Support, Air Platform Systems Project Team (APS PT)",Combat Electromagnetic Environmental Simulator (CEESIM) In-Service Support,Contract,1,1,2680000.0,contract,GBP,,,"age (awarded over 5 years ago, no period published)",,2021-02-05,2021-02-18,services,"Northrop Grumman International Trading, Inc. (Amherst)",ocds-h6vhtk-029438,https://www.find-tender.service.gov.uk/Notice/003281-2021,https://www.find-tender.service.gov.uk/api/1.0/ocdsRecordPackages/ocds-h6vhtk-029438
Northrop Grumman Corp,USA,name,Probably ended,Ministry of Defence,AMML Support,Contract,1,1,,tender,GBP,,,"age (awarded over 5 years ago, no period published)",,2021-06-30,2021-06-30,goods,Northrop Grumman-IT,ocds-h6vhtk-02c210,https://www.find-tender.service.gov.uk/Notice/015004-2021,https://www.find-tender.service.gov.uk/api/1.0/ocdsRecordPackages/ocds-h6vhtk-02c210
Northrop Grumman Corp,USA,name,Probably ended,Platform Equipment Delivery Team (PEDT),10000000,Contract,1,1,10000000.0,contract,GBP,,,"age (awarded over 5 years ago, no period published)",,2021-03-11,2021-08-09,services,Northrop Grumman Sperry Marine,ocds-h6vhtk-029afb,https://www.find-tender.service.gov.uk/Notice/005002-2021,https://www.find-tender.service.gov.uk/api/1.0/ocdsRecordPackages/ocds-h6vhtk-029afb
Northrop Grumman Corp,USA,name,Probably ended,Ministry of Defence,VM250,Contract,1,1,950000.0,contract,GBP,,,"age (awarded over 5 years ago, no period published)",,2021-05-17,2021-05-18,goods,Northrop Grumman UK Limited,ocds-h6vhtk-02b27b,https://www.find-tender.service.gov.uk/Notice/011018-2021,https://www.find-tender.service.gov.uk/api/1.0/ocdsRecordPackages/ocds-h6vhtk-02b27b
Northrop Grumman Corp,USA,name,Probably ended,Ministry of Defence,Delivery of IBCS and FAAD C2 Concept Studies,Contract,1,1,1.0,contract,GBP,,2025-02-25,notice text,,2024-08-27,2024-09-10,services,NORTHROP GRUMMAN UK LIMITED,ocds-h6vhtk-04996a,https://www.find-tender.service.gov.uk/Notice/028865-2024,https://www.find-tender.service.gov.uk/api/1.0/ocdsRecordPackages/ocds-h6vhtk-04996a
Oshkosh Corp,USA,name,Probably ended,Ministry of Defence,Wheeled Tanker Support Extension,Contract,1,1,10000000.0,contract,GBP,,,"age (awarded over 5 years ago, no period published)",,2021-09-09,2021-09-09,goods,Oshkosh Defense LLC,ocds-h6vhtk-02df33,https://www.find-tender.service.gov.uk/Notice/022468-2021,https://www.find-tender.service.gov.uk/api/1.0/ocdsRecordPackages/ocds-h6vhtk-02df33
Palantir Technologies Inc,USA,name,Probably ended,Nuclear Restoration Services Limited,Back Office Software,Framework / multi-supplier,1,1,1200000000.0,contract,GBP,,,"age (awarded over 5 years ago, no period published)",,2021-03-26,2025-04-28,services,"Palantir Technologies UK, Ltd",ocds-h6vhtk-02a7c7,https://www.find-tender.service.gov.uk/Notice/008278-2021,https://www.find-tender.service.gov.uk/api/1.0/ocdsRecordPackages/ocds-h6vhtk-02a7c7
RTX Corp,USA,name,Probably ended,Skills Development Scotland Co. Limited,Lot 1 - MA Services - Provider - Highlands & Islands,Framework / multi-supplier,84,1,8200000.0,contract,GBP,,2022-03-17,notice text,,2021-03-17,2021-04-21,services,Raytheon Systems Limited,ocds-h6vhtk-02a850,https://www.find-tender.service.gov.uk/Notice/008415-2021,https://www.find-tender.service.gov.uk/api/1.0/ocdsRecordPackages/ocds-h6vhtk-02a850
RTX Corp,USA,name,Probably ended,Skills Development Scotland Co. Limited,Lot 2 - MA Services - Provider - Lowlands & Uplands,Framework / multi-supplier,69,1,65400000.0,contract,GBP,,2022-03-17,notice text,,2021-03-17,2021-04-21,services,Raytheon Systems Limited,ocds-h6vhtk-02a851,https://www.find-tender.service.gov.uk/Notice/008416-2021,https://www.find-tender.service.gov.uk/api/1.0/ocdsRecordPackages/ocds-h6vhtk-02a851
RTX Corp,USA,name,Probably ended,The Skills Development Scotland Co. Limited,Modern Apprenticeship Services - Learning Provider and Employer 2024-2025,Framework / multi-supplier,86,1,277790000.0,contract,GBP,,2025-03-29,notice text,,2024-03-29,2024-07-11,services,Raytheon Systems Limited,ocds-h6vhtk-041b37,https://www.find-tender.service.gov.uk/Notice/021283-2024,https://www.find-tender.service.gov.uk/api/1.0/ocdsRecordPackages/ocds-h6vhtk-041b37
RTX Corp,USA,name,Probably ended,Ministry of Defence,Command and Staff Trainer (CAST) Contractor Logistic Support and Post Design Services,Contract,1,1,19071439.0,contract,GBP,,2026-01-12,notice text,,2023-01-13,2023-01-13,goods,Raytheon Systems Limited UK,ocds-h6vhtk-03978e,https://www.find-tender.service.gov.uk/Notice/001189-2023,https://www.find-tender.service.gov.uk/api/1.0/ocdsRecordPackages/ocds-h6vhtk-03978e
Rheinmetall AG,Germany,name,Probably ended,Ministry of Defence,"The Maintenance and Repair of CR2, CRARRV, T2 and AS90 FRAME ELECTRICAL LAYOUTS (FELS) Training Aids",Framework / multi-supplier,1,1,3500000.0,contract,GBP,,,"age (awarded over 5 years ago, no period published)",,2021-05-25,2021-06-01,services,Rheinmetall BAE Systems Land (RBSL),ocds-h6vhtk-02b73c,https://www.find-tender.service.gov.uk/Notice/012234-2021,https://www.find-tender.service.gov.uk/api/1.0/ocdsRecordPackages/ocds-h6vhtk-02b73c
Rheinmetall AG,Germany,name,Probably ended,Ministry of Defence,The supply of spares for the Armoured Tracked and Light Wheels Platforms and Associated items,Framework / multi-supplier,1,1,41000000.0,contract,GBP,,,"age (awarded over 5 years ago, no period published)",,2021-06-15,2021-06-15,goods,Rheinmetall BAE Systems Land Limited,ocds-h6vhtk-02bc5e,https://www.find-tender.service.gov.uk/Notice/013547-2021,https://www.find-tender.service.gov.uk/api/1.0/ocdsRecordPackages/ocds-h6vhtk-02bc5e
Rheinmetall AG,Germany,name,Probably ended,Ministry of Defence,Challenger 2 Life Extension Project: Design Manufacture and Initial In Service Support,Contract,1,1,670000000.0,contract,GBP,,,"age (awarded over 5 years ago, no period published)",,2021-03-30,2021-05-07,goods,Rheinmetall BAE Systems Land Limited,ocds-h6vhtk-02aeb8,https://www.find-tender.service.gov.uk/Notice/010055-2021,https://www.find-tender.service.gov.uk/api/1.0/ocdsRecordPackages/ocds-h6vhtk-02aeb8
Rheinmetall AG,Germany,name,Probably ended,Ministry of Defence,The repair and refurbishment of Fire Suppression Equipment,Framework / multi-supplier,1,1,11780178.0,contract,GBP,,,"age (awarded over 5 years ago, no period published)",,2021-03-09,2021-06-01,services,Rheinmetall BAE Systems Land (RBSL),ocds-h6vhtk-02b73d,https://www.find-tender.service.gov.uk/Notice/012235-2021,https://www.find-tender.service.gov.uk/api/1.0/ocdsRecordPackages/ocds-h6vhtk-02b73d
Rheinmetall AG,Germany,name,Probably ended,"Ministry of Defence, Land Equipment, Defence Support Group (DSG)",The supply of spares for the Armoured Tracked and Light Wheels Platforms and Associated items,Framework / multi-supplier,1,1,41000000.0,contract,GBP,,,"age (awarded over 5 years ago, no period published)",,2021-06-30,2021-07-06,goods,Rheinmetall BAE Systems Land Limited,ocds-h6vhtk-02c452,https://www.find-tender.service.gov.uk/Notice/015584-2021,https://www.find-tender.service.gov.uk/api/1.0/ocdsRecordPackages/ocds-h6vhtk-02c452
Rolls-Royce Holdings plc,UK,name,Probably ended,"Ministry of Defence, Combat Air, UK Military Flying Training System (UKMFTS) Project Team",Provision of In-Service-Support and Availability of Adour Engines for Hawk T Mk1/1A and Hawk T Mk2 aircraft,Contract,1,1,15000000.0,contract,GBP,,,"age (awarded over 5 years ago, no period published)",,2021-01-21,2021-02-04,services,ROLLS-ROYCE PLC,ocds-h6vhtk-02901a,https://www.find-tender.service.gov.uk/Notice/002227-2021,https://www.find-tender.service.gov.uk/api/1.0/ocdsRecordPackages/ocds-h6vhtk-02901a
Rolls-Royce Holdings plc,UK,name,Probably ended,Ministry of Defence,£7.5M,Framework / multi-supplier,1,1,7772523.25,contract,GBP,,,"age (awarded over 5 years ago, no period published)",,2021-03-20,2023-06-29,goods,Rolls-Royce Power Engineering Ltd,ocds-h6vhtk-03dd5e,https://www.find-tender.service.gov.uk/Notice/018474-2023,https://www.find-tender.service.gov.uk/api/1.0/ocdsRecordPackages/ocds-h6vhtk-03dd5e
Rolls-Royce Holdings plc,UK,name,Probably ended,Skills Development Scotland Co. Limited,Lot 4 - MA Services - Employer,Framework / multi-supplier,45,1,4500000.0,contract,GBP,,2022-03-17,notice text,,2021-03-17,2021-04-21,services,Rolls-Royce,ocds-h6vhtk-02a850,https://www.find-tender.service.gov.uk/Notice/008415-2021,https://www.find-tender.service.gov.uk/api/1.0/ocdsRecordPackages/ocds-h6vhtk-02a850
Rolls-Royce Holdings plc,UK,name,Probably ended,The Skills Development Scotland Co. Limited,Lot 2 - MA Services - Employer,Framework / multi-supplier,36,1,277790000.0,contract,GBP,,2025-03-29,notice text,,2024-03-29,2024-07-11,services,Rolls-Royce,ocds-h6vhtk-041b37,https://www.find-tender.service.gov.uk/Notice/021277-2024,https://www.find-tender.service.gov.uk/api/1.0/ocdsRecordPackages/ocds-h6vhtk-041b37
Axon Enterprise Inc,USA,name,Expired,Ministry of Defence,Body Worn Video Camera for MDP,Contract,1,1,1055020.0,contract,GBP,,2024-06-15,estimated (start + duration),,2021-07-01,2021-08-10,goods,Axon Public Safety UK Ltd,ocds-h6vhtk-02d331,https://www.find-tender.service.gov.uk/Notice/019394-2021,https://www.find-tender.service.gov.uk/api/1.0/ocdsRecordPackages/ocds-h6vhtk-02d331
Axon Enterprise Inc,USA,name,Expired,East Of England NHS Collaborative Hub c/o West Suffolk NHS Foundation Trust,Provision and Support of an Electronic Patient Record System (EPR),Framework / multi-supplier,8,1,2000000.0,contract,GBP,2023-03-01,2025-03-31,lot,,2022-11-01,2023-12-05,goods,Axon Public Safety UK Ltd; Axon Public Saftey UK Ltd,ocds-h6vhtk-036c07,https://www.find-tender.service.gov.uk/Notice/035806-2023,https://www.find-tender.service.gov.uk/api/1.0/ocdsRecordPackages/ocds-h6vhtk-036c07
Axon Enterprise Inc,USA,name,Expired,Civil Nuclear Police Authority,Taser 10 Halt Suits,Contract,1,1,37182.0,award,GBP,2025-09-30,2026-03-16,award,,,2025-09-30,,AXON PUBLIC SAFETY UK LIMITED,ocds-h6vhtk-05a484,https://www.find-tender.service.gov.uk/api/1.0/ocdsRecordPackages/ocds-h6vhtk-05a484,https://www.find-tender.service.gov.uk/api/1.0/ocdsRecordPackages/ocds-h6vhtk-05a484
BAE Systems PLC,UK,name,Expired,Department of Health and Social Care,Supporting Data Strategy: BAE Systems Test & Trace Data Platform,Contract,1,1,7362386.0,contract,GBP,2021-04-26,2021-09-30,contract,,2021-03-31,2021-07-30,services,BAE Systems Applied Intelligence,ocds-h6vhtk-02ce9b,https://www.find-tender.service.gov.uk/Notice/018221-2021,https://www.find-tender.service.gov.uk/api/1.0/ocdsRecordPackages/ocds-h6vhtk-02ce9b
BAE Systems PLC,UK,name,Expired,Ministry of Defence,MSS/143 - Multi-Supplier Framework for Marine Systems Support (MSS) Post Design and Technical Services,Framework / multi-supplier,1,3,6935824000.0,contract,GBP,,2021-10-18,tender,,2024-03-08,2024-04-19,services,BAE Systems Surface Ships Limited,ocds-h6vhtk-02e8f3,https://www.find-tender.service.gov.uk/Notice/012765-2024,https://www.find-tender.service.gov.uk/api/1.0/ocdsRecordPackages/ocds-h6vhtk-02e8f3
BAE Systems PLC,UK,name,Expired,Secretary of State for Health and Social Care acting as part of the Crown through UK Health Security Agency,BAE Systems Test & Trace Data Platform Support - Phase 4,Contract,1,1,4680752.5,contract,GBP,,2021-11-29,estimated (start + duration),,2021-09-30,2022-01-18,goods,BAE Systems Applied Intelligence,ocds-h6vhtk-030c14,https://www.find-tender.service.gov.uk/Notice/001403-2022,https://www.find-tender.service.gov.uk/api/1.0/ocdsRecordPackages/ocds-h6vhtk-030c14
BAE Systems PLC,UK,name,Expired,Secretary of State for Health and Social Care acting as part of the Crown through UK Health Security Agency,BAE Systems Test & Trace Data Platform Support - Phase 4,Contract,1,1,6729567.03,contract,GBP,,2021-12-29,estimated (start + duration),,2021-09-30,2022-04-26,services,BAE SYSTEMS APPLIED INTELLIGENCE LIMITED,ocds-h6vhtk-033093,https://www.find-tender.service.gov.uk/Notice/010741-2022,https://www.find-tender.service.gov.uk/api/1.0/ocdsRecordPackages/ocds-h6vhtk-033093
BAE Systems PLC,UK,name,Expired,"Ministry of Defence, C&C, C&C",Provision of PAC24 to USV and Fleet Minor Trial,Framework / multi-supplier,2,1,3260688.93,contract,GBP,2020-01-15,2021-12-31,contract,,2020-01-15,2021-05-10,goods,BAE Systems Surface Ships Ltd,ocds-h6vhtk-02aee8,https://www.find-tender.service.gov.uk/Notice/010103-2021,https://www.find-tender.service.gov.uk/api/1.0/ocdsRecordPackages/ocds-h6vhtk-02aee8
BAE Systems PLC,UK,name,Expired,Ministry of Defence,AWE Urban: Sustain and Protect,Framework / multi-supplier,27,1,1.0,contract,GBP,,2023-03-31,lot,,2022-06-14,2022-10-27,services,BAE Systems Applied Intelligence,ocds-h6vhtk-030344,https://www.find-tender.service.gov.uk/Notice/030422-2022,https://www.find-tender.service.gov.uk/api/1.0/ocdsRecordPackages/ocds-h6vhtk-030344
BAE Systems PLC,UK,name,Expired,Secretary of State for Health and Social Care acting as part of the Crown through UK Health Security Agency,Platform Engineering and Data Engineering Development Partner for EDGE and post,Framework / multi-supplier,1,2,11336073.41,contract,GBP,2023-04-01,2023-09-30,lot,,2022-07-01,2023-05-12,services,BAE SYSTEMS APPLIED INTELLIGENCE LIMITED,ocds-h6vhtk-03c715,https://www.find-tender.service.gov.uk/Notice/013084-2023,https://www.find-tender.service.gov.uk/api/1.0/ocdsRecordPackages/ocds-h6vhtk-03c715
BAE Systems PLC,UK,name,Expired,Department for Education,"Aggregated DevOps for Apprenticeship Service, Funding Service and T Levels",Contract,1,1,10229276.0,contract,GBP,2022-02-23,2024-02-23,lot,,2023-12-20,2023-12-22,services,BAE Systems Applied Intelligence Ltd,ocds-h6vhtk-042997,https://www.find-tender.service.gov.uk/Notice/037852-2023,https://www.find-tender.service.gov.uk/api/1.0/ocdsRecordPackages/ocds-h6vhtk-042997
BAE Systems PLC,UK,name,Expired,Ministry of Defence,Abbott Kits,Contract,1,1,8100000.0,contract,GBP,,2024-03-16,estimated (start + duration),,2023-03-17,2023-03-28,goods,BAE Systems GCS International Ltd,ocds-h6vhtk-03b69a,https://www.find-tender.service.gov.uk/Notice/008943-2023,https://www.find-tender.service.gov.uk/api/1.0/ocdsRecordPackages/ocds-h6vhtk-03b69a
BAE Systems PLC,UK,name,Expired,Ministry of Defence,Engineering Service Support of Naval Compass Stabiliser Mark 1 (NCS1),Contract,1,1,2683482.0,contract,GBP,,2024-04-03,estimated (start + duration),,2022-04-04,2022-05-24,services,BAE Systems (Operations) Ltd,ocds-h6vhtk-033ec0,https://www.find-tender.service.gov.uk/Notice/014363-2022,https://www.find-tender.service.gov.uk/api/1.0/ocdsRecordPackages/ocds-h6vhtk-033ec0
BAE Systems PLC,UK,name,Expired,Ministry of Defence,Initial In-Service Support Solution Contract 155 Interim (Archer),Contract,1,1,804.0,contract,SEK,,2024-11-14,estimated (start + duration),,2023-11-20,2023-12-07,services,BAE Systems Bofors AB,ocds-h6vhtk-042263,https://www.find-tender.service.gov.uk/Notice/036081-2023,https://www.find-tender.service.gov.uk/api/1.0/ocdsRecordPackages/ocds-h6vhtk-042263
BAE Systems PLC,UK,name,Expired,Ministry of Defence,RN Fleet Efficiency,Contract,1,1,68433.32,contract,GBP,2026-02-02,2026-03-31,contract,,2026-01-30,2026-02-11,,BAE SYSTEMS SURFACE SHIPS LIMITED,ocds-h6vhtk-064de4,https://www.find-tender.service.gov.uk/api/1.0/ocdsRecordPackages/ocds-h6vhtk-064de4,https://www.find-tender.service.gov.uk/api/1.0/ocdsRecordPackages/ocds-h6vhtk-064de4
BAE Systems PLC,UK,name,Expired,Ministry of Defence,HRAFI Workforce Modelling,Framework / multi-supplier,2,1,1387681.45,contract,GBP,2024-12-03,2026-03-31,contract,,2026-01-15,2026-03-03,services,BAE SYSTEMS; BAE systems,ocds-h6vhtk-066129,https://www.find-tender.service.gov.uk/Notice/019050-2026,https://www.find-tender.service.gov.uk/api/1.0/ocdsRecordPackages/ocds-h6vhtk-066129
BAE Systems PLC,UK,name,Expired,Crown Prosecution Service,Python for MIS Build,Contract,1,1,114862.5,contract,GBP,2026-04-24,2026-06-15,contract,,2026-04-24,2026-06-09,,BAE Systems Applied Intelligence Limited,ocds-h6vhtk-06b0ce,https://www.find-tender.service.gov.uk/api/1.0/ocdsRecordPackages/ocds-h6vhtk-06b0ce,https://www.find-tender.service.gov.uk/api/1.0/ocdsRecordPackages/ocds-h6vhtk-06b0ce
Cadre Holdings Inc,USA,name,Expired,Leeds Beckett University,Lot 6 - Body Armour,Framework / multi-supplier,8,1,11111111.0,contract,GBP,2023-09-07,2025-09-06,lot,,2024-01-15,2025-09-23,goods,Safariland UK Ltd,ocds-h6vhtk-03dc7e,https://www.find-tender.service.gov.uk/Notice/001834-2024,https://www.find-tender.service.gov.uk/api/1.0/ocdsRecordPackages/ocds-h6vhtk-03dc7e
Cadre Holdings Inc,USA,name,Expired,Ministry of Defence,PROVISION OF BODY ARMOUR FOR MINISTRY OF DEFENCE POLICE - INTERIM SUPPLY,Contract,1,1,115564.74,contract,GBP,2025-09-12,2025-12-31,contract,,2025-09-12,2025-09-25,,SAFARILAND UK,ocds-h6vhtk-05a196,https://www.find-tender.service.gov.uk/api/1.0/ocdsRecordPackages/ocds-h6vhtk-05a196,https://www.find-tender.service.gov.uk/api/1.0/ocdsRecordPackages/ocds-h6vhtk-05a196
Cellebrite DI Ltd,Israel,name,Expired,Department for Work & Pensions,Cellebrite Certified Operator (CCO) and Cellebrite Certified Physical Analyst (CCPA) and Cellebrite Mobile Forensics Fundamentals (CMFF),Contract,1,1,80000.0,contract,GBP,2025-09-02,2025-10-01,contract,,2025-09-01,2025-09-01,,CELLEBRITE UK LIMITED,ocds-h6vhtk-05913d,https://www.find-tender.service.gov.uk/api/1.0/ocdsRecordPackages/ocds-h6vhtk-05913d,https://www.find-tender.service.gov.uk/api/1.0/ocdsRecordPackages/ocds-h6vhtk-05913d
Cellebrite DI Ltd,Israel,name,Expired,The Police and Crime Commissioner for Leicestershire,Digital Forensics Software Renewal for Cellebrite Software,Contract,1,1,273906.58,contract,GBP,2025-04-01,2026-03-31,contract,,2025-03-31,2025-04-22,,CELLEBRITE UK LIMITED,ocds-h6vhtk-04edca,https://www.find-tender.service.gov.uk/api/1.0/ocdsRecordPackages/ocds-h6vhtk-04edca,https://www.find-tender.service.gov.uk/api/1.0/ocdsRecordPackages/ocds-h6vhtk-04edca
Cellebrite DI Ltd,Israel,name,Expired,The Police and Crime Commissioner for Kent,POLIT Responder,Contract,1,1,19710.0,contract,GBP,2025-05-01,2026-03-31,contract,,2025-04-24,2026-02-06,,Cellebrite,ocds-h6vhtk-064a63,https://www.find-tender.service.gov.uk/api/1.0/ocdsRecordPackages/ocds-h6vhtk-064a63,https://www.find-tender.service.gov.uk/api/1.0/ocdsRecordPackages/ocds-h6vhtk-064a63
Cemex SAB de CV,Mexico,name,Expired,DERBY CITY COUNCIL,Lot 3 - Concrete,Framework / multi-supplier,3,1,300000.0,contract,GBP,2023-10-16,2025-10-15,lot,,2023-10-18,2023-11-09,goods,Cemex UK Materials Ltd,ocds-h6vhtk-03e2cd,https://www.find-tender.service.gov.uk/Notice/033136-2023,https://www.find-tender.service.gov.uk/api/1.0/ocdsRecordPackages/ocds-h6vhtk-03e2cd
Cemex SAB de CV,Mexico,name,Expired,Lincolnshire County Council,2249 Select List Framework for Highway Works 2021,Framework / multi-supplier,5,1,60000000.0,contract,GBP,,2026-05-06,estimated (start + duration),,2022-05-27,2022-07-12,works,CEMEX Paving Solutions Ltd,ocds-h6vhtk-02a427,https://www.find-tender.service.gov.uk/Notice/019057-2022,https://www.find-tender.service.gov.uk/api/1.0/ocdsRecordPackages/ocds-h6vhtk-02a427
Elbit Systems Ltd,Israel,name,Expired,Ministry of Defence,CCDT/602 NANO UNMANNED AIR SYSTEMS EXPERIMENTATION PROGRAMME SPIRAL 5,Framework / multi-supplier,1,1,2078051.0,contract,GBP,,2022-08-27,estimated (start + duration),,2022-03-30,2022-07-28,goods,Elbit Systems UK,ocds-h6vhtk-02f2cb,https://www.find-tender.service.gov.uk/Notice/018559-2022,https://www.find-tender.service.gov.uk/api/1.0/ocdsRecordPackages/ocds-h6vhtk-02f2cb
Elbit Systems Ltd,Israel,name,Expired,Ministry of Defence,Army Collective Training Service (ACTS),Contract,1,1,12000000.0,contract,GBP,,2025-08-10,estimated (start + duration),,2025-02-11,2025-03-07,services,Elbit Systems UK Limited,ocds-h6vhtk-03ec80,https://www.find-tender.service.gov.uk/Notice/008417-2025,https://www.find-tender.service.gov.uk/api/1.0/ocdsRecordPackages/ocds-h6vhtk-03ec80
GE Aerospace,USA,name,Expired,Defence Science and Technology Laboratory,Time Sensitive Networking Training,Contract,1,1,15810.0,award,GBP,2025-08-01,2025-12-31,award,,,2025-06-25,,GE Aviation Systems Limited,ocds-h6vhtk-05532e,https://www.find-tender.service.gov.uk/api/1.0/ocdsRecordPackages/ocds-h6vhtk-05532e,https://www.find-tender.service.gov.uk/api/1.0/ocdsRecordPackages/ocds-h6vhtk-05532e
General Dynamics Corp,USA,name,Expired,Ministry of Defence,MSS/143 - Multi-Supplier Framework for Marine Systems Support (MSS) Post Design and Technical Services,Framework / multi-supplier,1,1,3199000000.0,contract,GBP,,2021-10-18,tender,,2024-03-08,2024-04-19,services,General Dynamics Land Systems UK,ocds-h6vhtk-02e8f3,https://www.find-tender.service.gov.uk/Notice/012823-2024,https://www.find-tender.service.gov.uk/api/1.0/ocdsRecordPackages/ocds-h6vhtk-02e8f3
Heidelberg Materials AG,Germany,name,Expired,Cumbria County Council,Lot 1 - Bituminous materials,Framework / multi-supplier,11,3,5490000.0,contract,GBP,,2024-07-14,estimated (start + duration),,2021-07-30,2021-08-11,goods,Hanson Quarry Products Europe Ltd,ocds-h6vhtk-02a0cf,https://www.find-tender.service.gov.uk/Notice/019421-2021,https://www.find-tender.service.gov.uk/api/1.0/ocdsRecordPackages/ocds-h6vhtk-02a0cf
Heidelberg Materials AG,Germany,name,Expired,Carmarthenshire County Council,South West Wales Regional Civil Engineering Contractors Framework,Framework / multi-supplier,79,1,430000000.0,contract,GBP,,2026-01-21,estimated (start + duration),,2023-02-06,2025-09-11,works,Hanson Quarry Products Europe Ltd T/A Hanson Contracting,ocds-h6vhtk-0598a1,https://www.find-tender.service.gov.uk/Notice/055816-2025,https://www.find-tender.service.gov.uk/api/1.0/ocdsRecordPackages/ocds-h6vhtk-0598a1
Heidelberg Materials AG,Germany,name,Expired,Wirral Borough Council,Highways Services - A2 CARRIAGEWAY STRUCTURAL RESURFACING,Contract,1,1,,tender,GBP,,2026-02-01,estimated (start + duration),,2021-10-25,2022-03-09,works,Hanson Quarry Products Europe Ltd T/A Hanson Contracting,ocds-h6vhtk-02c8cc,https://www.find-tender.service.gov.uk/Notice/006425-2022,https://www.find-tender.service.gov.uk/api/1.0/ocdsRecordPackages/ocds-h6vhtk-02c8cc
Heidelberg Materials AG,Germany,name,Expired,Neath Port Talbot County Borough Council,Lot 1 (Eastern Region),Framework / multi-supplier,3,1,20000000.0,contract,GBP,,2026-04-25,estimated (start + duration),,2022-05-16,2022-05-26,works,Hanson Quarry Products Europe Ltd T/A Hanson Contracting,ocds-h6vhtk-0306a5,https://www.find-tender.service.gov.uk/Notice/014719-2022,https://www.find-tender.service.gov.uk/api/1.0/ocdsRecordPackages/ocds-h6vhtk-0306a5
Heidelberg Materials AG,Germany,name,Expired,Natural Resources Wales,Boulder Purchase -Upper Wye River Restoration Project,Contract,1,1,41250.0,contract,GBP,2026-08-24,2026-09-21,contract,,2026-08-10,2026-09-21,,Heidelberg Materials UK,ocds-h6vhtk-077658,https://www.find-tender.service.gov.uk/api/1.0/ocdsRecordPackages/ocds-h6vhtk-077658,https://www.find-tender.service.gov.uk/api/1.0/ocdsRecordPackages/ocds-h6vhtk-077658
Honeywell Aerospace Inc,USA,check,Expired,NHS Wales Shared Services Partnership-Procurement Services (hosted by Velindre University NHS Trust),Building Management System Maintenance,Contract,1,1,556709.35,contract,GBP,2021-07-01,2023-06-30,lot,,2021-06-30,2021-08-12,services,Honeywell,ocds-h6vhtk-02a201,https://www.find-tender.service.gov.uk/Notice/019585-2021,https://www.find-tender.service.gov.uk/api/1.0/ocdsRecordPackages/ocds-h6vhtk-02a201
Honeywell Aerospace Inc,USA,check,Expired,CAMBRIDGE UNIVERSITY HOSPITALS NHS FOUNDATION TRUST,Maintenance,Contract,1,1,47953.43,contract,GBP,2025-08-12,2025-11-11,contract,,2025-07-10,2025-08-12,,Honeywell - Novar Systems Ltd,ocds-h6vhtk-0585c1,https://www.find-tender.service.gov.uk/api/1.0/ocdsRecordPackages/ocds-h6vhtk-0585c1,https://www.find-tender.service.gov.uk/api/1.0/ocdsRecordPackages/ocds-h6vhtk-0585c1
Honeywell Aerospace Inc,USA,check,Expired,CAMBRIDGE UNIVERSITY HOSPITALS NHS FOUNDATION TRUST,Maintenance,Contract,1,1,47953.45,contract,GBP,2025-10-01,2025-12-01,contract,,2025-09-24,2025-10-01,,Honeywell Novor Systems Ltd,ocds-h6vhtk-05a56a,https://www.find-tender.service.gov.uk/api/1.0/ocdsRecordPackages/ocds-h6vhtk-05a56a,https://www.find-tender.service.gov.uk/api/1.0/ocdsRecordPackages/ocds-h6vhtk-05a56a
Honeywell Aerospace Inc,USA,check,Expired,Cwm Taf Morgannwg University Health Board,Building Management Systems Community Sites,Contract,1,1,156667.0,contract,GBP,2025-12-05,2026-03-31,contract,,2025-12-05,2026-09-01,,Honeywell Building Solutions,ocds-h6vhtk-05dbf5,https://www.find-tender.service.gov.uk/api/1.0/ocdsRecordPackages/ocds-h6vhtk-05dbf5,https://www.find-tender.service.gov.uk/api/1.0/ocdsRecordPackages/ocds-h6vhtk-05dbf5
Honeywell Aerospace Inc,USA,check,Expired,QE Facilities Ltd,Honeywell Fire Alarm Maintenance,Contract,1,1,19101.53,contract,GBP,2025-05-01,2026-04-30,contract,,2025-05-01,2025-05-07,,HONEYWELL CONTROL SYSTEMS LIMITED,ocds-h6vhtk-050dbd,https://www.find-tender.service.gov.uk/api/1.0/ocdsRecordPackages/ocds-h6vhtk-050dbd,https://www.find-tender.service.gov.uk/api/1.0/ocdsRecordPackages/ocds-h6vhtk-050dbd
Honeywell Aerospace Inc,USA,check,Expired,COUNTESS OF CHESTER HOSPITAL NHS FOUNDATION TRUST,BMS FIRE ALARM SYSTEM,Contract,1,1,33234.0,award,GBP,2025-08-14,2026-07-31,award,,,2025-08-14,,HONEYWELL CONTROL SYSTEMS LIMITED,ocds-h6vhtk-05877c,https://www.find-tender.service.gov.uk/api/1.0/ocdsRecordPackages/ocds-h6vhtk-05877c,https://www.find-tender.service.gov.uk/api/1.0/ocdsRecordPackages/ocds-h6vhtk-05877c
International Business Machines Corp,USA,name,Expired,Department of Health and Social Care,"CDO/JBC Provision of support, advice and analytical support",Contract,1,1,5389848.0,contract,GBP,2021-07-01,2021-10-02,contract,,2021-06-30,2021-09-08,services,IBM United Kingdom Limited,ocds-h6vhtk-02dea7,https://www.find-tender.service.gov.uk/Notice/022328-2021,https://www.find-tender.service.gov.uk/api/1.0/ocdsRecordPackages/ocds-h6vhtk-02dea7
International Business Machines Corp,USA,name,Expired,MSE Group,MSEFT Digital Strategy Delivery Partnership,Contract,1,1,69.96,contract,GBP,,2023-02-10,estimated (start + duration),,2022-02-15,2022-02-15,services,IBM United Kingdom Ltd,ocds-h6vhtk-02e5c2,https://www.find-tender.service.gov.uk/Notice/004280-2022,https://www.find-tender.service.gov.uk/api/1.0/ocdsRecordPackages/ocds-h6vhtk-02e5c2
International Business Machines Corp,USA,name,Expired,Secretary of State for Health and Social Care acting as part of the Crown through UK Health Security Agency,Test and Trace Minimum Viable Product (MVP) Build and MVP operational support,Contract,1,6,359267386.15,contract,GBP,2020-09-14,2023-11-30,contract,,2020-09-14,2021-12-14,goods,IBM United Kingdom Limited; IBM United Kingdom Ltd,ocds-h6vhtk-02cf12,https://www.find-tender.service.gov.uk/Notice/018340-2021,https://www.find-tender.service.gov.uk/api/1.0/ocdsRecordPackages/ocds-h6vhtk-02cf12
International Business Machines Corp,USA,name,Expired,The Minister for the Cabinet Office acting through Crown Commercial Service,Digital Capability for Health,Framework / multi-supplier,1,1,800000000.0,contract,GBP,,2024-12-15,estimated (start + duration),,2021-01-05,2024-10-15,services,IBM United Kingdom Limited,ocds-h6vhtk-02928e,https://www.find-tender.service.gov.uk/Notice/002855-2021,https://www.find-tender.service.gov.uk/api/1.0/ocdsRecordPackages/ocds-h6vhtk-02928e
International Business Machines Corp,USA,name,Expired,Department for Work and Pensions,Gen AI Lighthouse Projects,Framework / multi-supplier,2,1,13500000.0,contract,GBP,2024-08-01,2025-10-31,contract,,2024-08-01,2025-05-29,services,IBM UK Ltd,ocds-h6vhtk-052932,https://www.find-tender.service.gov.uk/Notice/028600-2025,https://www.find-tender.service.gov.uk/api/1.0/ocdsRecordPackages/ocds-h6vhtk-052932
International Business Machines Corp,USA,name,Expired,Met Office,MASS HPSS Software Support,Contract,1,1,679722.0,award,GBP,2025-04-01,2025-12-31,award,,,2025-03-11,,IBM UNITED KINGDOM LIMITED,ocds-h6vhtk-04eb5c,https://www.find-tender.service.gov.uk/api/1.0/ocdsRecordPackages/ocds-h6vhtk-04eb5c,https://www.find-tender.service.gov.uk/api/1.0/ocdsRecordPackages/ocds-h6vhtk-04eb5c
International Business Machines Corp,USA,name,Expired,Department for Work & Pensions,Architectural Outcomes - CAN 021,Contract,1,1,0.0,contract,GBP,2025-11-07,2026-01-16,contract,,2025-11-05,2025-12-16,,IBM United Kingdom Limited,ocds-h6vhtk-05f71d,https://www.find-tender.service.gov.uk/api/1.0/ocdsRecordPackages/ocds-h6vhtk-05f71d,https://www.find-tender.service.gov.uk/api/1.0/ocdsRecordPackages/ocds-h6vhtk-05f71d
International Business Machines Corp,USA,name,Expired,Companies House,Terraform Training,Contract,1,1,28500.0,contract,GBP,2026-03-17,2026-03-31,contract,,2026-03-17,2026-03-18,,IBM United Kingdom Limited,ocds-h6vhtk-066e11,https://www.find-tender.service.gov.uk/api/1.0/ocdsRecordPackages/ocds-h6vhtk-066e11,https://www.find-tender.service.gov.uk/api/1.0/ocdsRecordPackages/ocds-h6vhtk-066e11
International Business Machines Corp,USA,name,Expired,HM Treasury,12 months Licence for IBM Planning Analytics Advanced Processor Value Unit (PVU) Annual SW Subscription & Support.,Contract,1,1,468563.2,contract,GBP,2025-04-11,2026-03-31,contract,,2025-04-10,2025-04-14,,IBM UNITED KINGDOM LIMITED,ocds-h6vhtk-04f91f,https://www.find-tender.service.gov.uk/api/1.0/ocdsRecordPackages/ocds-h6vhtk-04f91f,https://www.find-tender.service.gov.uk/api/1.0/ocdsRecordPackages/ocds-h6vhtk-04f91f
International Business Machines Corp,USA,name,Expired,Met Office,IBM SupportLine (zOS/zVM),Contract,1,1,47116.58,contract,GBP,2025-09-01,2026-03-31,contract,,2025-07-29,2025-07-30,,IBM UNITED KINGDOM LIMITED,ocds-h6vhtk-0568bf,https://www.find-tender.service.gov.uk/api/1.0/ocdsRecordPackages/ocds-h6vhtk-0568bf,https://www.find-tender.service.gov.uk/api/1.0/ocdsRecordPackages/ocds-h6vhtk-0568bf
International Business Machines Corp,USA,name,Expired,GENOMICS ENGLAND LIMITED,IBM LSF Licences Renewal 2025-2026,Contract,1,1,98776.0,contract,GBP,2025-04-01,2026-03-31,contract,,2025-03-24,2025-10-24,,IBM United Kingdom Limited,ocds-h6vhtk-05d319,https://www.find-tender.service.gov.uk/api/1.0/ocdsRecordPackages/ocds-h6vhtk-05d319,https://www.find-tender.service.gov.uk/api/1.0/ocdsRecordPackages/ocds-h6vhtk-05d319
International Business Machines Corp,USA,name,Expired,Met Office,zVM subscription renewal (2024-26),Contract,1,1,78851.64,contract,GBP,2025-03-18,2026-03-31,contract,,2025-03-17,2025-03-18,,IBM UNITED KINGDOM LIMITED,ocds-h6vhtk-04ee3a,https://www.find-tender.service.gov.uk/api/1.0/ocdsRecordPackages/ocds-h6vhtk-04ee3a,https://www.find-tender.service.gov.uk/api/1.0/ocdsRecordPackages/ocds-h6vhtk-04ee3a
International Business Machines Corp,USA,name,Expired,Met Office,IBM zVM7.2 Mainframe Extended Life Support,Contract,1,1,99260.94,contract,GBP,2025-04-01,2026-03-31,contract,,2025-03-17,2025-03-18,,IBM UNITED KINGDOM LIMITED,ocds-h6vhtk-04ee3d,https://www.find-tender.service.gov.uk/api/1.0/ocdsRecordPackages/ocds-h6vhtk-04ee3d,https://www.find-tender.service.gov.uk/api/1.0/ocdsRecordPackages/ocds-h6vhtk-04ee3d
International Business Machines Corp,USA,name,Expired,Office for National Statistics,IBM Deployment Accelerator,Contract,1,1,20168.0,contract,GBP,2025-05-01,2026-04-30,contract,,2025-04-30,2025-05-01,,IBM UNITED KINGDOM LIMITED,ocds-h6vhtk-050bc9,https://www.find-tender.service.gov.uk/api/1.0/ocdsRecordPackages/ocds-h6vhtk-050bc9,https://www.find-tender.service.gov.uk/api/1.0/ocdsRecordPackages/ocds-h6vhtk-050bc9
International Business Machines Corp,USA,name,Expired,Met Office,Annual IBM Z Workload Scheduler subscription,Contract,1,1,66057.97,contract,GBP,2025-07-01,2026-06-30,contract,,2025-07-01,2025-07-08,,IBM UNITED KINGDOM LIMITED,ocds-h6vhtk-055b0b,https://www.find-tender.service.gov.uk/api/1.0/ocdsRecordPackages/ocds-h6vhtk-055b0b,https://www.find-tender.service.gov.uk/api/1.0/ocdsRecordPackages/ocds-h6vhtk-055b0b
International Business Machines Corp,USA,name,Expired,Met Office,MASS HPSS Support,Contract,1,3,1421826.0,contract,GBP,2026-01-01,2026-06-30,contract,,2025-10-07,2025-11-05,,IBM LIMITED; IBM UNITED KINGDOM LIMITED,ocds-h6vhtk-05a136,https://www.find-tender.service.gov.uk/api/1.0/ocdsRecordPackages/ocds-h6vhtk-05a136,https://www.find-tender.service.gov.uk/api/1.0/ocdsRecordPackages/ocds-h6vhtk-05a136
International Business Machines Corp,USA,name,Expired,Met Office,IBM DS Storage Systems Hardware Support,Contract,1,1,63339.18,contract,GBP,2025-09-01,2026-08-31,contract,,2025-09-01,2025-11-05,,IBM LIMITED,ocds-h6vhtk-05dabe,https://www.find-tender.service.gov.uk/api/1.0/ocdsRecordPackages/ocds-h6vhtk-05dabe,https://www.find-tender.service.gov.uk/api/1.0/ocdsRecordPackages/ocds-h6vhtk-05dabe
International Business Machines Corp,USA,name,Expired,Met Office,DS Storage Systems Hardware Support,Contract,1,1,63339.18,contract,GBP,2025-10-02,2026-08-31,contract,,2025-10-02,2025-10-02,,IBM UNITED KINGDOM LIMITED,ocds-h6vhtk-05a71b,https://www.find-tender.service.gov.uk/api/1.0/ocdsRecordPackages/ocds-h6vhtk-05a71b,https://www.find-tender.service.gov.uk/api/1.0/ocdsRecordPackages/ocds-h6vhtk-05a71b
International Business Machines Corp,USA,name,Expired,Met Office,MASS HPSS Software Support 2026,Contract,1,2,497640.0,contract,GBP,2026-07-01,2026-09-30,contract,,2026-05-14,2026-05-20,,IBM LIMITED,ocds-h6vhtk-06879e,https://www.find-tender.service.gov.uk/api/1.0/ocdsRecordPackages/ocds-h6vhtk-06879e,https://www.find-tender.service.gov.uk/api/1.0/ocdsRecordPackages/ocds-h6vhtk-06879e
Kongsberg Gruppen ASA,Norway,name,Expired,University of Plymouth,Purchase of a Dynamic Positioning Simulator,Contract,1,1,495000.0,contract,GBP,2022-01-05,2022-07-31,lot,,2022-01-28,2022-02-01,goods,Kongsberg Digital AS,ocds-h6vhtk-02f314,https://www.find-tender.service.gov.uk/Notice/002840-2022,https://www.find-tender.service.gov.uk/api/1.0/ocdsRecordPackages/ocds-h6vhtk-02f314
Kongsberg Gruppen ASA,Norway,name,Expired,Department of Agriculture Environment Rural Affairs,Contract,Contract,1,1,273820.17,contract,GBP,,2023-01-23,estimated (start + duration),,2022-01-28,2022-01-31,goods,KONGSBERG MARITIME LIMITED,ocds-h6vhtk-02f0e9,https://www.find-tender.service.gov.uk/Notice/002657-2022,https://www.find-tender.service.gov.uk/api/1.0/ocdsRecordPackages/ocds-h6vhtk-02f0e9
Kongsberg Gruppen ASA,Norway,name,Expired,"Department of Agriculture, Environment and Rural Affairs",Contract,Contract,1,1,273796.64,contract,GBP,,2024-01-11,estimated (start + duration),,2022-01-21,2022-02-02,goods,KONGSBERG MARITIME LIMITED,ocds-h6vhtk-02f7b5,https://www.find-tender.service.gov.uk/Notice/003023-2022,https://www.find-tender.service.gov.uk/api/1.0/ocdsRecordPackages/ocds-h6vhtk-02f7b5
Kongsberg Gruppen ASA,Norway,name,Expired,UK Research and Innovation,CSP25367,Contract,1,1,14492.0,contract,EUR,2025-09-15,2025-12-19,contract,,2025-09-14,2025-09-16,,Kongsberg Maritime AS,ocds-h6vhtk-059af1,https://www.find-tender.service.gov.uk/api/1.0/ocdsRecordPackages/ocds-h6vhtk-059af1,https://www.find-tender.service.gov.uk/api/1.0/ocdsRecordPackages/ocds-h6vhtk-059af1
Kongsberg Gruppen ASA,Norway,name,Expired,UK Research and Innovation,CSP25736 - Engineering Services Onboard RRS SDA,Contract,1,1,286357.22,contract,NOK,2025-12-23,2025-12-24,contract,,2025-12-22,2025-12-23,,Kongsberg Discovery AS,ocds-h6vhtk-05fc61,https://www.find-tender.service.gov.uk/api/1.0/ocdsRecordPackages/ocds-h6vhtk-05fc61,https://www.find-tender.service.gov.uk/api/1.0/ocdsRecordPackages/ocds-h6vhtk-05fc61
Kongsberg Gruppen ASA,Norway,name,Expired,UK Research and Innovation,CSP26053 - Field service engineers in attendance to rectify shore power module replacement,Contract,1,1,55679.57,contract,GBP,2026-01-28,2026-01-28,contract,,2026-01-27,2026-02-02,,Kongsberg Maritime AS,ocds-h6vhtk-0613c4,https://www.find-tender.service.gov.uk/api/1.0/ocdsRecordPackages/ocds-h6vhtk-0613c4,https://www.find-tender.service.gov.uk/api/1.0/ocdsRecordPackages/ocds-h6vhtk-0613c4
Kongsberg Gruppen ASA,Norway,name,Expired,Northern Lighthouse Board,Ships Spares - Thrusters,Contract,1,1,158047.75,contract,EUR,2026-03-02,2026-03-04,contract,,2026-02-26,2026-03-23,,Kongsberg Maritime Netherlands BV,ocds-h6vhtk-067158,https://www.find-tender.service.gov.uk/api/1.0/ocdsRecordPackages/ocds-h6vhtk-067158,https://www.find-tender.service.gov.uk/api/1.0/ocdsRecordPackages/ocds-h6vhtk-067158
Kongsberg Gruppen ASA,Norway,name,Expired,UK Research and Innovation,CSP26012 - Service Engineer,Contract,1,1,19089.44,contract,GBP,2026-01-15,2026-03-31,contract,,2026-01-14,2026-01-16,,Kongsberg Maritime AS,ocds-h6vhtk-0607e0,https://www.find-tender.service.gov.uk/api/1.0/ocdsRecordPackages/ocds-h6vhtk-0607e0,https://www.find-tender.service.gov.uk/api/1.0/ocdsRecordPackages/ocds-h6vhtk-0607e0
Kongsberg Gruppen ASA,Norway,name,Expired,UK Research and Innovation,CSP26451 - Preservation Order for AFE Drives,Contract,1,1,15000.0,contract,EUR,2026-05-20,2026-05-31,contract,,2026-05-19,2026-05-27,,Kongsberg Maritime AS,ocds-h6vhtk-06a54d,https://www.find-tender.service.gov.uk/api/1.0/ocdsRecordPackages/ocds-h6vhtk-06a54d,https://www.find-tender.service.gov.uk/api/1.0/ocdsRecordPackages/ocds-h6vhtk-06a54d
Kongsberg Gruppen ASA,Norway,name,Expired,UK Research and Innovation,CSP26003 - ACWE-ETO Failed MP AFE Fuses,Contract,1,1,15891.14,contract,EUR,2026-01-13,2026-06-15,contract,,2026-01-09,2026-01-14,,Kongsberg Maritime AS,ocds-h6vhtk-06058e,https://www.find-tender.service.gov.uk/api/1.0/ocdsRecordPackages/ocds-h6vhtk-06058e,https://www.find-tender.service.gov.uk/api/1.0/ocdsRecordPackages/ocds-h6vhtk-06058e
Kongsberg Gruppen ASA,Norway,name,Expired,Trinity House,THV GALATEA SPOT TRACK FANBEAM REPLACEMENT,Contract,1,1,456500.0,contract,NOK,2026-07-22,2026-07-29,contract,,2026-07-21,2026-07-28,,KONGSBERG MARITIME AS,ocds-h6vhtk-06d4c6,https://www.find-tender.service.gov.uk/api/1.0/ocdsRecordPackages/ocds-h6vhtk-06d4c6,https://www.find-tender.service.gov.uk/api/1.0/ocdsRecordPackages/ocds-h6vhtk-06d4c6
Kongsberg Gruppen ASA,Norway,name,Expired,UK Research and Innovation,CSP26571 - Engineer attendance / assessment,Contract,1,1,13128.0,contract,EUR,2026-06-04,2026-07-31,contract,,2026-06-03,2026-06-05,,Kongsberg Maritime AS,ocds-h6vhtk-06ae2e,https://www.find-tender.service.gov.uk/api/1.0/ocdsRecordPackages/ocds-h6vhtk-06ae2e,https://www.find-tender.service.gov.uk/api/1.0/ocdsRecordPackages/ocds-h6vhtk-06ae2e
Kongsberg Gruppen ASA,Norway,name,Expired,UK Research and Innovation,CSP26605,Contract,1,1,22654.0,contract,GBP,2026-06-15,2026-08-12,contract,,2026-06-12,2026-06-23,,KONGSBERG MARITIME,ocds-h6vhtk-06bab2,https://www.find-tender.service.gov.uk/api/1.0/ocdsRecordPackages/ocds-h6vhtk-06bab2,https://www.find-tender.service.gov.uk/api/1.0/ocdsRecordPackages/ocds-h6vhtk-06bab2
Kongsberg Gruppen ASA,Norway,name,Expired,UK Research and Innovation,CSP26668 - Central Lubrication on Gentry,Contract,1,1,132450.0,contract,NOK,2026-07-07,2026-09-07,contract,,2026-07-07,2026-07-10,,Kongsberg Maritime AS,ocds-h6vhtk-06c80d,https://www.find-tender.service.gov.uk/api/1.0/ocdsRecordPackages/ocds-h6vhtk-06c80d,https://www.find-tender.service.gov.uk/api/1.0/ocdsRecordPackages/ocds-h6vhtk-06c80d
L3Harris Technologies Inc,USA,name,Expired,Ministry of Defence,AWE Urban: Sustain and Protect,Framework / multi-supplier,27,1,1.0,contract,GBP,,2023-03-31,lot,,2022-06-14,2022-10-27,services,L3Harris Technologies ASA Limited,ocds-h6vhtk-030344,https://www.find-tender.service.gov.uk/Notice/030422-2022,https://www.find-tender.service.gov.uk/api/1.0/ocdsRecordPackages/ocds-h6vhtk-030344
Leonardo SpA,Italy,name,Expired,Ministry of Defence,Provision of Laser Target Designators,Contract,1,1,802320.0,contract,GBP,,2022-06-28,estimated (start + duration),,2021-06-28,2021-07-06,goods,Leonardo UK Ltd,ocds-h6vhtk-02c472,https://www.find-tender.service.gov.uk/Notice/015616-2021,https://www.find-tender.service.gov.uk/api/1.0/ocdsRecordPackages/ocds-h6vhtk-02c472
Leonardo SpA,Italy,name,Expired,Apache Delivery Team,The Provision of Pre-Flight Messaging Test Facility (PFMTF) Rigs and System Test Facility (STF) Rigs,Contract,1,1,36714964.0,contract,GBP,,2025-06-23,estimated (start + duration),,2021-06-24,2021-06-25,goods,Leonardo UK Limited,ocds-h6vhtk-02c037,https://www.find-tender.service.gov.uk/Notice/014532-2021,https://www.find-tender.service.gov.uk/api/1.0/ocdsRecordPackages/ocds-h6vhtk-02c037
Leonardo SpA,Italy,name,Expired,Ministry of Defence,A400M Future Integrated Review Defensive Aid Suites (IR DAS),Contract,1,1,16081152.0,contract,GBP,,2025-12-14,estimated (start + duration),,2024-12-19,2025-02-25,services,Leonardo UK,ocds-h6vhtk-04e619,https://www.find-tender.service.gov.uk/Notice/006607-2025,https://www.find-tender.service.gov.uk/api/1.0/ocdsRecordPackages/ocds-h6vhtk-04e619
Leonardo SpA,Italy,name,Expired,Somerset Council,Contribution towards staffing support provided for the iAero Innovation centre,Contract,1,1,45000.0,contract,GBP,2025-01-01,2026-03-31,contract,,2025-01-01,2026-03-06,,LEONARDO UK LTD,ocds-h6vhtk-0663e6,https://www.find-tender.service.gov.uk/api/1.0/ocdsRecordPackages/ocds-h6vhtk-0663e6,https://www.find-tender.service.gov.uk/api/1.0/ocdsRecordPackages/ocds-h6vhtk-0663e6
Lockheed Martin Corp,USA,name,Expired,Ministry of Defence,701712466 ADEWS/098,Contract,1,1,4301860.0,contract,GBP,,2021-07-31,estimated (start + duration),,2020-07-31,2021-10-08,services,Lockheed Martin Corporation Overseas,ocds-h6vhtk-02ea2d,https://www.find-tender.service.gov.uk/Notice/025280-2021,https://www.find-tender.service.gov.uk/api/1.0/ocdsRecordPackages/ocds-h6vhtk-02ea2d
Lockheed Martin Corp,USA,name,Expired,Ministry of Defence,701577650 ADEWS/108,Contract,1,1,4623761.0,contract,GBP,,2022-08-02,estimated (start + duration),,2021-08-02,2021-09-23,services,Lockheed Martin Corporation Overseas,ocds-h6vhtk-02e435,https://www.find-tender.service.gov.uk/Notice/023746-2021,https://www.find-tender.service.gov.uk/api/1.0/ocdsRecordPackages/ocds-h6vhtk-02e435
Lockheed Martin Corp,USA,name,Expired,Ministry of Defence,ADEWS/069,Contract,1,1,6680000.0,contract,GBP,,2024-02-09,estimated (start + duration),,2022-02-09,2022-03-30,services,Lockheed Martin Global Inc,ocds-h6vhtk-032841,https://www.find-tender.service.gov.uk/Notice/008614-2022,https://www.find-tender.service.gov.uk/api/1.0/ocdsRecordPackages/ocds-h6vhtk-032841
Lockheed Martin Corp,USA,name,Expired,"Ministry of Defence, Helicopters, Apache Project Team",Reprogramming Capability for the Modernized Radar Frequency Interferometer,Contract,1,1,28000000.0,contract,USD,,2025-12-17,estimated (start + duration),,2020-12-18,2021-01-05,services,Lockheed Martin Corporation,ocds-h6vhtk-0287dd,https://www.find-tender.service.gov.uk/Notice/000151-2021,https://www.find-tender.service.gov.uk/api/1.0/ocdsRecordPackages/ocds-h6vhtk-0287dd
Lockheed Martin Corp,USA,name,Expired,Ministry of Defence,Ground segment software solutions (core plus adaptations),Framework / multi-supplier,1,1,50000.0,contract,GBP,,2025-12-19,estimated (start + duration),,2023-01-04,2023-02-02,goods,Lockheed Martin UK Ltd,ocds-h6vhtk-035558,https://www.find-tender.service.gov.uk/Notice/003267-2023,https://www.find-tender.service.gov.uk/api/1.0/ocdsRecordPackages/ocds-h6vhtk-035558
Lockheed Martin Corp,USA,name,Expired,Ministry of Defence,SONAR 2054IR In-Service Support (ISS),Contract,1,1,16400000.0,contract,GBP,,2026-03-23,estimated (start + duration),,2022-03-24,2022-04-05,goods,Lockheed Martin UK Ltd,ocds-h6vhtk-032a4a,https://www.find-tender.service.gov.uk/Notice/009135-2022,https://www.find-tender.service.gov.uk/api/1.0/ocdsRecordPackages/ocds-h6vhtk-032a4a
Motorola Solutions Inc,USA,name,Expired,Police and Crime Commissioner for North Wales Police & North Wales Police ,Mobile Policing Application,Contract,1,1,900000.0,contract,GBP,,2025-01-01,estimated (start + duration),,2022-01-17,2022-01-17,goods,Motorola Solutions UK Limited,ocds-h6vhtk-02ad36,https://www.find-tender.service.gov.uk/Notice/001384-2022,https://www.find-tender.service.gov.uk/api/1.0/ocdsRecordPackages/ocds-h6vhtk-02ad36
Motorola Solutions Inc,USA,name,Expired,East Of England NHS Collaborative Hub c/o West Suffolk NHS Foundation Trust,Provision and Support of an Electronic Patient Record System (EPR),Framework / multi-supplier,8,1,2000000.0,contract,GBP,2023-03-01,2025-03-31,lot,,2022-11-01,2023-12-05,goods,Motorola Solutions UK Ltd,ocds-h6vhtk-036c07,https://www.find-tender.service.gov.uk/Notice/035806-2023,https://www.find-tender.service.gov.uk/api/1.0/ocdsRecordPackages/ocds-h6vhtk-036c07
Motorola Solutions Inc,USA,name,Expired,The Police and Crime Commissioner for Sussex,Provision of Mobile Airwaves Base Station,Contract,1,1,49691.06,award,GBP,2025-06-04,2025-07-03,award,,,2025-06-04,,Airwave Solutions Limited,ocds-h6vhtk-052c00,https://www.find-tender.service.gov.uk/api/1.0/ocdsRecordPackages/ocds-h6vhtk-052c00,https://www.find-tender.service.gov.uk/api/1.0/ocdsRecordPackages/ocds-h6vhtk-052c00
Motorola Solutions Inc,USA,name,Expired,Home Office,Provision of Radios for Criminal Financial Investigation Belfast,Contract,1,1,16576.0,contract,GBP,2025-05-23,2025-10-01,contract,,2025-05-22,2025-05-22,,Motorola Solutions,ocds-h6vhtk-051cd8,https://www.find-tender.service.gov.uk/api/1.0/ocdsRecordPackages/ocds-h6vhtk-051cd8,https://www.find-tender.service.gov.uk/api/1.0/ocdsRecordPackages/ocds-h6vhtk-051cd8
Motorola Solutions Inc,USA,name,Expired,The Mayor and Commonalty and Citizens of the City of London,KMF In Life Support,Contract,1,1,,tender,GBP,2025-01-01,2025-12-31,contract,,2024-06-10,2025-07-09,,MOTOROLA SOLUTIONS UK LIMITED,ocds-h6vhtk-055b9d,https://www.find-tender.service.gov.uk/api/1.0/ocdsRecordPackages/ocds-h6vhtk-055b9d,https://www.find-tender.service.gov.uk/api/1.0/ocdsRecordPackages/ocds-h6vhtk-055b9d
Motorola Solutions Inc,USA,name,Expired,West Midlands Fire and Rescue Authority,San N Date Centre and service charge,Contract,1,1,,tender,GBP,2025-03-18,2026-03-31,contract,,2025-03-17,2025-04-04,,AIRWAVE SOLUTIONS LIMITED,ocds-h6vhtk-04fd72,https://www.find-tender.service.gov.uk/api/1.0/ocdsRecordPackages/ocds-h6vhtk-04fd72,https://www.find-tender.service.gov.uk/api/1.0/ocdsRecordPackages/ocds-h6vhtk-04fd72
Motorola Solutions Inc,USA,name,Expired,Home Office,Provision of Radios for Immigration Compliance and Enforcement Belfast,Contract,1,1,20649.0,contract,GBP,2026-01-31,2026-07-04,contract,,2026-01-22,2026-01-23,,Motorola Solutions UK Limited,ocds-h6vhtk-05f534,https://www.find-tender.service.gov.uk/api/1.0/ocdsRecordPackages/ocds-h6vhtk-05f534,https://www.find-tender.service.gov.uk/api/1.0/ocdsRecordPackages/ocds-h6vhtk-05f534
Motorola Solutions Inc,USA,name,Expired,Merseytravel,support and maintenance of Police Cortex Communication System,Contract,1,1,70063.25,award,GBP,2025-10-01,2026-09-30,award,,,2025-09-30,,ZETRON LIMITED,ocds-h6vhtk-05a504,https://www.find-tender.service.gov.uk/api/1.0/ocdsRecordPackages/ocds-h6vhtk-05a504,https://www.find-tender.service.gov.uk/api/1.0/ocdsRecordPackages/ocds-h6vhtk-05a504
Palantir Technologies Inc,USA,name,Expired,The Newcastle Upon Tyne Hospitals NHS Foundation Trust,Picture Archiving and Communication (PACS) System,Contract,1,1,2000000000.0,lot,GBP,,2026-09-21,estimated (start + duration),,2024-10-01,2026-04-28,goods,Palantir Technologies UK Ltd,ocds-h6vhtk-038750,https://www.find-tender.service.gov.uk/Notice/032423-2024,https://www.find-tender.service.gov.uk/api/1.0/ocdsRecordPackages/ocds-h6vhtk-038750
RENK Group AG,Germany,check,Expired,Offshore Renewable Energy Catapult,15MW Drive Train Test Facility Upgrade - ORE/22/100,Contract,1,1,,tender,GBP,,2025-07-31,lot,,2025-02-05,2025-02-12,works,RENK Test Systems GmbH,ocds-h6vhtk-037ef4,https://www.find-tender.service.gov.uk/Notice/004774-2025,https://www.find-tender.service.gov.uk/api/1.0/ocdsRecordPackages/ocds-h6vhtk-037ef4
RTX Corp,USA,name,Expired,Ministry of Defence,AWE Urban: Sustain and Protect,Framework / multi-supplier,27,1,1.0,contract,GBP,,2023-03-31,lot,,2022-06-14,2022-10-27,services,Raytheon Systems Limited,ocds-h6vhtk-030344,https://www.find-tender.service.gov.uk/Notice/030422-2022,https://www.find-tender.service.gov.uk/api/1.0/ocdsRecordPackages/ocds-h6vhtk-030344
RTX Corp,USA,name,Expired,Ministry of Defence,Army Collective Training Service (ACTS),Contract,1,1,12000000.0,contract,GBP,,2025-08-10,estimated (start + duration),,2025-02-11,2025-03-07,services,Raytheon Systems Limited,ocds-h6vhtk-03ec80,https://www.find-tender.service.gov.uk/Notice/008419-2025,https://www.find-tender.service.gov.uk/api/1.0/ocdsRecordPackages/ocds-h6vhtk-03ec80
RTX Corp,USA,name,Expired,Ministry of Defence,Ground segment software solutions (core plus adaptations),Framework / multi-supplier,1,1,50000.0,contract,GBP,,2025-12-19,estimated (start + duration),,2023-01-04,2023-02-02,goods,Raytheon Systems Ltd,ocds-h6vhtk-035558,https://www.find-tender.service.gov.uk/Notice/003267-2023,https://www.find-tender.service.gov.uk/api/1.0/ocdsRecordPackages/ocds-h6vhtk-035558
RTX Corp,USA,name,Expired,UK Space Agency,NSpOC Orbital Analyst Laptop Support,Contract,1,1,20068.23,contract,GBP,2026-02-17,2026-03-31,contract,,2026-02-17,2026-02-18,,RAYTHEON SYSTEMS LIMITED,ocds-h6vhtk-06569b,https://www.find-tender.service.gov.uk/api/1.0/ocdsRecordPackages/ocds-h6vhtk-06569b,https://www.find-tender.service.gov.uk/api/1.0/ocdsRecordPackages/ocds-h6vhtk-06569b
RTX Corp,USA,name,Expired,Ministry of Defence,ACTS Early Works and Risk Reduction,Contract,1,1,4910000.0,contract,GBP,2026-02-23,2026-07-01,contract,,2026-02-23,2026-03-25,,Raytheon Systems Limited,ocds-h6vhtk-064e4a,https://www.find-tender.service.gov.uk/api/1.0/ocdsRecordPackages/ocds-h6vhtk-064e4a,https://www.find-tender.service.gov.uk/api/1.0/ocdsRecordPackages/ocds-h6vhtk-064e4a
Rheinmetall AG,Germany,name,Expired,Ministry of Defence,AWE Urban: Sustain and Protect,Framework / multi-supplier,27,1,1.0,contract,GBP,,2023-03-31,lot,,2022-06-14,2022-10-27,services,Rheinmetall Defence UK Limited,ocds-h6vhtk-030344,https://www.find-tender.service.gov.uk/Notice/030422-2022,https://www.find-tender.service.gov.uk/api/1.0/ocdsRecordPackages/ocds-h6vhtk-030344
Rheinmetall AG,Germany,name,Expired,Ministry of Defence,708339450 - Warrior Rear Safety Camera System- Contract Award Notice FTS,Contract,1,1,21263289.88,contract,GBP,,2025-10-05,estimated (start + duration),,2023-10-06,2023-11-03,goods,Rheinmetall Electronics UK Limited,ocds-h6vhtk-03dde5,https://www.find-tender.service.gov.uk/Notice/032649-2023,https://www.find-tender.service.gov.uk/api/1.0/ocdsRecordPackages/ocds-h6vhtk-03dde5
Rolls-Royce Holdings plc,UK,name,Expired,United Kingdom Atomic Energy Authority,STEP Manufacture Support Services Framework,Framework / multi-supplier,1,1,3500000.0,contract,GBP,2021-11-15,2024-03-31,lot,,2022-01-25,2022-04-29,services,Rolls-Royce Submarines Ltd,ocds-h6vhtk-02dbfa,https://www.find-tender.service.gov.uk/Notice/011063-2022,https://www.find-tender.service.gov.uk/api/1.0/ocdsRecordPackages/ocds-h6vhtk-02dbfa
Rolls-Royce Holdings plc,UK,name,Expired,Ministry of Defence,,Contract,1,1,2800000.0,contract,GBP,,2025-10-25,estimated (start + duration),,2024-10-25,2025-07-11,goods,Rolls Royce,ocds-h6vhtk-055dc6,https://www.find-tender.service.gov.uk/Notice/039333-2025,https://www.find-tender.service.gov.uk/api/1.0/ocdsRecordPackages/ocds-h6vhtk-055dc6
thyssenkrupp AG,Germany,name,Expired,Belfast City Council,MTC for repairs & maintenance of lift installations at Council properties,Contract,1,1,69000.0,contract,GBP,,2025-12-17,estimated (start + duration),,2022-01-07,2022-01-07,goods,ThyssenKrupp Elevators Ltd,ocds-h6vhtk-02da4c,https://www.find-tender.service.gov.uk/Notice/000572-2022,https://www.find-tender.service.gov.uk/api/1.0/ocdsRecordPackages/ocds-h6vhtk-02da4c
International Business Machines Corp,USA,name,Terminated,Home Office,Protective Monitoring Transition and Exit,Contract,1,1,337664.64,contract,GBP,2026-01-13,2026-05-30,contract,,2026-01-13,2026-06-11,,IBM UK Ltd,ocds-h6vhtk-05f22c,https://www.find-tender.service.gov.uk/api/1.0/ocdsRecordPackages/ocds-h6vhtk-05f22c,https://www.find-tender.service.gov.uk/api/1.0/ocdsRecordPackages/ocds-h6vhtk-05f22c
International Business Machines Corp,USA,name,Terminated,UK Research & Innovation,UKRI-4981 Software Subscription and Support Renewal,Contract,1,1,166930.48,contract,GBP,2025-06-05,2026-06-02,contract,,2025-06-04,2026-07-15,,IBM United Kingdom Ltd,ocds-h6vhtk-05187f,https://www.find-tender.service.gov.uk/api/1.0/ocdsRecordPackages/ocds-h6vhtk-05187f,https://www.find-tender.service.gov.uk/api/1.0/ocdsRecordPackages/ocds-h6vhtk-05187f
